keyword,wide,exact
автоматизация звука р,16634,4099
автоматизация звука л,11761,3221
чистоговорки,27387,2475
автоматизация звука ш,8123,2137
ш автоматизация звука,7890,2108
автоматизация звука с,8376,1546
постановка звука р,6212,973
ж автоматизация звука,3188,820
автоматизация звука ж,3040,789
автоматизация звука рь,2746,628
рь автоматизация звука,2593,593
автоматизация звука ч,1853,564
постановка звука ш,2383,561
ч автоматизация звука,1946,557
постановка звука с,4187,514
автоматизация звука з,2030,511
автоматизация звука ль,1877,493
ль автоматизация звука,1802,483
звук р,63926,478
р звук,63752,478
постановка звука л,2540,471
автоматизация звука в,21285,455
рабочий лист,399112,455
дифференциация звуков с ш,2228,417
дифференциация звуков ш с,2228,417
инфоурок рабочие листы,4534,413
рабочие листы инфоурок,4534,413
с ш дифференциация звуков,2192,408
автоматизация звука ц,1483,363
чистоговорки на р,1396,356
чистоговорки для детей,2759,337
автоматизация звука к,1565,330
рабочие листы,398063,310
автоматизация звук р,16634,300
дифференциация звуков р л,1073,298
дифференциация звуков л р,1073,298
звук р автоматизация,16318,296
игры логопедические,9231,295
логопедические игры,9274,293
логопедические игры онлайн,588,246
автоматизация звука щ,1031,243
игры логопедические онлайн,596,242
щ автоматизация звука,997,235
автоматизация звук л,11761,229
звук л автоматизация,11484,217
автоматизация звука т,1116,211
дифференциация звуков,12857,211
чистоговорки на л,971,206
логопедические задания,10746,204
автоматизация звук ш,8123,196
постановка звука к,1551,195
звук ш автоматизация,7958,193
чистоговорки на ш,978,191
автоматизация звука д,876,181
автоматизация звука,69303,179
постановка звука ч,503,179
постановка звука ц,477,178
автоматизация звука х,515,162
автоматизация звук с,8376,155
дифференциация звуков з ж,664,149
дифференциация звуков ж з,664,149
звук с автоматизация,8177,147
чистоговорки на с,1059,139
автоматизация звука н,616,138
постановка звука ж,593,138
постановка ж звука,593,138
постановка звука з,507,135
артикуляция звука р,435,129
чистоговорки л,2169,128
л чистоговорки,2169,128
автоматизация звука г,536,127
чистоговорки про осень,240,126
постановка звука т,797,125
инфоурок рабочий лист,4534,123
рабочий лист инфоурок,4534,123
начинающий логопед с чего начать индивидуальные занятия,122,122
звук л чистоговорки,1362,121
звук р чистоговорки,1743,120
чистоговорки звук л,1312,120
чистоговорки звук р,1698,114
р чистоговорки,2873,112
чистоговорки р,2873,112
автоматизация звука сь,348,107
сь автоматизация звука,356,107
постановка звука д,790,105
автоматизация звука б,337,101
постановка звука в,7908,101
недоросль рабочий лист,636,100
чистоговорки 1 класс,527,98
постановка звука щ,278,98
в постановка звука,7776,98
автоматизация звуков,69304,97
звук р постановка,6295,96
былины рабочий лист,4999,96
постановка звуков,33047,94
рабочий лист это,2810,93
комарова звук р,337,92
постановка звук р,6212,92
автоматизация звука др,841,91
др автоматизация звука,830,90
автоматизация звука ф,396,89
с з дифференциация звуков,1480,87
логопедический тренажер,1313,80
тренажер логопедический,1313,80
ш чистоговорки,2054,80
чистоговорки ш,2054,80
чистоговорки звук ш,1080,80
звук ш чистоговорки,1097,80
б п дифференциация звуков,268,80
автоматизация звука м,484,79
чистоговорки для малышей,252,79
автоматизация шипящих звуков,357,78
звуки в словах,285869,77
постановка звука рь,321,76
дифференциация звуков л ль,434,75
дифференциация звуков ль л,434,75
логопедические задания домашние,4092,74
теремкова логопедические домашние задания,1596,74
логопедические домашние задания теремкова,1596,74
автоматизация звука вь,289,73
л ль дифференциация звуков,426,73
автоматизация звук ч,1853,68
чистоговорки на звук,3768,67
чистоговорки звук с,1213,67
звук р скороговорки,1309,66
скороговорки звук р,1293,66
чистоговорки на ж,373,66
звук с чистоговорки,1213,66
автоматизация звука ы,163,64
осень чистоговорки,444,63
чистоговорки осень,444,63
фольклор рабочий лист,3780,63
дифференциация звуков с з,820,63
дифференциация звуков з с,820,63
звук ж автоматизация,2997,62
автоматизация звук ж,3040,62
чистоговорки с ш,482,62
с ш чистоговорки,482,62
чистоговорки ш с,482,62
дифференциация звуков л в,465,62
дифференциация звуков в л,465,62
звук ч автоматизация,1816,61
автоматизация звуков коноваленко,440,61
рабочие листы воркшитс,83,61
постановка звука ль,303,61
ль постановка звука,303,61
коноваленко автоматизация звуков,436,60
автоматизация звук к,1565,60
воркшитс рабочие листы,83,60
дифференциация звуков б п,265,60
дифференциация звуков п б,265,60
л в дифференциация звуков,453,60
звук л постановка,2566,60
постановка звук л,2540,60
домашние логопедические задания,3301,59
создать рабочий лист,2269,59
постановка звука,33048,59
т д дифференциация звуков,369,58
звук к автоматизация,1547,57
ть автоматизация звука,224,57
логопедические домашние задания,3373,57
чистоговорки для взрослых,402,55
дифференциация звука с ш,2228,55
дифференциация звуков ш ж,546,55
дифференциация звуков ж ш,546,55
ж ш дифференциация звуков,546,55
дифференциация звука ш с,2228,55
ч ть дифференциация звуков,198,55
звук рь автоматизация,2668,54
автоматизация звука ть,225,54
автоматизация звук з,2030,53
конструктор рабочих листов,1075,53
звук з автоматизация,1974,52
звук ль автоматизация,1827,50
генератор рабочих листов,199,50
рабочий лист агрегата,429,50
дифференциация звуков д т,320,50
дифференциация звуков т д,320,50
звуки в слове,285865,49
дифференциация звуков к т,301,49
дифференциация звуков ч ть,174,49
дифференциация звуков ть ч,174,49
дифференциация звуков т к,301,49
р какой звук,1808,48
р звук какой,1808,48
дифференциация звуков р рь,395,47
к т дифференциация звуков,331,47
постановка звука й,100,47
игра логопедическая,9231,46
логопедическая игра,9274,46
автоматизация звук ц,1483,44
автоматизация звука зь,183,44
автоматизация звук в,21285,44
чистоговорки с р,187,44
последовательность постановки звуков,345,44
пишем вместе с логопедом косинова рабочая тетрадь,54,43
рабочая тетрадь косинова пишем вместе с логопедом,54,43
автоматизация свистящих звуков,303,43
звук р какой,1743,43
какой звук р,1743,43
слоговые дорожки,277,43
косинова пишем вместе с логопедом рабочая тетрадь,53,42
звук ц автоматизация,1465,42
звук в автоматизация,20849,42
автоматизация звука п,245,42
чистоговорки на ч,198,42
постановка звука б,449,42
тетрадь логопедических заданий бардышева,526,41
характеристика звука р,212,41
азова звук р,243,41
проценты рабочий лист,565,41
тетрадь логопедических заданий,1015,40
звук р вордвол,163,40
вордвол звук р,163,40
звуки слов,398785,40
постановка звука х,180,40
поставить звук р,2789,39
логопед звук р,1908,39
р звук логопед,1908,39
звук р поставить,2799,39
косинова пишем вместе с логопедом скачать бесплатно распечатать,39,39
бардышева тетрадь логопедических заданий,490,38
звук р логопедия,422,38
звук р жихарева,372,38
звук р логопед,1897,38
жихарева звук р,372,38
осенние чистоговорки,70,38
чистоговорки осенние,70,38
загадки рабочий лист,1272,38
создание рабочих листов,1656,38
дифференциация звуков это,202,38
постановка звука г,626,38
автоматизация звука й,119,37
отработка звука р,283,37
чистоговорки поем,47,37
чистоговорки 2 класс,171,37
рабочий лист профессии,1683,37
ставим звук р,519,36
с чистоговорки,3070,36
чистоговорки с,3070,36
чистоговорки на ль,142,36
ров рабочие листы,3131,36
постановка звука ф,291,36
календарное планирование индивидуальных занятий учителя логопеда в доу,47,35
комарова автоматизация звука,995,35
интерактивные игры логопедические,199,35
интерактивные логопедические игры,199,35
постановка звука ы,122,35
картинки звук р,1535,34
звук р картинки,1535,34
слова звук л,7420,34
синоним слова звук,2184,34
звук л слова,7196,34
поем чистоговорки,45,34
чистоговорки на в,434,34
город детства чистоговорки,49,34
чистоговорки город детства,49,34
рабочий лист причастие,1081,34
логопедические интерактивные игры,205,34
звук с постановка,4118,34
задания звук р,2927,33
р звук задания,2968,33
звук р задания,2927,33
слова со звуком,18057,33
чистоговорки на рь,141,33
звук ж чистоговорки,468,33
математика рабочие листы,19558,33
рабочие листы математика,19558,33
постановка звук с,4187,33
автоматизация звука комарова,997,32
логопедические задания для детей,4386,32
задания для детей логопедические,4275,32
обращение рабочий лист,883,32
текст рабочий лист,15979,32
г к дифференциация звуков,228,32
индивидуальные занятия с логопедом,1240,31
звук р wordwall,108,31
логопедия звук р,413,31
wordwall звук р,108,31
чистоговорки про лето,55,31
игры логопедические распечатать,112,31
постановка звуков шипящих,315,31
постановка шипящих звуков,315,31
дифференциация звуков г к,196,30
дифференциация звуков к г,196,30
распечатать логопедические игры,110,30
логопедические игры распечатать,110,30
постановка звука н,188,30
логопедические задания для взрослых,102,29
презентация звук р,920,29
звук р презентация,925,29
звук р вк,180,29
чистоговорки звук ж,449,29
дифференциация звуков в ф,156,29
дифференциация звуков ф в,156,29
журнал учета индивидуальных занятий логопеда в доу,45,28
звук р слова,7153,28
звуки слов аудиокниги,57,28
чистоговорки на з,348,28
причастие рабочий лист,854,28
профессии рабочий лист,1384,28
с ц дифференциация звуков,262,28
постановка звук ш,2383,28
домашние задания логопеда,2259,27
слова звук р,7233,27
чистоговорки рь,445,27
рь чистоговорки,445,27
осень рабочий лист,1062,27
дифференциация звуков с ц,261,27
дифференциация звуков ц с,261,27
автоматизация звук х,515,26
вк звук р,174,26
чистоговорки со звуком,1830,26
чистоговорки в картинках,247,26
рабочий лист ударение,2632,26
слоги рабочий лист,5757,26
постановка звука м,119,26
автоматизация звук щ,1031,25
звук х автоматизация,502,25
автоматизация кь звука,136,25
звук р гимнастика,5251,25
гимнастика звук р,5251,25
дифференциация звука р,1543,25
чистоговорки с л,95,25
чистоговорки звук рь,244,25
ударение рабочий лист,2497,25
рабочие листы хассп,211,25
хассп рабочие листы,211,25
дифференциация звуков что такое,65,25
ц с дифференциация звуков,276,25
звук ш постановка,2384,25
тетрадь для индивидуальных занятий логопеда,70,24
звук щ автоматизация,1007,24
звук автоматизация х,584,24
артикуляция звук р,435,24
стихи звук р,1406,24
звук р стихи,1434,24
картинки для логопеда детского сада распечатать,24,24
дифференциация звука р л,1073,24
дифференциация звука л р,1073,24
порядок постановки звуков,170,24
автоматизация йотированных звуков,50,23
автоматизация звуков йотированных,50,23
задания логопедические 1 класс,275,23
звук в слова,285887,23
чистоговорки ль,380,23
ль чистоговорки,380,23
автоматизация р чистоговорки,550,23
интерактивный рабочий лист,641,23
автоматизация звуков комарова,997,22
тр автоматизация звука,571,22
грассирующий звук р,33,22
норкина звук р,316,22
звук р артикуляция,428,22
увулярный звук р,88,22
слова в звук,302981,22
слова звук в,302981,22
ж чистоговорки,863,22
чистоговорки ж,841,22
рабочие листы worksheets,149,22
орксэ рабочий лист,4124,22
worksheets рабочие листы,149,22
дифференциация звуков ч щ,178,22
дифференциация звуков щ ч,178,22
смирнова звук р,216,21
одноударный звук р,233,21
звук р норкина,324,21
звук р одноударный,233,21
звук р увулярный,88,21
звук ш слова,4559,21
звуки слова,398808,21
ш звук слова,6597,21
видео чистоговорки,110,21
чистоговорки видео,110,21
чистоговорки на ц,159,21
домик звуков для логопеда распечатать,21,21
рабочий лист орксэ,3698,21
что такое дифференциация звуков,65,21
ч щ дифференциация звуков,177,21
домашнее задание логопеда автоматизация звука л,25,20
школа для дошколят тренажер логопедический,57,20
тренажер логопедический школа для дошколят,57,20
логопедический тренажер школа для дошколят,57,20
комарова автоматизация звуков,995,20
богомолова автоматизация звуков,59,20
нь автоматизация звука,80,20
автоматизация звуков богомолова,59,20
логопедические задания буква а,47,20
слова звуки,422419,20
слова с звук,44972,20
звуки слова нес,4959,20
звук с слова,42042,20
слова звук с,44972,20
с звук слова,44972,20
чистоговорки детские,812,20
скороговорки и чистоговорки,453,20
чистоговорки тр др,66,20
чистоговорки и скороговорки,453,20
чистоговорки др тр,66,20
тр др чистоговорки,65,20
былина рабочий лист,2448,20
лето рабочий лист,2665,20
звук ч постановка,495,20
постановка звук ч,503,20
дифференциация с ш домашнее задание логопеда,22,19
автоматизация звука фь,45,19
автоматизация звука тр,570,19
логопедические задания бардышева,1548,19
задания логопедические 4 класс,152,19
р горловой звук,817,19
цветняшки чистоговорки,46,19
детские чистоговорки,800,19
чистоговорки на а,111,19
чистоговорки на шипящие,89,19
деепричастие рабочий лист,133,19
рабочий лист бактерии,1284,19
рабочий лист падежи,559,19
падежи рабочий лист,559,19
рабочий лист хассп,211,19
рабочие листы профессии,1573,19
хассп рабочий лист,211,19
значение дифференциации звуков,25,19
этапы постановки звуков,555,19
для логопеда материал дидактический,204,18
дидактический материал для логопеда,204,18
план индивидуальных занятий логопеда в доу,75,18
мь автоматизация звука,69,18
бардышева логопедические задания,1453,18
логопедические задания для дошкольников,156,18
задания для дошкольников логопедические,154,18
звук р изолированно,211,18
изолированно звук р,208,18
изолированный звук р,230,18
звук изолированно р,208,18
слово по звукам,41430,18
слова и звуки,133000,18
слова звук ш,4805,18
по звукам слово,41430,18
чистоговорки на т,142,18
чистоговорки про школу,42,18
автоматизация л чистоговорки,426,18
звук ч чистоговорки,191,18
рки рабочие листы,214,18
рабочие листы рки,214,18
рабочий лист интерактивный,661,18
рабочий интерактивный лист,661,18
дифференциация звуков сь щ,67,18
дифференциация звуков щ сь,67,18
тетрадь для домашних заданий логопеда,92,17
тетрадь логопеда для домашних заданий,92,17
автоматизация звук н,616,17
автоматизация звука кь,104,17
кь автоматизация звука,113,17
логопедические задания 1 класс,175,17
1 класс логопедические задания,172,17
задания логопедические для дошкольников,183,17
мемори звук р,49,17
звук р л,4488,17
звук л р,4488,17
р звук буква,3837,17
звуки без слов,6028,17
стихи чистоговорки,446,17
сложные чистоговорки,72,17
чистоговорки стихи,446,17
чистоговорки сложные,72,17
чистоговорки на п,87,17
чистоговорки звук в,1433,17
звук в чистоговорки,1464,17
рабочий лист семья,2015,17
семья рабочий лист,2015,17
рабочий лист пдд,405,17
рабочий лист репка,86,17
пдд рабочий лист,371,17
дифференциация звуков рь ль,153,17
дифференциация звуков ль рь,153,17
скачать логопедические игры,519,17
скачать игры логопедические,519,17
логопедические игры скачать,519,17
логопед постановка звуков,3002,17
постановка звуков логопед,3002,17
постановка звука вь,24,17
постановка звука сь,78,17
постановка сь звука,78,17
карточки для автоматизации звуков для логопедов,34,16
логопедический тренажер аэробол,50,16
индивидуальные занятия в доу логопеда,567,16
журнал индивидуальных занятий учителя логопеда с детьми,28,16
автоматизация звука я,90,16
звук н автоматизация,608,16
логопедические задания 4 класс,104,16
горловой звук р,790,16
проторный звук р,102,16
профиль звука р,107,16
звук р горловой,790,16
звук р буква,3693,16
профиль р звука,107,16
р проторный звук,102,16
звук р проторный,98,16
чистоговорки цель,165,16
цель чистоговорки,165,16
чистоговорки р логопедические,99,16
рабочий лист глагол,1813,16
началочка рабочие листы,227,16
рабочий лист компьютер,961,16
дифференциация звуков с сь,115,16
дифференциация звуков ль й,124,16
дифференциация звуков ц ч,98,16
дифференциация звуков ч ц,98,16
дифференциация звуков й ль,124,16
дифференциация звуков сь с,115,16
й ль дифференциация звуков,124,16
игра логопедическая онлайн,596,16
онлайн игра логопедическая,588,16
дидактические логопедические игры,269,16
логопедическая игра онлайн,588,16
логопедические дидактические игры,267,16
игры скачать логопедические,519,16
онлайн логопедическая игра,588,16
игры логопедические скачать,519,16
дидактические игры логопедические,269,16
логопедическая онлайн игра,588,16
логопедические игры дидактические,267,16
звук к постановка,1540,16
постановка свистящих звуков,210,16
постановка звуков свистящих,210,16
картотека домашних заданий логопеда по звукопроизношению,15,15
картотека логопеда нищева,75,15
аэробол тренажер логопедический,44,15
тренажер аэробол логопедический,40,15
тренажер логопедический 6 7 лет школа для дошколят,30,15
школа для дошколят тренажер логопедический 6 7 лет,30,15
индивидуальные логопед занятия,2910,15
индивидуальные занятия логопед,2910,15
тетрадь логопеда для индивидуальных занятий,55,15
время индивидуальных занятий логопеда по санпину,22,15
журнал индивидуальных занятий учителя логопеда с детьми скачать,16,15
автоматизация звука это,151,15
д звук автоматизация,958,15
гь автоматизация звука,60,15
моносова бардышева логопедические задания,1306,15
р мягкий звук,1145,15
звуки р,63926,15
р звуки,69745,15
мягкий звук р,1145,15
р звук мягкий,1145,15
транскрипция слова звук,5593,15
звуки и слова,123377,15
звуки животных словами,894,15
чистоговорки картинка,487,15
картинка чистоговорки,483,15
чистоговорки звук ч,187,15
чистоговорки ж ш,291,15
чистоговорки ш ж,291,15
профессии рабочие листы,886,15
русалочка рабочий лист,36,15
рабочий лист русалочка,36,15
рабочие листы азбука,2013,15
рабочие листы интерактивные,670,15
дифференциация звука с,3746,15
игры на дифференциацию звуков,353,15
дифференциация звуков м н,107,15
сь щ дифференциация звуков,66,15
дифференциация звуков н м,107,15
игра онлайн логопедическая,626,15
звук рь постановка,327,15
способы постановки звуков,811,15
постановка звука р домашнее задание логопеда,23,14
автоматизация звука л домашнее задание логопеда,16,14
индивидуальные занятия логопеда в доу,402,14
журнал логопеда для индивидуальных занятий,33,14
программа индивидуальных занятий логопеда в школе,28,14
рабочая тетрадь логопеда,597,14
рабочая тетрадь логопеда для дошкольников,32,14
автоматизация звука мь,73,14
автоматизация звука нь,71,14
автоматизация звук д,876,14
автоматизация звуков р,16634,14
звук д автоматизация,857,14
автоматизация р звуков,16107,14
автоматизация звук ть,225,14
звук р раскраска,207,14
звук р мягкий,1126,14
коноваленко звук р,213,14
звук р коноваленко,213,14
звук мягкий р,1126,14
щ чистоговорки,224,14
логопедические чистоговорки,526,14
чистоговорки щ,224,14
чистоговорки логопедические,526,14
чистоговорки 5 лет,636,14
чистоговорки на б,81,14
чистоговорки на м,79,14
чистоговорки звук з,391,14
звук з чистоговорки,389,14
рабочие листы буквы,4925,14
глагол рабочий лист,1660,14
история рабочий лист,16205,14
шаблон рабочего листа,728,14
этап дифференциации смешиваемых звуков,47,14
дифференциация звуков х к,51,14
дифференциация звуков г д,67,14
дифференциация звуков д г,67,14
дифференциация звуков к х,51,14
ц ч дифференциация звуков,116,14
автоматизация звуков дифференциация звуков,1171,14
дифференциация звуков и автоматизация,1033,14
логопедические игры настольные,147,14
логопедические настольные игры,147,14
настольные логопедические игры,147,14
настольные игры логопедические,147,14
постановка звук ж,593,14
этапы постановки звука,555,14
ж звук постановка,695,14
карточки на автоматизацию звуков,124,13
дыхательный тренажер для детей логопедический,46,13
дельфа 142 логопедический тренажер скачать бесплатно,15,13
логопедический тренажер дельфа 142 скачать бесплатно,15,13
логопед индивидуальные занятия,2940,13
логопед занятия индивидуальные,2940,13
расписание индивидуальных занятий логопеда в доу,22,13
что делает логопед на индивидуальных занятиях,20,13
что логопед делает на индивидуальных занятиях,20,13
что делает логопед на занятиях индивидуальных,20,13
логопед что делает на занятиях индивидуальных,20,13
автоматизация звуков картинки,2355,13
картинки автоматизация звуков,2284,13
фь автоматизация звука,51,13
игры звук р,1323,13
звук буква р,2614,13
звук р игры,1323,13
буква р звук,2540,13
парный звук р,473,13
тренировка звука р,69,13
раскраска звук р,201,13
авторизация звука р,22,13
р парный звук,473,13
буква звук р,2540,13
парный р звук,473,13
р звук парный,473,13
синоним слову звук,2184,13
звуки слова чайник,544,13
чистоговорки др,123,13
ц чистоговорки,307,13
чистоговорки ц,307,13
чистоговорки для дикции,268,13
чистоговорки с картинками,186,13
что такое чистоговорки,63,13
слоговой паровозик пособие для логопеда распечатать,13,13
буквы рабочие листы,4671,13
рабочий лист история,18136,13
рабочий лист знакомство,1891,13
прописи рабочие листы,677,13
прокси листы рабочие,27,13
шаблоны рабочих листов,728,13
чайковский рабочий лист,85,13
рабочие прокси листы,27,13
оформление рабочих листов,912,13
дифференциация звука л,1759,13
автоматизация и дифференциация звуков,898,13
задания на дифференциацию звуков,280,13
дифференциация звуков ф х,44,13
дифференциация звуков щ ш,126,13
дифференциация звуков ш щ,126,13
дифференциация звуков х ф,44,13
дифференциация и автоматизация звуков,930,13
постановка звука п,144,13
постановка звук к,1551,13
звук ж постановка,584,13
звук постановка ж,584,13
постановка п звука,144,13
звук с домашнее задание логопеда,73,12
домашнее задание логопеда звук с,73,12
тренажер логопедический 6 7 лет подготовка к школе,23,12
автоматизации звуков л,11761,12
звук м автоматизация,474,12
звук ть автоматизация,219,12
ть звук автоматизация,220,12
буква а логопедические задания,26,12
один много логопедические задания,24,12
логопедические задания звук л,93,12
4 класс логопедические задания,93,12
автомат звука р,34,12
активизация звука р,16,12
видео звук р,1014,12
звук р видео,1014,12
слова звук,422419,12
звук транскрипция слова,5023,12
чистоговорки для дошкольников,1148,12
чистоговорки на к,125,12
чистоговорки на щ,104,12
чистоговорки о школе,15,12
распечатать материал для логопеда,21,12
рабочий лист насекомые,89,12
создать рабочие листы,3893,12
рабочие листы биология,3665,12
рабочие листы создать,3893,12
рабочий лист игрушки,222,12
рабочие листы каллиграфия,258,12
насекомые рабочий лист,85,12
дифференциация звука к т,301,12
дифференциация звуков ц ть,39,12
дифференциация звука ш ж,546,12
дифференциация звуков щ с,55,12
дифференциация звука ж ш,546,12
дифференциация звуков с щ,55,12
м н дифференциация звуков,111,12
дифференциация звука т к,301,12
звук ль постановка,309,12
постановка звука е,101,12
логопедия постановка звуков,694,12
постановка звука и,3040,12
постановка звуков логопедия,694,12
карточки на автоматизацию звука л,19,11
логопедические карточки для автоматизации звуков,52,11
логопед дома домашние задания,51,11
домашнее задание логопеда,2259,11
домашние задания логопеда средняя группа,96,11
индивидуальные занятия логопеда,2910,11
занятия логопеда индивидуальные,2910,11
занятия с логопедом в саду индивидуальные детском,58,11
рабочая тетрадь логопеда 1 класс,40,11
логопедические карточки скачать бесплатно и распечатать,11,11
звук автоматизация,67993,11
автоматизация звук,69303,11
звук вь автоматизация,282,11
дра автоматизация звука,124,11
автоматизация звука дра,124,11
автоматизация вь звук,289,11
вь звук автоматизация,282,11
логопедическое домашнее задание,3373,11
логопедические задания скачать,1239,11
скачать логопедические задания,1239,11
логопедические задания 5 лет,2678,11
звук л логопедические задания,91,11
звук л задания логопедические,97,11
звук р звонкий,605,11
звук р словосочетания,515,11
звук р картинка,1535,11
закрепление звука р,202,11
картинка звук р,1535,11
словосочетания звук р,508,11
р звонкий звук,636,11
звонкий звук р,605,11
запуск р звука,50,11
р звук звонкий,636,11
р глухой звук,599,11
слова звук ч,3618,11
звук слово,398803,11
звук ч слова,3382,11
скороговорки чистоговорки,765,11
чистоговорки скороговорки,765,11
чистоговорки 4 года,574,11
чистоговорки с з,265,11
чистоговорки средняя группа,143,11
чистоговорки 4 класс,87,11
чистоговорки на н,71,11
чистоговорки с ч,36,11
рабочий лист прилагательное,1907,11
математика рабочий лист,19563,11
сделать рабочий лист,2727,11
рабочий лист математика,19563,11
прилагательное рабочий лист,1896,11
шаблон рабочий лист,841,11
рабочий лист шаблон,849,11
рабочий лист алфавит,590,11
рабочий лист дроби,1541,11
дифференциация звука,12857,11
дифференциация звуков кь ть,16,11
дифференциация звука ж з,664,11
дифференциация звуков и ы,60,11
дифференциация звука з ж,664,11
дифференциация звуков ы и,60,11
логопедические игры купить,190,11
игры логопедические купить,197,11
купить игры логопедические,190,11
купить логопедические игры,190,11
игры настольные логопедические,151,11
игры логопедические настольные,151,11
постановка звуков последовательность,345,11
дидактический материал логопеда,355,10
для логопеда материал дидактический скачать бесплатно,18,10
в помощь логопеду коррекция звукопроизношения у детей дидактические материалы,11,10
картотека логопеда,485,10
логопедические тренажеры для детей,109,10
логопедический тренажер для коррекции устной и письменной речи,13,10
тренажер логопедический для коррекции устной и письменной речи,13,10
автоматизация звука пь,50,10
автоматизация звук м,484,10
автоматизация звука гь,38,10
звук сь автоматизация,360,10
автоматизации звука р,16634,10
этапы автоматизации звука,411,10
автоматизация звука стихи,2559,10
автоматизация звуков это,151,10
звуки р автоматизация,16318,10
стихи автоматизация звука,2485,10
домашнее задание логопедическое,3301,10
логопедические задания теремкова,1670,10
домашнее логопедическое задание,3301,10
теремкова логопедические задания,1670,10
задания логопедические 2 класс,224,10
звук р парный,443,10
велярный звук р,56,10
глухой звук р,572,10
картотека звук р,191,10
стих звук р,1406,10
звук р глухой,572,10
звук р лынская,37,10
звук р картотека,191,10
слова звуки урбана,28,10
слова обозначающие звуки,43776,10
звуки урбана слова,27,10
звуки слова снег,2135,10
звук слова,398808,10
звук без слов,6028,10
определение слова звук,1710,10
слово звук,422413,10
код звуки слова,5553,10
чистоговорки сборник,40,10
др чистоговорки,111,10
сборник чистоговорки,44,10
чистоговорки читать,41,10
чистоговорки з,674,10
читать чистоговорки,41,10
чистоговорки ю,38,10
чистоговорки пиктограммы,14,10
пиктограммы чистоговорки,15,10
чистоговорки старшая группа,151,10
чистоговорки книга скачать,16,10
чистоговорки л р,158,10
чистоговорки р л,158,10
слоговые дорожки для дошкольников,14,10
интерактивные рабочие листы,641,10
чтение рабочий лист,21568,10
айпи листы рабочие,19,10
рабочие листы английский,6972,10
рабочий лист литература,9725,10
школа рабочий лист,26301,10
дроби рабочий лист,1951,10
рабочий лист школа,26301,10
россия рабочий лист,47168,10
рабочие интерактивные листы,630,10
рабочие айпи листы,19,10
дифференциация звука з,1399,10
звуки с ш дифференциация,2228,10
дифференциация звука с з,820,10
дифференциация звуки с ш,2228,10
дифференциация звука з с,820,10
звуки ш с дифференциация,2228,10
с ш звуки дифференциация,2192,10
логопед задания,6328,10
задания школьного логопеда,37,10
нищева задания логопеда воспитателям,28,10
задания логопед 1 класс,191,10
постановка звук ль,303,10
автоматизация звука с домашнее задание логопеда,14,9
автоматизация звука ш домашнее задание логопеда,13,9
дидактический материал для логопеда скачать бесплатно,13,9
дидактические материалы для логопеда своими руками,10,9
скачать бесплатно дидактический материал для логопеда,12,9
дидактические материалы логопеда,355,9
бесплатно скачать дидактический материал для логопеда,13,9
картотеки логопеда,485,9
логопедические тренажеры,1313,9
дэльфа логопедический тренажер,177,9
тренажеры логопедические,1313,9
календарный план индивидуальных занятий логопеда,33,9
календарный план логопеда индивидуальных занятий,33,9
тетрадь индивидуальных занятий логопеда с ребенком в доу,9,9
автоматизация звука о,140,9
звук т автоматизация,1099,9
автоматизация звук т,1116,9
логопедические задания осень,115,9
осень логопедические задания,115,9
логопедические задания после инсульта,16,9
задания логопедические 3 года,827,9
диагностика звука р,70,9
кроссворд звук р,59,9
улитка звук р,62,9
искажение звука р,49,9
звук р текст,1475,9
звук р стих,1434,9
звук р кроссворд,59,9
р звук глухой,770,9
диагностика р звука,70,9
звуки слова игра,2010,9
разбор слова звуки,25845,9
звуки разбор слова,23538,9
звук в слове,285865,9
синонимы слова звук,2184,9
слова на звук,49631,9
звуки слова код,5525,9
этимология слова звук,36,9
звук этимология слова,35,9
звук на слова,69213,9
на звук слова,49631,9
чистоговорки шипящие,132,9
ю чистоговорки,36,9
чистоговорки на свистящие,56,9
чистоговорки про фрукты,26,9
чистоговорки 5 класс,17,9
чистоговорки скачать бесплатно,71,9
чистоговорки дра тра,19,9
звук ль чистоговорки,228,9
чистоговорки звук ль,219,9
тактильные чистоговорки фалева,25,9
рабочие листы цифры,1597,9
клетка рабочий лист,1804,9
средневековье рабочий лист,2962,9
рабочий лист клетка,1500,9
uchinachalka рабочие листы,26,9
рабочий лист теремок,90,9
рабочий лист ревизор,66,9
рабочий лист солнце,1028,9
логопедические рабочие листы,89,9
грибы рабочий лист,301,9
ревизор рабочий лист,66,9
солнце рабочий лист,1045,9
наречие рабочий лист,994,9
теремок рабочий лист,93,9
рабочий лист наречие,1124,9
а рабочий лист,5181,9
цифры рабочие листы,1597,9
алфавит рабочий лист,761,9
звук ц постановка,481,9
постановка звука я,104,9
учебник постановка звуков,33,9
постановка звук ц,477,9
постановка звук щ,278,9
карточки для автоматизации звука р,25,8
картотеки логопеда доу нищева,48,8
нищева картотеки логопеда доу,49,8
тренажер логопедический онлайн,16,8
логопедический тренажер онлайн,16,8
логопедический онлайн тренажер,16,8
онлайн тренажер логопедический,16,8
онлайн логопедический тренажер,16,8
планирование индивидуальных занятий логопеда в доу,46,8
автоматизация звук г,536,8
звук г автоматизация,533,8
автоматизация звук ф,396,8
этапы автоматизации звуков,411,8
звук ф автоматизация,392,8
автоматизация звуков вк,414,8
вк автоматизация звуков,401,8
логопедические задания 6 класс,84,8
овощи фрукты задания логопедические,43,8
логопедические задания 2 класс,187,8
2 класс логопедические задания,179,8
6 класс логопедические задания,84,8
логопедические задания овощи фрукты,43,8
текст звук р,1459,8
звуки р л,4488,8
звуки л р,4488,8
тексты звук р,1459,8
звук р тексты,1475,8
презентации звук р,920,8
баскакина звук р,29,8
карточки звук р,213,8
лынская звук р,37,8
произносим звук р,740,8
звук р карточки,213,8
поймай звук р,32,8
тетрадь звук р,829,8
р л звуки,4491,8
л р звуки,4491,8
звуки слова снежки,462,8
звуки слово язык,22015,8
звук происхождение слова,308,8
звук рь слова,756,8
слово язык звуки,23817,8
запиши слова звуками,18927,8
слова звук рь,753,8
рь звук слова,753,8
происхождение слова звук,341,8
по звукам слова,60850,8
запиши звуками слова,18927,8
кот слова звуки,6361,8
слова кот звуки,6361,8
чистоговорки раскраски,28,8
чистоговорки это,84,8
чистоговорки музыкальные,35,8
чистоговорки в,3909,8
музыкальные чистоговорки,35,8
карточки чистоговорки,137,8
повтори чистоговорки,34,8
чистоговорки к,334,8
чистоговорки карточки,136,8
з чистоговорки,669,8
раскраски чистоговорки,28,8
автоматизация ш чистоговорки,258,8
чистоговорки д т,66,8
чистоговорки на тр,31,8
чистоговорки буква п,21,8
чистоговорки на ри,14,8
автоматизация с чистоговорки,256,8
фалева тактильные чистоговорки,18,8
буквы для логопеда распечатать,17,8
рабочий лист фонетика,427,8
рабочий лист планеты,4291,8
рабочий лист пушкин,1487,8
планеты рабочий лист,4166,8
seapik рабочие листы,9,8
английский рабочие листы,4623,8
шаблоны рабочие листы,841,8
рабочий лист спряжение,181,8
рабочий лист производная,463,8
дифференциация звука ц,405,8
дифференциация звуков м мь,33,8
логопедические игры словесные,32,8
задания логопеда,6238,8
логопеда задания,6328,8
осень задания логопеда,96,8
карточки автоматизация звуков,528,7
карточки автоматизация звука р,69,7
автоматизация звука ш карточки,43,7
автоматизация звука р карточки,67,7
автоматизация звуков карточки,528,7
карточки автоматизация звука ш,41,7
звук ш задание логопеда домашнее,86,7
автоматизация звука к домашнее задание логопеда,7,7
дидактический материал для логопеда в школе,12,7
наглядный и дидактический материал для кабинета учителя логопеда,9,7
автоматизация шипящих звуков у детей дидактический материал для логопедов,13,7
картотека индивидуальных занятий логопеда с детьми с онр,8,7
алексеева различаем звуки и буквы картотека заданий логопеда 1 4 класс скачать,7,7
купить логопедический тренажер,70,7
логопедический тренажер дэльфа,172,7
логопедический тренажер купить,70,7
дельфа тренажер логопедический,67,7
логопедический тренажер цена,13,7
дельфа логопедический тренажер,67,7
тренажер логопедический цена,13,7
логопедический тренажер видимая речь,13,7
тренажер логопедический купить,70,7
логопедический тренажер для коррекции письменной и устной речи,11,7
циклограмма логопеда индивидуальных занятий,14,7
циклограмма индивидуальных занятий логопеда,14,7
автоматизация гласных звуков,93,7
автоматизация звуков ж,3040,7
егорова автоматизация звуков,62,7
нищева автоматизация звуков,262,7
автоматизация звука и,5598,7
автоматизация сонорных звуков,149,7
автоматизация звука ри,11,7
автоматизация ж звуков,3195,7
пособие автоматизация звуков,537,7
а автоматизация звука,379,7
автоматизация звук сь,348,7
автоматизация звуков нищева,254,7
автоматизация звук ы,163,7
автоматизация звуков сонорных,149,7
автоматизация звуков егорова,61,7
интересные задания логопедические,68,7
логопедические задания 3 года,684,7
логопедические задания на внимание,14,7
бардышева моносова логопедические задания,1004,7
логопедические задания бардышева моносова,1073,7
звук р дорожка,126,7
звук р презентации,925,7
звук р рассказы,548,7
звук р упражнения,2281,7
нарушение звука р,272,7
упражнения звук р,2285,7
скороговорка звук р,1293,7
рассказы звук р,544,7
дорожка звук р,126,7
ткаченко звук р,73,7
гортанный звук р,32,7
спивак звук р,90,7
ходилка звук р,52,7
запуск звука р,30,7
звук р спивак,94,7
звук р скороговорка,1309,7
звук р ходилка,50,7
р произношение звука,1631,7
звук р тетрадь,844,7
звук р раскатистый,81,7
ткаченко р звук,73,7
слова со звуками,18058,7
звук з слова,3732,7
разбор слова звук,25845,7
звук разбор слова,23538,7
звук слова да,797,7
слова звук з,4029,7
чистоговорки е,45,7
скачать чистоговорки,213,7
чистоговорки ру,200,7
чистоговорки скачать,213,7
чистоговорки длинные,34,7
длинные чистоговорки,34,7
ру чистоговорки,200,7
н чистоговорки,166,7
чистоговорки с в,356,7
чистоговорки 3 класс,106,7
чистоговорки на осень,71,7
чистоговорки на сь,43,7
чистоговорки с к,26,7
чистоговорки на ре,10,7
чистоговорки при заикании,9,7
чистоговорки для чего,46,7
рабочий лист фразеологизмы,144,7
омонимы рабочий лист,86,7
описание рабочего листа,584,7
фразеологизмы рабочий лист,144,7
рабочие листы агрегатов,429,7
цифры рабочий лист,3180,7
рабочий лист треугольники,560,7
рабочий лист ребусы,210,7
рабочие листы литература,9722,7
онлайн рабочий лист,711,7
колобок рабочий лист,74,7
дифференциация всех звуков,104,7
дифференциация звука ч,503,7
д дифференциация звуков,475,7
дифференциация звука ш,2779,7
дифференциация свистящих звуков,140,7
звука ч дифференциация,503,7
дифференциация шипящих звуков,141,7
дифференциация звуков пособие,72,7
пособие дифференциация звуков,72,7
дифференциация звуков шипящих,141,7
дифференциация звуков свистящих,140,7
дифференциация звуков всех,104,7
звук р л дифференциация,1073,7
дифференциация звуков р в,275,7
дифференциация звуков что это,26,7
дифференциация звука р рь,395,7
звук с ш дифференциация,2228,7
дифференциация звук с ш,2228,7
дифференциация звука рь р,395,7
дифференциация звуков это что,26,7
звук ш с дифференциация,2228,7
звук л р дифференциация,1073,7
дифференциация звук л р,1073,7
дифференциация звук р л,1073,7
дифференциация автоматизация постановка звука,353,7
постановка дифференциация автоматизация звука,347,7
постановка звука автоматизация дифференциация,347,7
дифференциация звуков в р,275,7
дифференциации звуков ч ть,174,7
интересные логопедические игры,62,7
компьютерные логопедические игры,62,7
словесные логопедические игры,31,7
логопедические игры групповые,20,7
скворцова логопедические игры,54,7
логопедические групповые игры,20,7
групповые логопедические игры,20,7
логопедические игры скворцова,54,7
логопедические игры компьютерные,65,7
логопедические интересные игры,65,7
логопедические компьютерные игры,65,7
игры логопедические компьютерные,62,7
игры компьютерные логопедические,62,7
компьютерные игры логопедические,62,7
интересные игры логопедические,62,7
логопедические словесные игры,31,7
тема осень задания логопеда,89,7
постановка звук з,507,7
постановка заднеязычных звуков,55,7
звук постановка,32847,7
звук з постановка,497,7
способы постановки звука,811,7
постановка звука ть,40,7
постановка звук,33048,7
постановка гласных звуков,4885,7
постановка звука о,526,7
постановка звуков гласных,4885,7
гласных звуков постановка,4770,7
з звук постановка,497,7
карточки автоматизация звука с,73,6
автоматизация звука с карточки,71,6
набор логопедических карточек для автоматизации звуков,16,6
автоматизация звука р домашнее задание логопеда,6,6
автоматизация звука д домашнее задание логопеда,11,6
дидактический материал логопеда в школе,35,6
картотеки логопеда доу,95,6
тренажеры логопедические для дыхания,64,6
цена логопедический тренажер,13,6
тренажер логопедический окоф,16,6
логопедический тренажер инструкция,12,6
дельфа 142 логопедический тренажер купить,6,6
логопедический тренажер дельфа 142 купить,6,6
купить логопедический тренажер дельфа 142,6,6
купить дельфа 142 логопедический тренажер,6,6
анализ индивидуального занятия логопеда,23,6
анализ занятия индивидуального логопеда,26,6
логопед рабочая тетрадь 1 класс,53,6
логопед 1 класс рабочая тетрадь,40,6
рабочая тетрадь логопед 1 класс,52,6
рабочая тетрадь логопеда 2 класс,20,6
рабочие тетради логопеда,597,6
автоматизации звука с,8376,6
автоматизации звука л,11761,6
автоматизация изолированного звука,639,6
звук ы автоматизация,161,6
автоматизация всех звуков,230,6
автоматизация губных звуков,17,6
звук б автоматизация,335,6
автоматизация ч звуков,1946,6
ч автоматизация звуков,1835,6
автоматизация звук б,337,6
автоматизация звука жихарева,331,6
дь автоматизация звука,69,6
генератор логопедических заданий,35,6
логопедические задания на звуки,406,6
логопедические задания один много,14,6
чернова звук р,160,6
слоги звук р,1401,6
задание звук р,2927,6
звук р слоги,1387,6
звуки р рь,2313,6
автоматизировать звук р,241,6
звук буквы р,2614,6
произношение звука р,1416,6
автоматизируем звук р,241,6
раскатистый звук р,77,6
межзубный звук р,72,6
звук р задание,2927,6
р рь звуки,2282,6
скороговорка р звук,1439,6
звук р автоматизируем,244,6
звук р межзубный,74,6
из звуков слова,39610,6
слова из звуков,42270,6
звуки слова язык,22015,6
звук щ слова,1048,6
звуки слово лист,6308,6
проверочное слово звук,4652,6
слово лист звуки,7212,6
звуки слова кот,5652,6
слова звук щ,1174,6
звук слог слово,18733,6
слово уголек звуки,1344,6
согласные слова звуки,102268,6
слова язык звуки,33432,6
слог слово звук,19666,6
слово слог звук,19666,6
звук слово слог,18733,6
кот звуки слова,5652,6
чистоговорки простые,45,6
чистоговорки смешные,39,6
чистоговорки ч,415,6
простые чистоговорки,45,6
чистоговорки короткие,68,6
смешные чистоговорки,39,6
ч чистоговорки,415,6
чистоговорки лето,92,6
короткие чистоговорки,65,6
ла чистоговорки,83,6
чистоговорки младшая группа,93,6
чистоговорки с ж,61,6
чистоговорки в ф,34,6
чистоговорки на ть,33,6
чистоговорки на ша,16,6
чистоговорки для подростков,14,6
чистоговорки про спорт,10,6
чистоговорки о лете,8,6
чистоговорки про лису,8,6
чистоговорки про хлеб,7,6
чистоговорки звук к,165,6
слоговые дорожки для чтения карточки распечатать,6,6
буква рабочий лист,6365,6
скачать рабочий лист,11067,6
рабочий лист скачать,11067,6
литература рабочие листы,6910,6
рабочий лист речь,11119,6
книга рабочий лист,7351,6
звуки рабочий лист,3358,6
family рабочий лист,469,6
рабочий лист обломов,59,6
экономика рабочий лист,1955,6
рабочий лист каллиграфия,206,6
патриотизм рабочий лист,46,6
рабочий лист цифры,2564,6
рабочие листы недоросль,636,6
рабочий лист family,437,6
дифференциация звуков диагностика,41,6
диагностика дифференциация звуков,41,6
дифференциации звуков с ш,2228,6
дифференциация звука л в,465,6
ть ч дифференциации звуков,197,6
дифференциация звуков в картинках,153,6
упражнения на дифференциацию звуков,134,6
дифференциация звуков на письме,106,6
дифференциация звуков н нь,21,6
дифференциация звука ч щ,178,6
дифференциация звука щ ч,178,6
дифференциации звуков ш с,2228,6
дифференциация звука в л,465,6
дифференциация в картинках звуков,153,6
создание логопедических игр,63,6
настольная логопедическая игра,147,6
логопедическая настольная игра,147,6
настольная игра логопедическая,147,6
логопедическая игра осень,75,6
игры логопедические вк,74,6
интересные задания логопеда,46,6
задания логопеда тема осень,52,6
приемы постановки звуков,288,6
постановка звуков способы,811,6
звук г постановка,607,6
постановка звуков зондами,579,6
постановка звуков видео,588,6
звук щ постановка,268,6
постановка йотированных звуков,19,6
очередность постановки звуков,40,6
способы постановка звуков,811,6
постановка звук г,626,6
постановка зондами звуков,579,6
постановка звук рь,321,6
постановка звуков йотированных,19,6
карточки на автоматизацию звука р,16,5
карточки для звука л автоматизации,17,5
домашние задания от логопеда,353,5
логопед фрукты домашнее задание,6,5
домашнее задание логопеда звук ж,27,5
зачем логопед задает домашнее задание,16,5
важность выполнения домашнего задания логопеда,10,5
рекомендации логопеда по выполнению домашних заданий,25,5
автоматизация звука рь домашнее задание логопеда,5,5
рекомендации по выполнению домашних заданий логопеда,25,5
картотека автоматизации звуков учителя логопеда,11,5
дельфа 142 логопедический тренажер,31,5
логопедический тренажер дельфа,64,5
тренажер логопедический дельфа,64,5
логопедический тренажер гаврина,43,5
тренажер логопедический гаврина,43,5
окоф логопедический тренажер,15,5
тренажер бусинка логопедическая,12,5
логопедический тренажер окоф,15,5
бусинка логопедическая тренажер,12,5
окоф тренажер логопедический,15,5
тренажер логопедический 6 7 лет,80,5
журнал логопеда индивидуальных занятий,234,5
конспект индивидуального занятия логопеда постановка звука с,5,5
рабочая тетрадь пишем вместе с логопедом косинова скачать,6,5
автоматизация звуков книга,162,5
норкина автоматизация звука,295,5
скачать автоматизация звуков,1233,5
свистящие звуки автоматизация,289,5
автоматизация звука у,1178,5
книга автоматизация звуков,163,5
автоматизация звуков скачать,1194,5
автоматизация звуков л,11761,5
постановка звука автоматизация,961,5
звук п автоматизация,242,5
автоматизация звуков с,8378,5
автоматизация звуков азова,131,5
автоматизация звука хь,25,5
автоматизация звука дь,68,5
автоматизация звука i,20,5
азова автоматизация звуков,131,5
автоматизация л звуков,11761,5
постановка автоматизация звука,961,5
автоматизация свистящие звуки,305,5
автоматизация звук п,245,5
логопедические задания речевичок,14,5
задание логопедическое,10500,5
интерактивные логопедические задания,15,5
логопедическое задание,10746,5
логопедические задания грамматика,32,5
речевичок логопедические задания,14,5
задания для логопедических занятий,109,5
логопедические задания 7 класс,98,5
задания для логопедического обследования,88,5
задания логопедические 3 класс,180,5
задания логопедические 4 года,1487,5
задания логопедические 7 класс,98,5
французский звук р,78,5
просторный звук р,13,5
звук р скачать,772,5
звук р трещетка,48,5
дорожки звук р,165,5
звук р ребенку,4502,5
скачать звук р,760,5
звук р дорожки,126,5
русалочка звук р,7,5
звук р французский,73,5
звук р немецкий,67,5
звук проверочное слово,4188,5
звуки слова предложения,17471,5
слово нес звуки,5567,5
слово весь звуками,44615,5
значение слова звук,4462,5
слова на звуки,49631,5
слова по звукам,41430,5
звуки слова нос,4928,5
слово нет звук,3869,5
звуки слова лед,1150,5
звук поезда словами,1028,5
звуки слова книга,2173,5
слово да звук,1140,5
звуки слова варежки,449,5
звук морфема слово,3081,5
звук значение слова,4462,5
звук слово нет,3698,5
звуки слово якорь,3010,5
мороз звуки слова,1693,5
звуки на слова,73159,5
слова звуки гласные,70227,5
на звуки слова,69213,5
весь слово звуками,41566,5
звуки предложения слова,17471,5
звук слово морфема,4826,5
слова вьюга звуки,3676,5
морфема слово звук,3507,5
ша чистоговорки,61,5
презентация чистоговорки,168,5
чистоговорки презентация,168,5
чистоговорки ша,61,5
чистоговорки я,81,5
чистоговорки три,55,5
чистоговорки слушать,27,5
чистоговорки распечатать,30,5
чистоговорки ясли,9,5
чистоговорки легкие,29,5
распечатать чистоговорки,30,5
легкие чистоговорки,29,5
слушать чистоговорки,27,5
слоговые чистоговорки,40,5
чистоговорки 6 лет,811,5
чистоговорки на и,546,5
чистоговорки звук т,141,5
чистоговорки р рь,113,5
чистоговорки на д,108,5
чистоговорки подготовительная группа,74,5
чистоговорки буква ш,46,5
чистоговорки на ла,25,5
чистоговорки про овощи,24,5
чистоговорки с щ,19,5
чистоговорки на са,16,5
чистоговорки про родину,15,5
русский язык чистоговорки,13,5
чистоговорки про дождь,9,5
чистоговорки видео детские,8,5
ж з чистоговорки,132,5
запуск речи чистоговорки,46,5
слоговая дорожка,277,5
уголок логопеда распечатать,24,5
рабочий лист одежда,118,5
предлоги рабочий лист,696,5
рабочий лист по,84024,5
рабочий лист местоимение,637,5
причастие рабочие листы,854,5
спряжение рабочий лист,243,5
рабочие листы это,2717,5
пушкин рабочий лист,809,5
рабочий лист материки,592,5
эмоции рабочий лист,112,5
рабочий лист синквейн,30,5
рабочие листы развивашки,16,5
рабочий лист трапеция,70,5
canva рабочий лист,26,5
ионыч рабочий лист,42,5
посуда рабочий лист,97,5
рабочие листы горохолинская,52,5
нок рабочий лист,31,5
рабочий лист эмоции,112,5
презентация рабочий лист,6818,5
бактерии рабочий лист,1049,5
рабочий лист предлоги,583,5
сайт рабочие листы,529,5
овощи рабочий лист,134,5
огниво рабочий лист,19,5
местоимение рабочий лист,637,5
проект рабочий лист,624,5
рабочий лист синонимы,178,5
одежда рабочий лист,118,5
рабочий лист canva,28,5
рабочий лист толерантность,11,5
дифференциация оппозиционных звуков,97,5
дифференциация звуков картотека,173,5
картотека дифференциация звуков,173,5
дифференциация звуков в словах,580,5
дифференциация звука д т,320,5
дифференциация звуков в слогах,193,5
дифференциация звуков л н,28,5
что значит дифференциация звуков,9,5
как проверить дифференциацию звуков,6,5
звуки с з дифференциация,820,5
звуки з с дифференциация,820,5
дифференциация звуки с з,820,5
дифференциация звука т д,320,5
логопедические игры бесплатно,377,5
игры логопедические бесплатно,389,5
бесплатно логопедические игры,387,5
игры бесплатно логопедические,389,5
игры развивающие логопедические,290,5
логопедические игры подвижные,121,5
веселые логопедические игры,38,5
развивающие логопедические игры,283,5
подвижные логопедические игры,121,5
логопедические игры развивающие,283,5
развивающие игры логопедические,283,5
логопедические развивающие игры,283,5
логопедические подвижные игры,121,5
игры логопедические развивающие,290,5
подвижные игры логопедические,121,5
логопедические веселые игры,40,5
задание логопеда,6238,5
звук р логопед задания,161,5
яворская занимательные задания логопеда,104,5
логопед 1 класс задания,140,5
занимательные задания логопеда яворская,103,5
логопед звук р задания,188,5
задания звук р логопед,179,5
логопед задания звук р,179,5
задания логопед звук р,161,5
звук р задания логопед,161,5
логопед задания 1 класс,140,5
1 класс логопед задания,140,5
постановка звуков сонорных,78,5
картинка постановка звуков,218,5
полякова постановка звуков,38,5
нормы постановки звуков,174,5
постановка звука у,1556,5
постановка звуков картинка,209,5
постановка звука а,779,5
постановка сонорных звуков,78,5
постановка звуков учебник,25,5
видео постановка звуков,598,5
логопедом постановка звуков,3321,5
звука а постановка,759,5
постановка звуков полякова,38,5
карточки для автоматизации звуков,249,4
автоматизация звука л карточки,50,4
нейро карточки для автоматизации звуков,4,4
автоматизация звука в карточки,67,4
карточки по автоматизации и дифференциации поставленных звуков,5,4
карточки автоматизация звука в,76,4
логопед домашнее задание,2332,4
домашнее задание логопед,2259,4
домашнее задание фрукты логопед,5,4
звук ш домашнее задание логопеда,76,4
домашние задания логопеда звук с,73,4
домашние задания логопеда звук л,57,4
зачем логопед задает домашние задания,16,4
артикуляционная гимнастика домашнее задание логопеда,9,4
домашнее задание логопеда звук ш,76,4
звук л домашние задания логопеда,66,4
домашнее задание логопеда на звук с,24,4
домашнее задание логопеда на звук л,21,4
домашние задания от логопеда на дом,17,4
автоматизация звука ч домашнее задание логопеда,4,4
домашнее задание от логопеда звук л,10,4
учебно методические пособия и дидактические материалы для логопеда,4,4
картотеки для логопеда доу,24,4
тренажер логопедический дельфа 142,30,4
логопедический тренажер дельфа 142,30,4
для дыхания логопедический тренажер,60,4
тренажер логопедический для дыхания,60,4
индивидуальные занятия с логопедом стоимость,22,4
индивидуальное занятие логопеда в детском саду,138,4
планы индивидуальных занятий логопеда в доу,75,4
зеркало для индивидуальных занятий логопеда купить,7,4
график индивидуальных занятий логопеда в доу,6,4
занятие логопеда в детском саду индивидуальное,197,4
индивидуальные занятия с логопедом в детском саду,30,4
конспект индивидуального занятия логопеда в детском саду,7,4
уроки логопеда рабочая тетрадь,57,4
логопедические карточки для запуска речи распечатать,4,4
автоматизация звука е,135,4
автоматизация звука а,338,4
автоматизация звуков ч,1853,4
жихарева автоматизация звука,312,4
автоматизация дифференциация звуков,1109,4
автоматизация звука c,143,4
дифференциация автоматизация звуков,1147,4
автоматизация звуков рь,2746,4
автоматизация согласных звуков,647,4
автоматизация звуков жихарева,305,4
автоматизация звуков игры,2664,4
автоматизация звука азова,131,4
автоматизация звука э,25,4
улитка автоматизация звука,85,4
алгоритм автоматизации звуков,23,4
автоматизация звука тра,64,4
автоматизация звуков спивак,113,4
автоматизация звука улитка,82,4
порядок автоматизации звука,60,4
спивак автоматизация звуков,116,4
видео автоматизация звука,440,4
жихарева автоматизация звуков,312,4
азова автоматизация звука,131,4
игры автоматизация звуков,2643,4
автоматизация звуков дифференциация,1109,4
видео звука автоматизация,440,4
звука а автоматизация,336,4
е автоматизация звука,134,4
тра автоматизация звука,70,4
логопедические интересные задания,46,4
логопедические задания овощи,55,4
овощи логопедические задания,55,4
интересные логопедические задания,49,4
логопедические задания на грамматику,15,4
генератор логопедических заданий мерсибо,12,4
логопедические задания 3 класс,114,4
3 класс логопедические задания,118,4
овощи фрукты логопедические задания,25,4
стишок звук р,143,4
чистоговорка звук р,1698,4
звук р занятия,1357,4
учим звук р,221,4
звук р рь,2313,4
р сонорный звук,286,4
разбор звука р,95,4
фрикативный звук р,42,4
автоматиз звука р,20,4
японский звук р,62,4
поставка звука р,29,4
авт звука р,12,4
отсутствие звука р,83,4
звук р сонорный,273,4
звук р фразы,106,4
звук рь р,2418,4
занятия звук р,1357,4
сонорный звук р,286,4
р звук сонорный,286,4
р английский звук,182,4
скачать звук слов,4230,4
звук однокоренные слова,5036,4
согласные звуки слова,67039,4
слова звук т,4910,4
слова из звука,42271,4
звук т слова,4480,4
слова согласные звуки,67039,4
записать слово звуками,18875,4
звуки слова ель,4566,4
звук простыми словами,2825,4
запикать слово звук,12,4
описание звуков словами,360,4
слова гитлера звук,11,4
звук будильника словами,115,4
звук ц слова,1352,4
японские слова звук,316,4
звук ль слова,804,4
звук появления слова,94,4
звуки слова метель,1977,4
слова кошек звук,1349,4
звуки природы словами,660,4
звуки слова коньки,2640,4
однокоренные слова звук,5645,4
звук слов скачать,3860,4
слово самолет звуки,1333,4
звук слово да,797,4
слово записать звуками,20591,4
записать звуками слово,18875,4
мир звуки слова,5572,4
ель звуки слова,4566,4
слова звук i,4106,4
чистоговорки н,138,4
чистоговорки картинки,487,4
к чистоговорки,379,4
на чистоговорки,8427,4
чистоговорки п,147,4
чистоговорки детям,2860,4
чистоговорки т,265,4
чистоговорки сь,87,4
чистоговорки польза,19,4
тактильные чистоговорки,36,4
чистоговорки зимние,10,4
песенки чистоговорки,29,4
чистоговорки пример,44,4
чистоговорки песенки,29,4
веселые чистоговорки,39,4
английские чистоговорки,27,4
три чистоговорки,49,4
пример чистоговорки,44,4
чистоговорки логоритмика,6,4
чистоговорки бормоталки,37,4
сь чистоговорки,87,4
т чистоговорки,280,4
п чистоговорки,133,4
чистоговорки веселые,38,4
бормоталки чистоговорки,37,4
польза чистоговорки,19,4
зимние чистоговорки,10,4
чистоговорки морские,7,4
логоритмика чистоговорки,6,4
чистоговорки 3 года,448,4
чистоговорки 2 года,163,4
чистоговорки звук д,114,4
чистоговорки с ц,71,4
автоматизация ч чистоговорки,53,4
чистоговорки с а,43,4
чистоговорки на х,38,4
чистоговорки на согласные,28,4
чистоговорки или скороговорки,27,4
чистоговорки 9 лет,26,4
чистоговорки на др,25,4
чистоговорки на зь,23,4
чистоговорки с т,22,4
чистоговорки скороговорки стишки,22,4
чистоговорки про животных,22,4
чистоговорки по слогам,16,4
чистоговорки с ль,12,4
чистоговорки на ма,12,4
чистоговорки про ягоды,10,4
чистоговорки про грибы,8,4
чистоговорки на ар,8,4
чистоговорки на татарском,4,4
чистоговорки с ре,4,4
чистоговорки для картавых,4,4
чистоговорки буква р,108,4
чистоговорки звук а,98,4
для логопеда материал распечатать,12,4
рабочие листы химия,2509,4
родина рабочий лист,7660,4
рабочий лист буквы,6757,4
рабочие листы спотлайт,2689,4
рабочие листы чтение,14166,4
животные рабочий лист,3375,4
рабочий лист азбука,2013,4
налоги рабочий лист,86,4
ломоносов рабочий лист,274,4
рабочие листы падежи,559,4
рабочие листы штриховка,208,4
рабочий лист терроризм,375,4
рабочий лист архикад,173,4
создание рабочего листа,1656,4
числительные рабочий лист,540,4
местоимения рабочий лист,637,4
гигиена рабочий лист,312,4
существительное рабочий лист,1757,4
лист учета рабочего,1298,4
архикад рабочие листы,181,4
рабочие листы сайт,621,4
рабочие листы примеры,1960,4
канва рабочие листы,73,4
рабочие прокси лист,27,4
рабочий лист цилиндр,53,4
государство рабочий лист,2868,4
рабочие листы дроби,1541,4
рабочий лист местоимения,640,4
рабочие листы экология,513,4
рабочий лист ломоносов,274,4
архикад рабочий лист,181,4
рабочие листы архикад,173,4
игрушки рабочий лист,131,4
рабочий лист существительное,1757,4
лермонтов рабочий лист,274,4
прокси лист рабочие,27,4
рабочий лист рукавичка,16,4
дифференциация звуков д,412,4
дифференциация звуков л,1759,4
дифференциация парных звуков,56,4
дифференциация звуков бп,7,4
дифференциация сонорных звуков,52,4
дифференциация звуков ш,2779,4
дифференциация звуков сонорных,52,4
картинки для дифференциации звуков,120,4
звуки м н дифференциация,107,4
дифференциация звуков о у,40,4
дифференциация звуков раннего онтогенеза,26,4
дифференциация звука п б,265,4
дифференциация звуков с т,41,4
дифференциация звуков б м,9,4
дифференциация звуков м б,9,4
дифференциация звука б п,265,4
звуки щ сь дифференциация,67,4
звуки сь щ дифференциация,67,4
дифференциация звуков т с,41,4
логопедические игры сайт,42,4
логопедические игры картотека,175,4
михайлова логопедические игры,55,4
виды логопедических игр,48,4
картотека логопедических игр,176,4
логопедические игры дома,51,4
сайт логопедические игры,42,4
мерсибо игры логопедические,21,4
логопедическая игра телеграф,4,4
мерсибо логопедические игры,21,4
логопедические игры мерсибо,21,4
свистелочка логопедические игры,26,4
картотека игр логопедических,176,4
картотека логопедические игры,176,4
игра логопедическая настольная,151,4
игра настольная логопедическая,151,4
логопедические игры свистелочка,26,4
игры логопедические мерсибо,20,4
логопедическая игра бабочки,8,4
задания осень логопед,169,4
задания для логопеда,2283,4
лето задания логопеда,67,4
логопед звук ш задания,164,4
звук ш логопед задания,161,4
постановка звук т,797,4
по постановке звуков,2294,4
постановка звука этапы,555,4
косинова постановка звуков,15,4
методика постановки звуков,89,4
богомолова постановка звуков,8,4
норма постановки звуков,225,4
этапы постановка звука,555,4
пособия постановка звуков,157,4
постановка звуков богомолова,8,4
карточки по автоматизации звука р,4,3
карточки автоматизация звука л,50,3
карточки для автоматизации звука ч,10,3
карточки на автоматизацию звука с,15,3
карточки на автоматизацию звука ш,7,3
карточки на автоматизацию звука,124,3
домашнее задание от логопеда,353,3
тетрадь домашних заданий логопеда,136,3
домашние задания логопеда в доу,60,3
домашнее задание логопеда звук з,30,3
домашнее задание логопеда на звук ш,30,3
автоматизация звука ль домашнее задание логопеда,3,3
домашнее задание от логопеда звук ш,6,3
оформление тетради для домашнего задания логопеда,3,3
дидактические материалы учителя логопеда,46,3
наглядно дидактический материал для логопеда,28,3
картотеки для работы логопеда,18,3
для логопеда картотеки,146,3
картотеки для логопеда,146,3
для логопеда картотека,146,3
картотека логопеда в детском саду,18,3
картотека для логопеда,146,3
картотека логопеда доу нищева,48,3
какие картотеки должны быть у логопеда,7,3
картотека домашних заданий логопеда по лексическим темам,3,3
картотека домашних заданий по лексическим темам логопеда,3,3
постановка звука ш поэтапно для логопеда конспекты занятий картотека,3,3
тренажер для языка логопедический,17,3
логопедический тренажер компьютерный,20,3
логопедический компьютерный тренажер,20,3
логопедические тренажеры для дыхания,51,3
логопедический тренажер для языка,17,3
тренажеры для дыхания логопедические,51,3
компьютерный логопедический тренажер,18,3
тренажер логопедический для языка,17,3
компьютерный логопедический тренажер дэльфа,6,3
окпд 2 логопедический тренажер,9,3
логопедический тренажер онлайн бесплатно,4,3
логопедический тренажер дэльфа 142,14,3
екатеринбург логопед индивидуальные занятия,7,3
расписание индивидуальных занятий логопеда,58,3
индивидуальные занятия логопеда в школе,175,3
программа для индивидуальных занятий логопеда,52,3
конспект логопеда индивидуального занятия,168,3
логопед екатеринбург индивидуальные занятия,8,3
план индивидуального занятия логопеда,294,3
конспект индивидуального занятия логопеда,168,3
программа индивидуальных занятий логопеда,233,3
журнал учета индивидуальных занятий логопеда,80,3
индивидуальное занятие с логопедом,1240,3
план занятия логопеда индивидуального,294,3
программа логопеда для индивидуальных занятий,52,3
программа логопеда индивидуальных занятий,233,3
логопед индивидуальные занятия екатеринбург,7,3
индивидуальные занятия с логопедом для ребенка,83,3
сколько стоит индивидуальное занятие с логопедом,22,3
структура индивидуального занятия логопеда в доу,4,3
зеркало для логопеда для индивидуальных занятий,12,3
что делает логопед дефектолог на индивидуальных занятиях,4,3
сколько длится индивидуальное занятие логопеда в старшей группе,16,3
рабочая тетрадь уроки логопеда,39,3
пишем вместе с логопедом рабочая тетрадь,60,3
рабочая тетрадь пишем вместе с логопедом,60,3
е косинова пишем вместе с логопедом рабочая тетрадь,6,3
пишем вместе с логопедом косинова рабочая тетрадь скачать,3,3
автоматизация звуков стихи,2559,3
звуки с автоматизация,8177,3
автоматизация звуков ш,8123,3
автоматизация звуков в,21285,3
автоматизации звука ж,3040,3
автоматизация звуки с,8376,3
автоматизация звука задания,5185,3
презентация автоматизация звуков,1881,3
автоматизация звука гр,57,3
норкина автоматизация звуков,273,3
автоматизация звука этапы,438,3
звук зь автоматизация,179,3
смирнова автоматизация звуков,425,3
звук кь автоматизация,108,3
альбом автоматизация звука,581,3
смирнова автоматизация звука,425,3
автоматизация звуков пособие,477,3
этап автоматизации звука,411,3
автоматизация звуков т,1116,3
картотека автоматизация звуков,573,3
приемы автоматизации звуков,131,3
автоматизация звука видео,465,3
автоматизация звуков ц,1483,3
последовательность автоматизации звука,42,3
автоматизация звука ре,21,3
автоматизация звука ла,29,3
теремкова автоматизация звуков,38,3
автоматизация звука альбом,581,3
автоматизация звуков смирнова,463,3
автоматизация ш звуков,8123,3
задания автоматизация звука,5561,3
стихи автоматизация звуков,2485,3
автоматизация звуков презентация,1976,3
презентация автоматизация звук,1881,3
автоматизация ц звуков,1483,3
автоматизация звуков картотека,559,3
автоматизация звуков норкина,281,3
автоматизация звук зь,183,3
книги автоматизация звуков,163,3
автоматизация звук кь,104,3
автоматизация звука вконтакте,36,3
автоматизация звуков жидкова,35,3
ла автоматизация звука,28,3
логопедические онлайн задания,59,3
логопедические задания распечатать,342,3
распечатать задания логопедические,342,3
распечатать логопедические задания,342,3
логопедические задания онлайн,52,3
насекомые задания логопедические,31,3
задания логопедические онлайн,52,3
насекомые логопедические задания,25,3
онлайн логопедические задания,52,3
логопедические задания 4 года,1187,3
логопедические задания 6 лет,1166,3
задания для логопедической группы,376,3
логопедические домашние задания купить,263,3
логопедические задания 2 года,157,3
логопедические задания для школьников,84,3
логопедические задания на предлоги,9,3
логопедические задания второй класс,5,3
логопедические задания для инсультников,3,3
логопедические задания для старшеклассников,3,3
логопедические задания звук р,176,3
звук р логопедические задания,170,3
крупенчук логопедические задания скачать,39,3
купить теремкова логопедические задания,327,3
купить логопедические домашние задания,263,3
звук р задания логопедические,170,3
задания логопедические 5 класс,139,3
7 класс логопедические задания,77,3
задания логопедические для школьников,71,3
скачать крупенчук логопедические задания,43,3
логопедические задания крупенчук скачать,43,3
задания для первоклассников логопедические,13,3
звук р отработка,286,3
звук р игра,1323,3
на звук р,9420,3
словосочетание звук р,508,3
дифференциация звуков р,1543,3
исправляем звук р,294,3
постановки звука р,6212,3
звук р занятие,1357,3
стихотворение звук р,300,3
звук р характеристика,203,3
дз звук р,20,3
английский звук р,101,3
символ звука р,15,3
немецкий звук р,65,3
систематизация звука р,3,3
пара звука р,185,3
тренировки звука р,69,3
фразы звук р,117,3
звук р лабиринт,64,3
звук р альбом,190,3
коррекция звука р,131,3
разработка звука р,7,3
звук р профиль,113,3
чистый звук р,194,3
звук р слог,1387,3
р твердый звук,953,3
зонд звук р,222,3
альбом звук р,183,3
профиль звук р,107,3
звук р английский,106,3
лабиринт звук р,66,3
звук р упражнение,2281,3
р дифференциация звуков,1518,3
занятие звук р,1357,3
игра звук р,1323,3
р звук твердый,953,3
твердый звук р,953,3
презентация звуки р,920,3
звук р словосочетание,584,3
звук р стихотворение,291,3
р место звука,216,3
характеристика звук р,212,3
р звук характеристика,212,3
развитие звука р,183,3
звук английский р,106,3
слово это звук,38086,3
звук и слово,123377,3
слово и звук,133000,3
слова 4 звука,28225,3
яма звуки слова,3495,3
слова звук н,5596,3
звук а слова,16566,3
звуки слова английский,5564,3
корень слова звук,15253,3
скачать звуки слов,3909,3
звуков разбор слова,23538,3
звук корень слова,15253,3
слово со звуком,18057,3
звуки слово ряд,10645,3
4 звука слова,25524,3
предложение слово звук,18825,3
слово нос звуки,5470,3
звук слово предложение,17471,3
разбор слова звуков,25845,3
слово яблоко звуки,3382,3
звуки слов приложение,238,3
звуки слова гвоздь,773,3
слово метель звуки,2035,3
смешные звуки словами,615,3
слово юла звуки,1619,3
страшные слова звуки,242,3
слова звук ж,2913,3
звуки слова лестница,1785,3
звук i слова,2573,3
звук х слова,854,3
разобрать слово звук,3210,3
звук м слова,2596,3
смешные слова звуки,556,3
синоним слова звуки,2184,3
звуки слова яблоко,3227,3
звук многозначное слово,204,3
ng звук слова,91,3
звук мотоцикла словами,22,3
звук ae слова,161,3
звук полиции слова,40,3
мотивационные слова звук,12,3
слово звук ласково,198,3
слово ряд звуки,5840,3
транскрипция слова звука,5593,3
звук н слова,5278,3
звука транскрипция слова,5023,3
звук ж слова,2685,3
осень звуки слова,2470,3
слово енот звуки,1748,3
дождь звуки слова,1733,3
слова да звук,1140,3
баян звуки слова,480,3
яичница звуки слова,350,3
приложение звуки слов,248,3
слова поддержки звук,39,3
слова звуком с,61215,3
звук это слова,53441,3
звук это слово,53441,3
слово звук это,53441,3
все звуки слова,41568,3
слова все звуки,41568,3
слова звуки слоги,26981,3
слова разбор звуков,25845,3
разбор звуков слова,25845,3
звук слово речь,22835,3
слово звук предложение,18825,3
слова звук а,18061,3
слова нет звук,5861,3
английский звуки слова,5564,3
яблоко слово звуки,5416,3
составить слова звук,5325,3
солнце звуки слова,5232,3
слова елка звуки,4514,3
фонетика слова звуки,4247,3
звуки слов скачать,3860,3
слова английские звук,3740,3
звуки слово еще,3459,3
яблоко звуки слова,3382,3
звук английские слова,3239,3
чистоговорки картотека,759,3
чистоговорки на,7644,3
картинки чистоговорки,483,3
рифмованные чистоговорки,3,3
учить чистоговорки,16,3
чистоговорки ла,70,3
чистоговорки учить,16,3
чистоговорки зь,38,3
чистоговорки қазақша,3,3
х чистоговорки,85,3
придумать чистоговорки,54,3
чистоговорки книга,82,3
чистоговорки алфавит,35,3
игры чистоговорки,148,3
чистоговорки х,85,3
чистоговорки профессии,13,3
книга чистоговорки,82,3
чистоговорки игры,154,3
картотека чистоговорки,746,3
ягоды чистоговорки,26,3
транспорт чистоговорки,21,3
зима чистоговорки,15,3
большие чистоговорки,13,3
чистоговорки на звуки,3768,3
чистоговорки детский сад,713,3
чистоговорки на буквы,455,3
чистоговорки буква с,290,3
чистоговорки для речи,252,3
чистоговорки в стихах,200,3
чистоговорки л ль,91,3
автоматизация ль чистоговорки,68,3
чистоговорки на у,43,3
слоговая дорожка на звук ш,5,3
слоговые дорожки звук л,11,3
слоговые дорожки со звуком с,3,3
кабинет логопеда табличка на дверь распечатать,9,3
iptv лист рабочий,363,3
оформление рабочего листа,912,3
рабочие листы дошкольникам,2770,3
рабочий лист информатика,912,3
растения рабочий лист,2167,3
рабочие листы онлайн,840,3
рабочий лист урока,22101,3
сделать рабочие листы,2496,3
виды рабочих листов,7505,3
рабочие листы создание,1892,3
рабочие листы сказки,7530,3
рабочее поле листа,875,3
рабочий лист родина,7044,3
рабочий лист островский,330,3
муму рабочий лист,18,3
рабочий лист радуга,43,3
транспорт рабочий лист,101,3
морозко рабочий лист,34,3
рабочий лист numbers,59,3
дубровский рабочий лист,18,3
фрукты рабочий лист,149,3
канва рабочий лист,66,3
рабочий лист гармошка,131,3
рабочий лист елка,44,3
рабочий лист погода,228,3
рабочий лист есенин,141,3
вирусы рабочий лист,33,3
космос рабочий лист,130,3
лист с8 рабочая,253,3
кибербезопасность рабочий лист,18,3
рабочий лист горничной,16,3
обществознание рабочий лист,3458,3
рабочие листы прилагательное,1892,3
информатика рабочий лист,1311,3
москва рабочий лист,1064,3
частицы рабочий лист,497,3
словосочетание рабочий лист,326,3
рабочий лист подлежащее,170,3
есенин рабочий лист,141,3
глобус рабочий лист,73,3
спасибо рабочий лист,45,3
рабочий лист путаница,31,3
рабочий лист акула,28,3
рабочий лист нок,26,3
рабочий лист муму,18,3
география рабочий лист,3044,3
онлайн рабочие листы,708,3
iptv рабочий лист,363,3
рабочий iptv лист,363,3
рабочий лист iptv,363,3
погода рабочий лист,228,3
ягоды рабочий лист,64,3
елка рабочий лист,45,3
рабочий лист вирусы,21,3
рабочий лист дубровский,15,3
дифференциации звуков,12857,3
с дифференциация звуков,4704,3
дифференциация звуков кгх,5,3
дифференциация неречевых звуков,106,3
дифференциация звуков тд,3,3
отсутствие дифференциации звуков,45,3
дифференциация изолированных звуков,102,3
картинки дифференциация звуков,452,3
дифференциация звуков гк,7,3
дифференциация звуков картинки,452,3
дифференциация звуков сзц,3,3
дифференциация смешиваемых звуков,159,3
звук л дифференциация,1759,3
звук ж з дифференциация,664,3
игра на дифференциацию звуков,353,3
звуки к т дифференциация,301,3
дифференциация звука к г,196,3
звуки ль й дифференциация,124,3
дифференциация звуков з ц,88,3
дифференциация звуков на слух,80,3
дифференциация звуков е и,56,3
дифференциация звуков ч т,33,3
дифференциация звуков в вь,30,3
диктант на дифференциацию звуков,17,3
пособия на дифференциацию звуков,12,3
дифференциация звука щ ш,126,3
дифференциация звуков в б,92,3
дифференциация звука ш щ,126,3
дифференциация звуков б в,92,3
звук з с дифференциация,1319,3
дифференциация звуки р л,1115,3
звук з ж дифференциация,664,3
звуки т к дифференциация,301,3
дифференциация звуки т к,301,3
дифференциация звука г к,196,3
звуки й ль дифференциация,124,3
100 логопедических игр,58,3
интерактивная логопедическая игра,199,3
игра логопедические,9231,3
логопедические игры презентации,133,3
логопедические упражнения игры,569,3
логопедические игры вк,76,3
логопедические игры упражнения,569,3
логопедическая интерактивная игра,205,3
детские логопедические игры,133,3
логопедические игра,9274,3
яворская логопедические игры,33,3
электронные логопедические игры,15,3
вязаные логопедические игры,4,3
игра логопедическая бродилка,20,3
энциклопедия логопедических игр,5,3
простые логопедические игры,18,3
грибники логопедическая игра,3,3
логопедическая игра бродилка,21,3
лучшие логопедические игры,20,3
логопедические электронные игры,15,3
логопедические игры яворская,33,3
игры презентации логопедические,136,3
логопедические детские игры,133,3
логопедические презентации игры,133,3
презентации игры логопедические,133,3
презентации логопедические игры,133,3
детские игры логопедические,133,3
игры детские логопедические,133,3
вк логопедические игры,76,3
игра дубль логопедическая,19,3
игра логопедическая дубль,19,3
дубль логопедическая игра,19,3
логопедические простые игры,18,3
электронные игры логопедические,15,3
авито логопедические игры,13,3
задания от логопеда,1143,3
задание для логопеда,2283,3
логопед осень задания,96,3
предлоги задания логопеда,15,3
заикание задания логопеда,42,3
задание осень логопед,95,3
задания логопеда 5 лет,189,3
задания логопеда 1 класс,140,3
логопед 6 класс задания,33,3
задание для детей логопед,680,3
задания логопеда 3 класс,112,3
летние задания логопеда нищева,6,3
нищева летние задания логопеда,6,3
логопед задание 5 класс,46,3
постановка всех звуков,421,3
конспекты постановка звуков,798,3
звук т постановка,764,3
звук и постановка,2953,3
постановка звуков б,449,3
постановка звуков логопедом,3002,3
постановка звук в,7908,3
постановка звуков конспекты,824,3
видео постановки звуков,598,3
звук в постановка,7752,3
постановка звуков взрослым,261,3
постановка звука э,17,3
постановка звуков очередность,40,3
постановка звуков книга,97,3
постановка звука ю,39,3
постановка звуков дома,66,3
постановка звонких звуков,21,3
таблица постановки звуков,138,3
архипова постановка звуков,89,3
постановка звук м,119,3
постановка звуков обучение,65,3
звук п постановка,144,3
постановка согласных звуков,125,3
постановка звука кь,37,3
звук м постановка,115,3
звук н постановка,177,3
ускоренная постановка звуков,7,3
постановки звуков видео,588,3
этапы постановка звуков,555,3
постановка звук н,188,3
постановка звуков согласных,125,3
постановка звуков архипова,89,3
обучение постановка звуков,73,3
очередность постановка звуков,40,3
автоматизация звука ч карточки,19,2
карточки для автоматизации звука с,27,2
карточки автоматизация звука ч,21,2
карточки по автоматизации звуков,24,2
карточки для автоматизации звука л,16,2
скачать карточки на автоматизацию звуков,2,2
карточки для домашних заданий по автоматизации звуков,2,2
карточки на автоматизацию звуков скачать,2,2
автоматизация звука ш в слогах и словах карточки,2,2
карточки для автоматизации звука к,10,2
карточки на автоматизацию звуков л р,2,2
купить логопедические карточки для автоматизации звуков,4,2
карточки по автоматизации звуков для домашних заданий,2,2
карточки картинки на автоматизацию звуков,11,2
карточки для автоматизации звука г,5,2
логопедические карточки для автоматизации звуков купить,4,2
карточки для автоматизации звука ж,13,2
задание логопеда домашние животные,46,2
тетрадь домашние задания логопеда,185,2
домашние задания логопеда тетрадь,129,2
домашние задания для логопеда,649,2
домашние животные задание логопеда,46,2
домашние задания логопеда родителям,374,2
домашнее задание учителя логопеда,66,2
игрушки домашнее задание логопеда,34,2
домашнее задание овощи логопед,10,2
домашние задания логопеда транспорт,16,2
домашнее задание логопед овощи,10,2
логопед домашнее задание овощи,15,2
задания логопеда домашние птицы,29,2
овощи логопед домашнее задание,15,2
задание логопеда домашние птицы,29,2
домашнее задание логопеда игрушки,12,2
домашние птицы задание логопеда,29,2
домашние птицы задания логопеда,29,2
транспорт домашние задания логопеда,16,2
картотека домашних заданий логопеда,30,2
домашнее задание логопеда для родителей,221,2
домашнее задание логопеда средняя группа,96,2
звук в домашнее задание логопеда,65,2
домашние задания логопеда по звукопроизношению,57,2
тетрадь с домашними заданиями логопеда,30,2
автоматизация л домашнее задание логопеда,27,2
домашнее задание логопеда комнатные растения,9,2
домашнее задание логопеда тема весна,9,2
домашнее задание от логопеда картинки,7,2
звук р логопед домашнее задание,48,2
домашнее задание логопеда школьные принадлежности,2,2
школьные принадлежности домашнее задание логопеда,2,2
комнатные растения домашнее задание логопеда,9,2
домашние задания логопеда по лексическим темам,59,2
домашнее задание логопеда для неговорящих детей,25,2
домашнее задание логопеда осень подготовительная группа,10,2
домашние задания логопеда в логопедической группе,6,2
автоматизация звука з домашнее задание логопеда,5,2
автоматизация звука ц домашнее задание логопеда,4,2
почему важно выполнять домашнее задание логопеда,2,2
домашние задания логопеда родителям неговорящих детей,2,2
домашнее задание логопеда по теме обувь,2,2
домашнее задание логопеда по теме продукты,2,2
домашние задания по лексическим темам логопеда,59,2
домашние задания для неговорящих детей логопеда,26,2
дидактический материал для диагностики логопеда,20,2
дидактический материал для логопеда коноваленко,21,2
комплект дидактических материалов логопеда базовый,2,2
дидактические материалы для логопеда,204,2
картотека дыхательной гимнастики логопеда,14,2
картотека логопеда для дошкольников,8,2
картотеки логопеда нищева,75,2
постановка звуков поэтапно для логопеда конспекты занятий картотека,7,2
картотека логопеда задания по лексическим темам воспитателям подготовительной к школе группы,2,2
тетрадь логопедический тренажер,41,2
логопедический тренажер дэльфа окоф,2,2
логопедический тренажер звук р,5,2
тренажер для дыхания логопедический,51,2
логопедический тренажер для дыхания,51,2
окоф логопедический тренажер дэльфа,2,2
тренажер логопедический 5 8 лет,4,2
тренажер для губ и языка логопедический,4,2
пособие логопеда для индивидуальных занятий,2,2
индивидуальные занятия с логопедом москва,21,2
сколько длится индивидуальное занятие логопеда,165,2
индивидуальные занятия с логопедом цена,19,2
индивидуальный план занятий учителя логопеда,65,2
схема индивидуального занятия логопеда,3,2
план индивидуальных занятий логопеда,294,2
программа индивидуальных занятий с логопедом,158,2
конспекты индивидуальных занятий логопеда,168,2
логопед индивидуальные занятия цена,33,2
занятие логопеда индивидуальное,2910,2
индивидуальный план занятий логопеда,282,2
структура индивидуального занятия логопеда,18,2
конспекты занятий логопеда индивидуальных,168,2
индивидуальное занятие логопеда,2910,2
индивидуальные занятия с логопедом реклама,10,2
занятия с логопедом цена индивидуальные,20,2
объявление индивидуальные занятия с логопедом,2,2
индивидуальные занятия с логопедом в доу,95,2
индивидуальные занятия логопеда в доу конспекты,29,2
журнал учета посещаемости индивидуальных занятий логопеда,18,2
конспекты индивидуальных занятий логопеда в школе,6,2
первое индивидуальное занятие с логопедом конспект,4,2
конспекты индивидуальные занятия логопеда в доу,29,2
первое индивидуальное занятие логопеда с ребенком,5,2
план индивидуальных занятий учителя логопеда в доу,16,2
индивидуальные занятия логопеда с детьми 5 6 лет,27,2
сколько стоит индивидуальное занятие с логопедом в москве,7,2
план индивидуальных занятий логопеда на логопункте в доу,19,2
рабочая тетрадь логопеда дурова,7,2
рабочие тетради для логопеда,218,2
рабочая тетрадь логопеда старшая группа,30,2
рабочая тетрадь для логопеда,218,2
рабочая тетрадь учителя логопеда,36,2
дурова рабочая тетрадь логопеда,7,2
альбом автоматизации звуков,581,2
игра автоматизация звуков,2643,2
автоматизации звуков с,8378,2
автоматизация звука картинки,2355,2
автоматизации звука рь,2746,2
автоматизация звуков тетради,920,2
автоматизации звука ш,8123,2
звук л автоматизации,12008,2
автоматизация звуков игра,2664,2
звук автоматизации,67993,2
автоматизация звуков щ,1031,2
для автоматизации звуков,9772,2
звук тр автоматизация,574,2
автоматизация звуков авторы,33,2
автоматизации звуков это,151,2
цель автоматизации звука,220,2
звук я автоматизация,88,2
автоматизация звука книги,162,2
звук фь автоматизация,40,2
шипящие звуки автоматизация,363,2
автоматизация звука 3,208,2
автоматизация звука нищева,254,2
автоматизация звуков книги,162,2
автоматизация звука пособия,477,2
автоматизация произношения звука,273,2
звук нь автоматизация,71,2
цель автоматизации звуков,220,2
картотека автоматизации звуков,573,2
автоматизация звука методика,27,2
громова автоматизация звуков,5,2
зуева автоматизация звуков,2,2
автоматизация звуков тд,16,2
автоматизация звука o,5,2
определение автоматизация звука,9,2
автоматизация звука бь,19,2
нескучная автоматизация звуков,10,2
автоматизация звонких звуков,7,2
методика автоматизации звуков,27,2
автоматизация звуков д,876,2
автоматизация звука коноваленко,440,2
коноваленко автоматизация звука,436,2
автоматизация звуков дорожки,208,2
автоматизация звуков распечатать,119,2
автоматизация звука ю,21,2
картинки автоматизация звука,2284,2
звука картинки автоматизация,2284,2
автоматизация звук тр,595,2
пособия автоматизация звука,537,2
автоматизация шипящие звуки,357,2
автоматизация звука мягкого,296,2
бь автоматизация звука,19,2
автоматизация звука определение,10,2
яворская логопедические задания,2,2
логопедические видео задания,21,2
цветные логопедические задания,35,2
одежда логопедические задания,12,2
цветы логопедические задания,30,2
логопедические математические задания,3,2
логопедические задания цветы,30,2
осень логопедическое задание,115,2
логопедические задания видео,21,2
логические логопедические задания,9,2
логопедическое задание осень,115,2
логопедические задания качели,2,2
терешкова логопедические задания,4,2
логопедические логические задания,4,2
математические логопедические задания,3,2
логопедическое домашнее задание теремкова,1596,2
логопедические задания на звук,419,2
тетрадь домашних логопедических заданий,273,2
логопедические задания бардышева купить,170,2
логопедические задания 4 класса,148,2
задания для логопедической диагностики,97,2
логопедические задания звук т,38,2
логопедические задания с з,29,2
логопедические задания на дом,23,2
мягкий знак логопедические задания,10,2
логопедические задания при афазии,8,2
логопедическое домашнее задание мебель,7,2
теремкова логопедическое домашнее задание,1596,2
тетрадь бардышева логопедические задания,766,2
подготовительная группа логопедические задания,373,2
тетрадь логопедических домашних заданий,273,2
бардышева логопедические задания купить,173,2
купить бардышева логопедические задания,168,2
задания для диагностики логопедической,97,2
буква р задания логопедические,35,2
буква р логопедические задания,35,2
логопедические задания з с,28,2
задания на дом логопедические,27,2
найди слова логопедические задания,7,2
звука р,63926,2
слова звука р,7233,2
нарушения звука р,272,2
произносит звук р,853,2
звук р предложения,2049,2
парные звуки р,649,2
логопеда звук р,1908,2
найди звук р,288,2
со звуком р,4353,2
предложения звук р,2024,2
задания звука р,2927,2
картинка звука р,1535,2
гимнастика звука р,5251,2
звуки с р,4035,2
выговариваем звук р,306,2
упражнение звук р,2285,2
звук р словах,7153,2
звук р нарушения,263,2
рычание звук р,48,2
французская р звук,78,2
исправление звука р,97,2
закрепить звук р,74,2
тигренок звук р,86,2
картавость звука р,56,2
про звук р,171,2
звук р разбор,88,2
норма звука р,147,2
обучение звуку р,85,2
учить звук р,221,2
звук р дома,170,2
закрепляем звук р,74,2
виды звука р,126,2
звук р чтение,245,2
трудный звук р,47,2
автомати звука р,2,2
звук р вибрант,12,2
долгий звук р,24,2
механизм звука р,5,2
отработать звук р,20,2
артикулема звука р,2,2
звук р аудио,45,2
звук р картавит,20,2
звук р лежа,28,2
логоритмика звук р,19,2
выговаривание звука р,46,2
мнемотаблицы звук р,33,2
нейроавтоматизация звука р,4,2
матыкина звук р,25,2
звук р картавый,47,2
звук р твердый,935,2
онлайн звук р,296,2
звук р онлайн,291,2
звук р пособия,147,2
пособия звук р,137,2
звук р загадки,110,2
загадки звук р,110,2
формирование звука р,65,2
изучаем звук р,64,2
рифмовки звук р,23,2
символы звука р,15,2
звук р альвеолярный,13,2
альвеолярный звук р,13,2
смягчение звука р,12,2
выучить звук р,8,2
р звуки буквы,3837,2
звука р задания,2927,2
дифференциация звук р,1560,2
звука р картинка,1535,2
звук р ставить,513,2
найти звук р,288,2
чтение звук р,240,2
звук р учить,220,2
р звук разбор,95,2
тренировка звук р,69,2
мягкие звуки слова,20530,2
звук с словах,42041,2
слово сколько звуков,92112,2
слова по звуку,41430,2
слова звука с,44972,2
звук слова это,34818,2
слова гласный звук,80461,2
слова с звуком,44972,2
слова это звук,38086,2
слова слоги звуки,19666,2
звук анализ слова,3584,2
проверочное слово звуков,4650,2
звуки проверочное слово,4188,2
слово ель звуки,4714,2
звук слова вьюга,3676,2
звук значения слова,8844,2
слова без звука,6127,2
объяснить слово звук,7714,2
слово ель звуками,4713,2
звук б слова,11014,2
слова звуком т,7841,2
звук слова нет,3698,2
звуки слоги слова,18733,2
звуки английских слов,3239,2
золотые слова звук,1168,2
слово стало звуком,1757,2
разделить слово звуки,2235,2
звуки музыки слова,1606,2
слово якорь звуки,1993,2
слово съел звуки,1193,2
английские слова звук,3099,2
слово пень звуки,2089,2
звуки слова жизнь,2603,2
звук машины словами,1804,2
английское слово звук,3099,2
разные звуки словами,2980,2
звуки слова юбка,1528,2
слово земля звуки,2326,2
звуки слова солнце,3193,2
рифма слова звук,996,2
слово папа звук,148,2
звуки слова пеньки,337,2
звуки слова стулья,639,2
звуки слова пожалуйста,249,2
звуки слова вестник,416,2
милые звуки словами,149,2
звуки слова стул,789,2
слово съемка звуки,548,2
звуки слова белка,679,2
звуки слова крем,340,2
склонение слова звук,880,2
звук слова мел,748,2
однозначное слово звук,156,2
звуки слова лень,639,2
склонение слова звуки,880,2
страшные слова звук,142,2
звук подчеркивания слова,18,2
звук аськи словами,4,2
слово run звук,44,2
звук запикивания слова,16,2
мотивирующие слова звук,33,2
слово стоп звук,55,2
звук матерных слов,34,2
звук слова stare,33,2
звуки слова столб,124,2
слово пение звуки,3861,2
состав слова звуки,3670,2
звуки состав слова,3331,2
слово поет звуки,3313,2
звуки слово яблоко,3227,2
звуки слово поет,3118,2
звуки слова синонимы,2376,2
звуки синонимы слова,2149,2
звуки слова заяц,1716,2
слова пустой звук,1653,2
звуки слова мороз,1633,2
звуки слова медведь,1415,2
слово ключ звуки,1225,2
звуки слово ключ,1216,2
объявление звуки слова,1121,2
звуки слова звезды,1111,2
звуки слова дуб,771,2
слово чайник звуки,556,2
звуки слова баян,480,2
ть звук слова,442,2
слова звук ai,378,2
слова звук ть,363,2
слово привет звук,159,2
слова мотивация звук,36,2
слова полицейского звук,34,2
звука с слова,61215,2
звук слово что,46177,2
слова звуки мягкие,29674,2
слова мягкие звуки,20530,2
слова глухие звуки,20406,2
звуки мягкие слова,19511,2
глухие звуки слова,12215,2
слова звук б,11599,2
без звука слова,6127,2
проверочное слово звуки,4652,2
звуки слово ель,4566,2
звуков проверочное слово,4187,2
анализ слова звук,3435,2
3 чистоговорки,816,2
чистоговорки ра,66,2
чистоговорки текст,87,2
тр чистоговорки,97,2
чистоговорки книги,82,2
чистоговорки ф,89,2
ра чистоговорки,66,2
чистоговорки д,192,2
чистоговорки упражнения,95,2
чистоговорки м,133,2
текст чистоговорки,87,2
чистоговорки малышам,276,2
чистоговорки г,171,2
чистоговорки са,72,2
чистоговорки тр,101,2
чистоговорки школа,405,2
стишки чистоговорки,61,2
чистоговорки цифры,4,2
чистоговорки рки,7,2
чистоговорки пдф,17,2
книжки чистоговорки,7,2
чистоговорки зима,11,2
чистоговорки современные,6,2
чистоговорки э,38,2
чистоговорки ва,14,2
чистоговорки ма,32,2
чистоговорки мп3,9,2
чистоговорки примеры,44,2
чистоговорки логопедия,36,2
чистоговорки рл,6,2
песни чистоговорки,20,2
чистоговорки маленькие,47,2
надпись чистоговорки,3,2
зашифрованные чистоговорки,2,2
шутки чистоговорки,2,2
школа чистоговорки,405,2
д чистоговорки,205,2
б чистоговорки,196,2
м чистоговорки,154,2
упражнения чистоговорки,92,2
ф чистоговорки,89,2
книги чистоговорки,82,2
са чистоговорки,72,2
чистоговорки стишки,61,2
маленькие чистоговорки,47,2
примеры чистоговорки,44,2
э чистоговорки,38,2
логопедия чистоговорки,36,2
чистоговорки песни,20,2
чистоговорки цветы,20,2
ва чистоговорки,15,2
чистоговорки титульник,11,2
современные чистоговорки,6,2
чистоговорки летние,3,2
чистоговорки зашифрованные,2,2
чистоговорки шутки,2,2
чистоговорки зазаза,2,2
слоговые дорожки со звуком м,2,2
слоговая дорожка для чтения,30,2
слоговые дорожки шаблон,2,2
слоговые дорожки на ш,7,2
слоговые дорожки на звук л,2,2
слоговые дорожки звук с,8,2
слоговые дорожки на звук ш,5,2
слоговые дорожки скачать,2,2
задания логопеда для детей 6 7 лет распечатать на дом,2,2
звуковые линейки для логопеда распечатать,2,2
пишем с логопедом распечатать,50,2
задания логопеда на дом для детей 6 7 лет распечатать,2,2
рабочий лист физика,1609,2
больничный лист рабочий,1979,2
рабочие листы презентация,6818,2
гдз рабочий лист,1976,2
рабочий лист геометрия,2536,2
рабочий лист обществознание,1813,2
рабочие листы русский,40152,2
рабочие листы безопасность,3135,2
рабочие листы предложения,9565,2
приставка рабочий лист,2105,2
рабочий лист 1,68826,2
рабочий лист русский,27819,2
рабочий лист пример,1966,2
сказка рабочий лист,7540,2
метод рабочий лист,1451,2
рабочий лист ягоды,43,2
синонимы рабочий лист,150,2
инструмент рабочий лист,260,2
доделать рабочий лист,77,2
рабочий лист педагога,226,2
ярлык рабочего листа,65,2
определение рабочий лист,905,2
рабочие листы логопеда,259,2
рабочие листы пдд,336,2
рабочий лист птицы,206,2
изложение рабочий лист,992,2
рабочие iptv листы,363,2
обходной лист рабочего,69,2
толстой рабочий лист,328,2
рабочие листы уравнения,1346,2
паронимы рабочий лист,34,2
рабочий лист лабиринт,24,2
рабочий лист черепаха,23,2
листопадничек рабочий лист,21,2
форматирование рабочего листа,10,2
рабочий лист хамелеон,8,2
рабочий лист распознавания,7,2
рабочие листы haccp,2,2
рабочие листы насср,2,2
биология рабочий лист,3181,2
рабочие листы лето,2633,2
примеры рабочий лист,2100,2
рабочий лист примеры,1966,2
чек лист рабочий,891,2
рабочий чек лист,891,2
византия рабочий лист,685,2
рабочие листы материки,512,2
электронный рабочий лист,493,2
чехов рабочий лист,195,2
рабочие листы логика,183,2
рабочий лист грибы,165,2
рабочий лист словообразование,153,2
словообразование рабочий лист,153,2
рабочие листы логопедия,143,2
антонимы рабочий лист,142,2
рабочий лист антонимы,141,2
рабочие листы одежда,116,2
одежда рабочие листы,116,2
рабочий лист перевод,113,2
перевод рабочий лист,113,2
vba рабочий лист,100,2
рабочий лист vba,97,2
рабочий лист морфемы,89,2
пинтерест рабочий лист,87,2
рабочий лист can,67,2
рабочие листы обломов,63,2
тундра рабочий лист,35,2
юшка рабочий лист,30,2
рабочий лист байкал,29,2
рабочий лист алканы,15,2
урок рабочий лист,22101,2
физика рабочий лист,2440,2
рабочий лист приставка,2105,2
рабочий больничный лист,1885,2
рабочий лист определение,905,2
картинки рабочий лист,830,2
рабочий лист отношения,793,2
iptv листы рабочие,363,2
iptv рабочие листы,363,2
рабочие листы iptv,363,2
листы iptv рабочие,355,2
птицы рабочий лист,206,2
рабочий лист этикет,151,2
рабочий лист космос,89,2
мебель рабочие листы,32,2
лабиринт рабочий лист,29,2
рабочий лист ссп,27,2
рабочий лист листопадничек,26,2
арктика рабочий лист,23,2
рабочий лист закаливание,13,2
дифференциация звуков с,3746,2
задания дифференциация звуков,1372,2
дифференциация звуков пособия,86,2
дифференциация звука а,198,2
дифференциация звуков ц,405,2
цель дифференциации звуков,190,2
этапы дифференциации звуков,344,2
дифференциация звука м,173,2
дифференциация звука ль,609,2
дифференциация звуков щ,353,2
дифференциация звуков игры,590,2
слуховая дифференциация звуков,227,2
дифференциация звука ж,1118,2
игры дифференциация звуков,590,2
картотека дифференциации звуков,173,2
дифференциация звука д,412,2
дифференциация звуков задания,1372,2
дифференциация звуков примеры,31,2
дифференциация звуков сзшж,2,2
шевченко дифференциация звуков,2,2
дифференциация звуков дт,12,2
дифференциация звуков кт,2,2
дифференциация звуков жукова,7,2
дифференциация звуков литература,16,2
дифференциация звуков сш,10,2
дифференциация звуков сз,5,2
обследование дифференциации звуков,17,2
пособия дифференциация звуков,86,2
автоматизация звука и дифференциация,1033,2
дифференциация звуков речевой материал,815,2
дифференциация звуков в речи,444,2
звук л ль дифференциация,434,2
звук р рь дифференциация,395,2
игры на дифференциацию звука,353,2
звук с ц дифференциация,284,2
задание на дифференциацию звуков,280,2
дифференциация звуков и у,246,2
дифференциация звука ч ть,174,2
дифференциация звука с картинки,160,2
картинки на дифференциацию звуков,128,2
дифференциация звука с сь,115,2
дифференциация звука м н,107,2
дифференциация звуков р ль,106,2
картотека для дифференциации звуков,104,2
что такое дифференциация звука,65,2
дифференциация звуков ч ш,65,2
дифференциация звука х к,51,2
карточки для дифференциации звуков,45,2
дифференциация звуков з зь,41,2
дифференциация звука ч т,33,2
дифференциация звуков т ть,31,2
дифференциация звуков ц т,24,2
дифференциация звуков а я,18,2
дифференциация звуков ть дь,17,2
дифференциация звуков б д,16,2
дифференциация звуков л м,13,2
дифференциация звуков к кь,11,2
дифференциация звуков х с,10,2
дифференциация звуков p i,3,2
зачем нужна дифференциация звуков,2,2
звуки л р дифференциация,1073,2
звуки р л дифференциация,1073,2
дифференциация звуков з ш,155,2
дифференциация звуков ш з,155,2
дифференциация звуков с ч,53,2
дифференциация звуков ч с,53,2
дидактическая игра дифференциация звуков,49,2
дифференциация звуков сь ш,14,2
дифференциация звуков ш сь,14,2
дифференциация звуков у ю,10,2
дифференциация звуков ю у,10,2
р л звуки дифференциация,1049,2
дифференциация и автоматизация звука,930,2
автоматизация и дифференциация звука,898,2
речевой материал дифференциация звуков,793,2
звук рь р дифференциация,400,2
звук к т дифференциация,301,2
звук ц с дифференциация,284,2
дифференциация звук с ц,261,2
дифференциация звук ц с,261,2
дифференциация звуков у и,246,2
дифференциация звука ть ч,174,2
автоматизация дифференциация звука л,132,2
бесплатные логопедические игры,387,2
игры логопедической группе,625,2
скачать логопедическая игра,519,2
логопедическая игра скачать,519,2
игра логопедическая скачать,519,2
бесплатные игры логопедические,387,2
логопедическая игра футбол,16,2
шаблоны логопедических игр,60,2
сандрикова логопедические игры,91,2
проект логопедические игры,59,2
логопедические игры осень,75,2
игра дубль логопедический,20,2
дидактическая игра логопедическая,269,2
логопедические игры программы,85,2
логопедическая подвижная игра,121,2
интересная логопедическая игра,62,2
дидактическая логопедическая игра,269,2
логопедическая дидактическая игра,267,2
логопедические игры бродилки,21,2
логопедические игры книга,121,2
логопедические бесплатные игры,377,2
рыбалка логопедическая игра,15,2
games логопедические игры,2,2
ффн логопедические игры,5,2
торрент логопедические игры,2,2
логопедическая игра улитка,4,2
логопедическая игра паутинка,11,2
игра логопедическая ромашка,4,2
логопедические игры хомяковой,8,2
логопедическая игра прятки,4,2
спортивные логопедические игры,13,2
комарова логопедические игры,8,2
многофункциональная логопедическая игра,2,2
звенелочка логопедические игры,6,2
объемные логопедические игры,13,2
подвижная игра логопедическая,147,2
книга логопедические игры,124,2
книга игры логопедические,124,2
подвижная логопедическая игра,121,2
логопедические программы игры,85,2
программы логопедические игры,85,2
программы игры логопедические,85,2
игры логопедические программы,84,2
осень логопедические игры,75,2
логопедические деревянные игры,64,2
логопедические игры михайлова,50,2
игра рыбалка логопедическая,17,2
футбол логопедическая игра,16,2
игра логопедическая рыбалка,15,2
логопедическая игра рыбалка,15,2
игра футбол логопедическая,14,2
логопедические игры объемные,13,2
логопедическая игра дорожки,13,2
паутинка логопедическая игра,11,2
приложение логопедические игры,9,2
логопедические игры комарова,8,2
логопедический паровозик игра,7,2
жадина игра логопедическая,7,2
жадина логопедическая игра,7,2
игра жадина логопедическая,7,2
игра логопедический паровозик,7,2
игра улитка логопедическая,6,2
игра логопедическая улитка,6,2
фрукты задания логопеда,42,2
летние задания логопеда,26,2
грамматика логопед задания,36,2
занимательные задания логопеда,169,2
готовые задания логопеда,11,2
задания у логопеда,287,2
овощи задание логопеда,52,2
звук л задания логопеда,128,2
еженедельные задания логопеда воспитателю,57,2
еженедельные задания логопеда воспитателям,57,2
задания логопеда 6 класс,33,2
задания на словообразование логопед,9,2
логопед задание для детей,596,2
задания воспитателю от логопеда,157,2
задания логопеда звук л,128,2
задание логопеда грибы ягоды,17,2
логопед для малышей задания,13,2
логопед задания для малышей,13,2
звук б постановка,430,2
постановка звука задания,1025,2
постановки звука ш,2383,2
постановка звуков г,626,2
постановки звука к,1551,2
постановка звуков з,507,2
постановки звука в,7908,2
постановка звуков ребенку,1971,2
постановка звуков это,3422,2
постановка звука 3,1139,2
постановки звуков,33047,2
постановка звуков с,4186,2
постановке звука ч,559,2
постановка звука это,3422,2
постановка звука звуков,36293,2
механическая постановка звуков,240,2
алгоритм постановки звука,29,2
методы постановки звуков,87,2
ринолалия постановка звуков,133,2
постановка звуков схема,72,2
звук ы постановка,117,2
томилина постановка звуков,34,2
курсы постановки звуков,191,2
постановка звук ы,122,2
постановка звук п,144,2
методики постановки звуков,89,2
постановка звуков курсы,191,2
программа постановки звуков,147,2
постановка звуков карточки,67,2
постановка звуков пособия,139,2
план постановки звуков,213,2
постановка переднеязычных звуков,25,2
постановка звуков тд,8,2
фомичева постановка звуков,5,2
постановка звука мь,12,2
прогнатия постановка звуков,8,2
звук постановки печати,4,2
постановка звука r,18,2
звук постановка д,934,2
постановка звук д,790,2
постановка звук б,449,2
курсы постановка звуков,191,2
постановка звуков ринолалия,133,2
книга постановка звуков,96,2
постановки звуков методики,89,2
схема постановка звуков,72,2
постановка звуков томилина,34,2
постановка звуков переднеязычных,23,2
мь постановка звука,12,2
постановка звуков левина,6,2
постановка звуков фомичева,5,2
карточки для автоматизации звука,249,1
автоматизация звука карточки,528,1
карточки автоматизация звука,528,1
звук с автоматизация карточки,73,1
карточки для автоматизации звука з,7,1
карточки для автоматизации звука рь,9,1
карточки для автоматизации звука ш,12,1
карточки картинки для автоматизации звуков,8,1
автоматизация звука ль карточки,11,1
карточки для автоматизации звука ц,7,1
автоматизация звука щ карточки,29,1
карточки для автоматизации звуков картинки,12,1
карточки автоматизация звука рь,14,1
автоматизация звука рь карточки,10,1
карточки автоматизация звука щ,32,1
карточки автоматизация звука ль,15,1
карточки для автоматизации звука ль,8,1
автоматизация звука зь карточки,13,1
звук ш автоматизация карточки,47,1
карточки для автоматизации звука т,7,1
карточки для автоматизации звуков раннего онтогенеза,1,1
картотека карточек по автоматизации звуков,1,1
карточки на автоматизацию звука рь,2,1
карточки на автоматизацию звука з,1,1
звук л автоматизация речевой материал карточки с заданиями,1,1
карточки по автоматизации звуков с з,1,1
карточки на автоматизацию звука ль,2,1
логопедические карточки для автоматизации звуков скачать,2,1
карточки по автоматизации звука ш,1,1
карточки на автоматизацию звука щ,3,1
домашнее задание для логопедов,649,1
логопед домашние задания,2332,1
логопед задания домашние,2332,1
домашнее задание для логопеда,649,1
домашнее задание логопеда карточки,12,1
транспорт домашнее задание логопеда,16,1
домашнее задание логопеда осень,23,1
домашние задания логопеда весна,12,1
домашние задания школьного логопеда,17,1
весна домашние задания логопеда,12,1
логопед домашнее задание игрушки,39,1
домашние задания логопеда грамматика,17,1
птицы домашнее задание логопеда,28,1
домашнее задание логопеда транспорт,16,1
задания логопеда домашние животные,46,1
домашнее задание логопеда птицы,29,1
карточки домашнее задание логопеда,12,1
осень домашнее задание логопеда,24,1
домашние животные задания логопеда,46,1
домашнее задание ягоды логопед,8,1
домашние задания логопеда рыбы,5,1
домашнее задание логопеда мебель,6,1
домашнее задание логопеда спорт,5,1
мебель домашнее задание логопеда,6,1
домашнее задание логопеда подготовительная группа,213,1
домашнее задание логопеда для детей,173,1
автоматизация звука домашнее задание логопеда,141,1
домашних заданий логопеда старшая группа,100,1
домашние задания логопеда старшая группа,100,1
тетрадь для домашнего задания логопеда,92,1
домашняя тетрадь для заданий логопеда,85,1
домашнее задание логопеда звук л,57,1
домашнее задание от логопеда родителям,51,1
звук р домашнее задание логопеда,48,1
домашние задания логопеда домашние животные,46,1
домашние задания 6 лет логопед,43,1
тетрадь домашних заданий от логопеда,21,1
домашнее задание логопеда тема осень,16,1
автоматизация ш домашнее задание логопеда,15,1
домашнее задание логопеда в школе,12,1
автоматизация р домашнее задание логопеда,11,1
домашнее задание логопеда тема профессии,10,1
логопед тема весна домашние задания,9,1
домашнее задание логопед комнатные растения,9,1
домашнее задание логопеда тема семья,8,1
как выполнять домашние задания логопеда,7,1
правила выполнения домашнего задания логопеда,7,1
перелетные птицы домашние задания логопеда,6,1
тема транспорт логопед домашнее задание,5,1
домашнее задание логопеда тема транспорт,5,1
8 марта домашнее задание логопеда,4,1
логопед 8 марта домашнее задание,4,1
домашнее задание логопеда на лето,4,1
какие домашние задания задает логопед,4,1
домашнее задание логопеда тема лето,3,1
зачем логопед дает домашнее задание,3,1
домашнее задание логопеда моя семья,2,1
домашнее задание логопеда тема фрукты,1,1
домашнее задание логопеда теме цветы,1,1
времена года домашнее задание логопеда,1,1
морские обитатели домашнее задание логопеда,1,1
домашнее задание для родителей логопед,221,1
домашние задания логопеда для родителей,221,1
звук л домашнее задание логопеда,57,1
домашнее задание родителям от логопеда,51,1
домашнее задание логопеда звук р,48,1
домашние задания логопеда домашние птицы,30,1
домашние птицы домашние задания логопеда,29,1
тема осень домашнее задание логопеда,17,1
домашнее задание комнатные растения логопед,9,1
звук б домашнее задание логопеда,9,1
тема семья домашнее задание логопеда,8,1
наше тело домашнее задание логопеда,8,1
домашние задания логопеда перелетные птицы,6,1
логопед домашнее задание тема транспорт,5,1
домашнее задание на лето логопеда,5,1
логопед домашнее задание 8 марта,4,1
звук сь домашнее задание логопеда,4,1
8 марта домашнее задание логопед,4,1
домашнее задание логопед 8 марта,4,1
домашнее задание 8 марта логопед,4,1
домашнее задание логопеда 8 марта,4,1
мамин праздник домашнее задание логопеда,3,1
домашнее задание логопеда времена года,3,1
музыкальные инструменты домашнее задание логопеда,2,1
домашние задания для детей от логопеда,59,1
домашнее задание на звук от логопеда,32,1
домашнее задание логопеда для старшей группы,31,1
домашние задания логопеда для неговорящих детей,25,1
домашнее задание логопеда на звук р,16,1
домашние задания логопеда 4 5 лет,11,1
автоматизация звука ж домашнее задание логопеда,6,1
домашнее задание логопеда для младшей группы,5,1
одежда домашнее задание логопеда подготовительная группа,5,1
домашнее задание логопеда на тему осень,4,1
домашнее задание логопеда по теме овощи,4,1
домашнее задание логопеда тема перелетные птицы,4,1
домашние задания от логопеда тема игрушки,4,1
постановка звука ш домашнее задание логопеда,4,1
постановка звука с домашнее задание логопеда,3,1
домашнее задание логопеда день защитника отечества,3,1
домашнее задание логопеда на тему ягоды,3,1
домашнее задание логопеда овощи старшая группа,3,1
для чего логопед задает домашние задания,3,1
для чего логопед задает домашнее задание,3,1
домашнее задание логопеда на тему игрушки,2,1
постановка звука л домашнее задание логопеда,2,1
советы по выполнению домашних заданий логопеда,2,1
домашнее задание на лето от логопеда,1,1
домашнее задание логопеда животные холодных стран,1,1
домашнее задание логопеда по теме посуда,1,1
домашнее задание логопеда по теме одежда,1,1
домашнее задание логопеда по теме космос,1,1
домашние задания логопеда по теме насекомые,1,1
домашнее задание от логопеда на звук,32,1
домашнее задание на звук р логопеда,18,1
тетрадь для домашних заданий логопеда скачать,12,1
тема перелетные птицы домашнее задание логопеда,4,1
день защитника отечества домашнее задание логопеда,3,1
овощи домашнее задание логопеда старшая группа,3,1
домашнее задание логопеда старшая группа овощи,3,1
дидактический материал учителя логопеда в школе,2,1
дидактический материал своими руками для логопеда,10,1
дидактические материалы логопеда в школе,35,1
дидактический материал для школьного логопеда,5,1
дидактический материал логопеда своими руками,11,1
дидактический материал для логопеда это,2,1
дидактический материал для работы логопеда,18,1
дидактический материал логопед,355,1
дидактический материал для логопеда своими руками,10,1
купить дидактический материал для логопеда,2,1
логопед дидактический материал,346,1
для логопеда материал дидактический купить,2,1
дидактический материал логопеда это что,1,1
дидактический материал для логопеда купить,2,1
пальчиковая гимнастика картотека логопеда,12,1
картотеки логопеда в доу нищева,19,1
картотека логопеда доу,95,1
картотека дыхательной гимнастики логопед,14,1
картотеки учителя логопеда,37,1
картотека у логопеда,12,1
картотека игр логопеда,44,1
картотеки логопед,485,1
картотека для логопеда доу,24,1
картотека логопеда пальчиковая гимнастика,12,1
логопед картотеки,484,1
логопед картотека дыхательной гимнастики,10,1
картотека предметных картинок для логопеда,2,1
картотека пальчиковых игр для логопеда,2,1
картотека учителя логопеда в доу,1,1
картотека индивидуальных занятий логопеда с детьми,5,1
картотека домашних заданий логопеда в старшей группе,4,1
картотека домашних заданий логопеда в средней группе,1,1
постановка звука р поэтапно для логопеда конспекты занятий картотека,1,1
о с алексеева различаем звуки и буквы картотека заданий логопеда 1 4 классы,1,1
купить логопедические тренажеры,70,1
логопедический тренажер для детей,109,1
купить тренажеры логопедические,70,1
тренажеры логопедические купить,70,1
тренажер логопедический для детей,129,1
логопедические тренажеры купить,70,1
логопедический дыхательный тренажер,56,1
логопедический интерактивный тренажер,12,1
логопедический тренажер это,14,1
книга логопедический тренажер,23,1
тренажер логопедический это,14,1
логопедический тренажер перова,14,1
интерактивный логопедический тренажер,12,1
речевой тренажер логопедический,41,1
логопедический тренажер своими руками,21,1
книга тренажер логопедический,24,1
логопедический тренажер игрушка,14,1
дыхательные тренажеры логопедические,55,1
тренажер логопедический книга,24,1
перова логопедический тренажер,14,1
логопедический тренажер книга,24,1
дыхательные логопедические тренажеры,55,1
тренажер логопедический интерактивный,12,1
игра логопедический тренажер купить,5,1
логопедический тренажер дэльфа включает,7,1
окпд логопедический тренажер,10,1
логопедический тренажер бусинка,7,1
русский стиль логопедический тренажер,10,1
правила игры логопедический тренажер,6,1
бос логопедический тренажер,11,1
русский стиль тренажер логопедический,10,1
логопедический тренажер русский стиль,10,1
как играть логопедический тренажер,8,1
бос тренажер логопедический,11,1
тренажер логопедический русский стиль,10,1
логопедическая бусинка тренажер,7,1
логопедический тренажер окпд,10,1
логопедический тренажер бос,11,1
теремкова логопедические тренажеры,3,1
дельта тренажер логопедический,2,1
логопедический дельта тренажер,2,1
логопедический тренажер дельфа 141,1,1
дельта логопедический тренажер,2,1
тренажер дельта логопедический,2,1
тренажер логопедический дельта,2,1
логопедический тренажер дельта,2,1
скачать логопедический тренажер перова,3,1
логопедический тренажер правила игры,6,1
логопедический тренажер игра купить,4,1
логопедический тренажер перова скачать,3,1
логопедический тренажер дэльфа описание,2,1
логопедический тренажер подготовка к школе,34,1
компьютерный логопедический тренажер дэльфа 142,2,1
перова логопедический тренажер скачать бесплатно,1,1
подготовка к школе тренажер логопедический,34,1
подготовка к школе логопедический тренажер,34,1
тренажер логопедический подготовка к школе,34,1
тренажер логопедический бусина своими руками,3,1
тренажер бусина логопедический своими руками,3,1
школа для дошколят 6 7 тренажер логопедический,45,1
школа для дошколят 6 7 логопедический тренажер,31,1
тренажер логопедический 6 7 лет подготовка к школе гаврина,10,1
логопедическая игра тренажер для развития речевого дыхания у детей настольный футбол пенальти,1,1
логопедическая игра тренажер для развития речевого дыхания у детей настольная игра сокровища гномов,1,1
логопед индивидуальное занятие,2940,1
открытое занятие логопеда индивидуальное,5,1
какие индивидуальные занятия проводит логопед,22,1
логопед конспекты индивидуальных занятий,167,1
стоимость индивидуальных занятий с логопедом,22,1
продолжительность индивидуального занятия логопеда,41,1
индивидуальное открытое занятие логопеда,5,1
индивидуальное логопед занятие,2910,1
план индивидуальных занятий логопеда доу,92,1
время индивидуальных занятий логопеда,184,1
школьный логопед индивидуальные занятия,31,1
индивидуальные занятия логопедом,2910,1
индивидуальные занятия логопеда план,282,1
индивидуальные занятия с логопедом спб,11,1
индивидуальное занятие логопеда в школе,175,1
индивидуальное занятие логопед,2910,1
открытое индивидуальное занятие логопеда,5,1
индивидуальные занятия логопеда с аутистом,7,1
журнал индивидуальных занятий логопеда школы,2,1
график индивидуальных занятий учителя логопеда,1,1
сетка индивидуальных занятий учителя логопеда,1,1
индивидуальные занятия с логопедом минск,1,1
сколько минут индивидуальные занятия логопеда,46,1
журнал индивидуальных занятий логопеда в доу,49,1
план индивидуальных занятий логопеда в школе,39,1
конспекты индивидуальных занятий логопеда в доу,29,1
индивидуальные занятия логопеда по постановке звуков,20,1
программа индивидуальных занятий логопеда в доу,12,1
чем занимается логопед на индивидуальных занятиях,2,1
анализ индивидуального логопедического занятия учителя логопеда,2,1
индивидуальное занятие логопеда в старшей группе,57,1
программа для логопеда для индивидуальных занятий,52,1
тематическое планирование индивидуальных занятий учителя логопеда,19,1
календарный план индивидуальных занятий для логопеда,4,1
конспект индивидуального занятия логопеда в подготовительной группе,5,1
план индивидуальных занятий логопеда в средней группе,5,1
конспект индивидуального занятия учителя логопеда в доу,2,1
конспекты индивидуальных занятий логопеда в средней группе,2,1
тетрадь логопеда для индивидуальных занятий с ребенком,1,1
журнал учета индивидуальных занятий логопеда в школе,1,1
индивидуальное занятие логопеда с ребенком с онр,14,1
индивидуальные занятия с логопедом в средней группе,7,1
сколько должно длиться занятие с логопедом индивидуальное,6,1
продолжительность индивидуальных занятий с логопедом в школе,2,1
расписание индивидуальных занятий логопеда на логопункте в доу,2,1
рабочая тетрадь пишем вместе с логопедом скачать,4,1
скачать рабочая тетрадь логопеда,56,1
рабочая тетрадь логопеда 3 класс,19,1
рабочая тетрадь логопед,597,1
логопед 2 класс рабочая тетрадь,11,1
логопед рабочая тетрадь,597,1
рабочая тетрадь логопеда скачать,56,1
рабочие тетради для логопеда школы,15,1
рабочая тетрадь логопеда по развитию речи дошкольников через познание окружающего мира,2,1
логопедические карточки распечатать,35,1
карточки логопедические распечатать,37,1
распечатать логопедические карточки,35,1
карточки логопедические с картинками распечатать,2,1
звук и автоматизация,5530,1
звук р автоматизации,16918,1
автоматизация звука слова,8863,1
автоматизация звука словах,8433,1
звук в автоматизации,22063,1
звук ш автоматизации,8701,1
автоматизация звуков задания,5185,1
автоматизация на звуки,5001,1
автоматизация звуки ж,3040,1
автоматизация звуков картинка,2355,1
презентации автоматизация звука,1881,1
автоматизации звука ч,1853,1
автоматизация звуков чистоговорки,1388,1
автоматизация звука чистоговорки,1388,1
автоматизация звука скачать,1194,1
интересная автоматизация звуков,1070,1
автоматизация звука тетрадь,920,1
автоматизация звуков речи,891,1
автоматизация звука упражнения,734,1
автоматизация звуков упражнения,734,1
конспект автоматизации звуков,612,1
автоматизация звука изолированно,594,1
альбомы автоматизации звуков,581,1
альбомы автоматизация звуков,581,1
альбом автоматизация звуков,581,1
картотека автоматизации звука,573,1
автоматизация звука картотека,559,1
автоматизация звуков г,536,1
автоматизация звуков этапы,438,1
автоматизация звуков онлайн,351,1
автоматизация звуков б,337,1
автоматизация звук а,338,1
автоматизация звука от,298,1
автоматизация мягких звуков,296,1
автоматизация произношения звуков,275,1
автоматизация звука что,226,1
автоматизация звуков 3,208,1
автоматизация звуков матыкина,126,1
автоматизация звук й,119,1
спивак автоматизация звука,116,1
автоматизация звуков архипова,113,1
автоматизация твердых звуков,112,1
автоматизация звука или,102,1
методы автоматизации звука,69,1
звук дь автоматизация,61,1
порядок автоматизации звуков,60,1
звук пь автоматизация,47,1
последовательность автоматизации звуков,42,1
автоматизация звуков последовательность,40,1
автоматизация звука три,37,1
автоматизация звуков автор,33,1
ткаченко автоматизация звука,26,1
алгоритм автоматизации звука,23,1
автоматизация звуков смешарики,21,1
гальская автоматизация звука,18,1
веселая автоматизация звуков,16,1
автоматизация звуков надпись,14,1
правила автоматизации звука,14,1
правила автоматизации звуков,14,1
автоматизация звуков статья,13,1
автоматизация заднеязычных звуков,9,1
косинова автоматизация звуков,9,1
косинова автоматизация звука,9,1
значение автоматизации звуков,9,1
автоматизация звука сзц,7,1
музыкальная автоматизация звуков,7,1
автоматизация звуков теория,4,1
автоматизация звука h,3,1
секреты автоматизации звуков,3,1
автоматизация звука x,2,1
автоматизация звука l,2,1
автоматизация звука бп,2,1
автоматизация звука йот,2,1
успенский автоматизация звуков,1,1
автоматизация звука чщ,1,1
значимость автоматизации звуков,1,1
автоматизации звук в,21285,1
автоматизация звуков слова,8434,1
слова автоматизация звука,8174,1
звуки ш автоматизация,7958,1
автоматизация звук и,5598,1
картинка автоматизация звуков,2284,1
автоматизация звука презентации,1976,1
презентация автоматизация звука,1881,1
к автоматизация звуков,1725,1
чистоговорки автоматизация звуков,1326,1
скачать автоматизация звука,1233,1
тетради автоматизация звуков,1103,1
логопед автоматизация звуков,736,1
г автоматизация звуков,618,1
автоматизация звуков альбом,581,1
автоматизация звуков альбомы,581,1
этапы автоматизация звука,411,1
этапы автоматизация звуков,411,1
автоматизация этапы звуков,411,1
звук а автоматизация,336,1
онлайн автоматизация звуков,336,1
цель автоматизация звука,245,1
раскраска автоматизация звук,207,1
матыкина автоматизация звуков,117,1
звук й автоматизация,116,1
автоматизация звука спивак,116,1
архипова автоматизация звуков,113,1
автоматизация звук дь,68,1
автоматизация звуков сборник,57,1
автоматизация звук пь,50,1
нейро автоматизация звуков,33,1
таблица автоматизация звука,22,1
смешарики автоматизация звуков,20,1
надпись автоматизация звуков,15,1
статья автоматизация звуков,11,1
сзц автоматизация звука,8,1
картотека логопедических заданий,62,1
детские логопедические задания,112,1
крупенчук логопедические задания,127,1
логопедические задания дома,87,1
письменные логопедические задания,123,1
книга логопедические задания,71,1
тетрадь логопедические задания,1015,1
логопедические письменные задания,123,1
практические логопедические задания,153,1
логопедические задания письменные,123,1
логопедические задания тетрадь,1015,1
задания логопедические р,255,1
логопедическое задание картинки,83,1
логопедические задания крупенчук,137,1
логопедические тетради задания,1015,1
лето логопедические задания,61,1
логопедические задания ягоды,18,1
профессии задания логопедические,30,1
логопедические задания грибы,35,1
логопедические задания профессии,23,1
грибы логопедические задания,33,1
ягоды логопедические задания,18,1
логопедические задания игрушки,47,1
игрушки логопедические задания,34,1
логопедическое задание грибы,35,1
презентация логопедические задания,32,1
логопедические задания вк,49,1
сборник логопедических заданий,42,1
профессии логопедические задания,23,1
грамматические логопедические задания,35,1
овощи логопедическое задание,55,1
логопедические задания предлоги,17,1
логопедические задания индюк,1,1
слоги логопедические задания,13,1
жихарева логопедические задания,2,1
логопедические задания раскраски,13,1
50 логопедических заданий,3,1
смешные логопедические задания,2,1
предлоги логопедические задания,17,1
печатные логопедические задания,3,1
конструктор логопедических заданий,2,1
логопедические задания для ребенка,4386,1
логопедические задания для онр,2121,1
логопедические домашние задания теремковой,1596,1
логопедические задания 4 лет,1399,1
логопедические задания 4 5,927,1
логопедические домашние задания скачать,654,1
тетрадь логопедические задания бардышева,526,1
задания в логопедической группе,324,1
тетрадь для логопедических заданий,315,1
логопедические задания для звуков,184,1
логопедическое задание 1 класс,175,1
тетрадь логопедических заданий скачать,145,1
логопедические домашние задания звуки,100,1
тетрадь логопедическая с заданиями,82,1
логопедические задания в картинках,52,1
логопедические задания звук в,50,1
логопедические задания для маленьких,47,1
логопедические карточки с заданиями,42,1
логопедические домашние задания гном,41,1
логопедические задания тема лето,39,1
логопедическое задание младшая группа,39,1
логопедические задания буква р,36,1
логопедические задания на лето,33,1
картотека логопедические домашние задания,26,1
логопедические задания домашние животные,24,1
логопедические задания звук ц,22,1
логопедические задания для малышей,16,1
логопедические задание перелетные птицы,14,1
задание логопедическое перелетные птицы,14,1
логопедические презентации с заданиями,13,1
логопедические задания 10 лет,13,1
логопедические задания звук а,11,1
домашние птицы логопедические задания,11,1
логопедические задания 12 лет,10,1
сборник логопедических домашних заданий,8,1
звук б логопедические задания,8,1
логопедические раскраски с заданиями,7,1
логопедическое домашнее задание рыбы,7,1
логопедические задания при дизартрии,6,1
логопедические задания на логику,5,1
логопедические задания для первоклассников,4,1
логопедическое домашнее задание продукты,3,1
логопедические задания на шипящие,2,1
логопедические задания для первоклашек,1,1
логопедические задания на ритм,1,1
логопедические задания по пдд,1,1
логопедическое обследование первоклассников задания,1,1
буква б логопедические задания,1,1
задания логопедические для ребенка,4275,1
домашние логопедические задания теремковой,1557,1
скачать домашние логопедические задания,654,1
скачать логопедические домашние задания,654,1
домашние логопедические задания скачать,641,1
домашние задания логопедические скачать,641,1
бардышева логопедические задания тетрадь,490,1
тетрадь логопедические домашние задания,386,1
логопедические задания средняя группа,195,1
1 класс логопедическое задание,172,1
задание логопедическое 1 класс,171,1
скачать тетрадь логопедических заданий,145,1
5 класс логопедические задания,117,1
логопедические задания звук с,112,1
логопедические задания звук ш,80,1
задания логопедические звук ш,78,1
тема осень логопедические задания,77,1
логопедическая тетрадь с заданиями,60,1
звук в логопедические задания,46,1
задания логопедические в картинках,42,1
гном логопедические домашние задания,41,1
буква а логопедическое задание,39,1
домашние логопедические задания осень,30,1
логопедические домашние задания картотека,28,1
логопедические домашние задания животные,24,1
домашние животные логопедические задания,23,1
логопедические задания с родителями,22,1
звук ц логопедические задания,19,1
перелетные птицы логопедическое задание,14,1
логопедическое задание перелетные птицы,14,1
логопедические задания домашние птицы,12,1
задания логопедические домашние птицы,11,1
предлог на логопедическое задание,10,1
части тела логопедические задания,8,1
сборник домашних логопедических заданий,8,1
домашнее логопедическое задание посуда,8,1
дикие животные задания логопедические,7,1
дикие животные логопедические задания,7,1
раскраски логопедические с заданиями,7,1
для звука р,11454,1
как звук р,4930,1
звук р дети,4502,1
поставлю звук р,2868,1
звуки буква р,2614,1
звуки буквы р,2614,1
логопедический звук р,2090,1
согласный звук р,1955,1
логопед звуки р,1908,1
чистоговорка звука р,1759,1
звук р дифференциация,1543,1
видео звука р,1014,1
звук р звонки,903,1
звук р это,902,1
ставить звук р,519,1
артикуляции звука р,435,1
артикуляция звуков р,435,1
русский звук р,427,1
нет звука р,351,1
сложный звук р,312,1
научить звук р,251,1
карточка звук р,232,1
позиция звука р,230,1
сочетание звука р,227,1
учим звуки р,221,1
характеристики звука р,212,1
звук р раскраски,207,1
закрепление звуков р,202,1
пара звуку р,185,1
нормы звука р,163,1
замены звука р,161,1
развиваем звук р,158,1
р анализ звука,152,1
звук р пособие,147,1
место звука р,146,1
звук р стишки,146,1
звук р читать,140,1
звук р виды,126,1
загадки звука р,110,1
пересказ звук р,96,1
неправильный звук р,94,1
перегудова звук р,87,1
транскрипция звука р,81,1
звук р животные,81,1
р описание звука,80,1
вводим звук р,78,1
османова звук р,72,1
звук р тренировка,66,1
звук р транскрипция,62,1
дислалия звук р,61,1
звук р кроссворды,59,1
отсутствует звук р,58,1
ротацизм звука р,57,1
вызываем звук р,55,1
схема звука р,54,1
нижний звук р,53,1
звук р схема,51,1
запустить звук р,47,1
звук р форум,47,1
картавая р звук,47,1
боковой звук р,45,1
сахаровская звук р,41,1
утрированный звук р,36,1
фрукты звук р,33,1
фон звук р,33,1
поймать звук р,32,1
звук р картина,31,1
звук р мультик,31,1
богомолова звук р,30,1
звук р поставка,29,1
краснова звук р,28,1
звук р бродилка,27,1
ребусы звук р,27,1
обследование звука р,25,1
тренируем звук р,25,1
проверка звука р,25,1
носовой звук р,22,1
овощи звук р,22,1
пазлы звук р,22,1
ищем звук р,20,1
картавит звук р,20,1
картавить звук р,20,1
классификация звука р,20,1
отрабатываем звук р,20,1
улучшение звука р,20,1
установка звука р,19,1
смягчает звук р,19,1
звук р теремкова,17,1
путаница звук р,16,1
воспроизведение звука р,14,1
архипова звук р,13,1
техника звука р,10,1
колесникова звук р,10,1
репа звук р,10,1
буклет звук р,10,1
пропись звук р,9,1
непослушный звук р,8,1
дубль звук р,8,1
испанский звук р,7,1
гнусавый звук р,7,1
штриховка звук р,6,1
контроль звука р,4,1
актуализация звука р,3,1
рокочущий звук р,2,1
тарахтящий звук р,2,1
автоматизирование звука р,1,1
дифференцирование звука р,1,1
ювелирный звук р,1,1
артикулирование звука р,1,1
хлюпающий звук р,1,1
спектрограмма звука р,1,1
азарова звук р,1,1
звук р как,5284,1
р как звук,4902,1
звуки ребенка р,4502,1
р звуки ребенка,4496,1
буква р звуки,2540,1
звук р логопедический,2114,1
р звук согласный,1955,1
р согласный звук,1955,1
звуки р логопед,1897,1
звук р согласный,1878,1
р звук произношение,1631,1
произношение звук р,1416,1
звук р мягкая,1399,1
звук р правильный,990,1
р это звук,950,1
звук р русский,620,1
р два звука,468,1
жихарева звуки р,401,1
выговорить звук р,306,1
р характеристики звука,212,1
раскраски звук р,201,1
пара звуки р,185,1
звук р письмо,154,1
ударный звук р,149,1
стишки звук р,143,1
читать звук р,143,1
пособие звук р,137,1
виды звук р,126,1
анализ звука р,115,1
звук р пересказ,90,1
подготовка звук р,87,1
звук р перегудова,87,1
животные звук р,81,1
р транскрипция звука,81,1
описание звука р,80,1
слово из звуков,42268,1
звук слова что,46177,1
слово весь звуки,44617,1
2 звука слова,43683,1
слова на звука,49629,1
гласные звуки слова,44219,1
звуки слов это,34818,1
слова твердые звуки,14456,1
звуки со словами,17492,1
запиши слово звуками,18927,1
звук к слова,16471,1
слово 5 звуков,18634,1
звук для слов,15109,1
звуки слова все,28314,1
записать слова звуками,18875,1
разбор слова звукам,25843,1
слова 5 звуков,18634,1
звуки слово предложение,28721,1
слово звук слоги,26981,1
звуки у слова,16166,1
звука разбор слова,23538,1
слово язык звуками,33433,1
слово конец звук,13242,1
два звука слова,13123,1
звук конце слова,12298,1
звонкие звуки слова,12086,1
части слова звуки,10890,1
звуки слова где,9272,1
звуки слова сказал,9127,1
слова 6 звуков,8831,1
звук т словах,7839,1
слово маленькая звуки,8000,1
слово лист звуками,7212,1
звук под слова,6918,1
звук пример слов,6785,1
слова звук г,6829,1
слово кот звуки,6308,1
слова без звуков,6127,1
парные звуки слова,6090,1
слово три звука,5836,1
слово звук транскрипция,5593,1
транскрипция слова звуков,5593,1
звук слова нос,5470,1
звук слова яблоко,5416,1
слово люди звуки,5423,1
составить слово звук,5144,1
склонение слова звуками,5087,1
слова звука т,4910,1
слова звука ш,4805,1
звук слова поют,4680,1
слово деревья звуки,4322,1
под звуки слова,4223,1
звук слова скачать,4182,1
написать слово звуками,4121,1
звук д слова,3893,1
слово день звуки,3690,1
слово такого звуки,3470,1
слово книга звуками,3184,1
звуками слово друзья,3184,1
слово лестница звуки,3171,1
писать звук слово,3115,1
звуки слова днем,3107,1
слово шить звуки,3065,1
звук слова якорь,2795,1
слово коньки звуки,2731,1
звук воды словами,2665,1
звук й слова,2604,1
слово яма звуки,2621,1
звуки слова яма,2573,1
слово лес звуки,2544,1
звуки слово вьюга,2511,1
звуки слова вьюга,2511,1
звуки слова имя,2439,1
схема слова звуки,2443,1
звуки слова дома,2393,1
звуки схемы слов,2299,1
звуки слова земля,2221,1
звук слова no,2211,1
синоним слово звук,2184,1
синонимы слово звук,2184,1
звуки слово книга,2173,1
звуки моря словами,2182,1
заяц звуки слова,2098,1
слово еще звуки,2114,1
звуки слова дерево,2071,1
слово пальто звуки,2001,1
звуки слова якорь,1934,1
слово дочь звуки,1941,1
звуки слова торт,1915,1
звуки слова еще,1851,1
слова ассоциации звук,1851,1
слово пьет звуки,1762,1
звук ветра словами,1755,1
звуки слова часы,1710,1
слово часы звуки,1710,1
звуки зверей словами,1670,1
звуки слова маяк,1620,1
звук э слова,1591,1
звуки слова цветы,1572,1
слово дом звуки,1545,1
звуки слова юла,1504,1
слово тень звуки,1475,1
звуки слова ягода,1445,1
звуки слова свет,1422,1
звук ф слова,1332,1
слово варенье звуки,1264,1
слово берег звуками,1243,1
звук самолета словами,1244,1
звуками перенос слова,1204,1
слово карандаш звуками,1164,1
перенос слова звук,1126,1
звук словарное слово,1108,1
звуки слова съел,1101,1
слово сирень звуки,1090,1
звуки слова ясное,1067,1
слово тополь звуки,1065,1
слово бывает звуки,1007,1
рифма слову звуков,996,1
звуки слова ежи,990,1
слова изображающие звуки,991,1
звуки слова честный,983,1
звуки слова счастье,980,1
падеж слова звуками,969,1
падеж слова звуков,969,1
падеж слова звуки,969,1
звуки слова подъезд,966,1
звуки слова мед,959,1
слово очень звуки,935,1
звуки слова мяч,926,1
звук слово фраза,904,1
слово озеро звук,895,1
звуки тюленя словами,887,1
звуки слова тюлень,887,1
склонение слова звуков,880,1
слово веселье звуки,874,1
сила звука слова,859,1
звуки слова сад,848,1
звуки слов любви,811,1
звуки слова сказка,790,1
слово яблоня звуки,789,1
слово праздник звуки,785,1
голубь звуки слова,775,1
слово дуб звуки,771,1
звук рь словах,764,1
звук чайки словами,741,1
звук слова мама,702,1
слово стулья звуками,674,1
йод звуки слова,675,1
звуки слова иней,645,1
слово съезд звуки,617,1
звуки слова окно,618,1
слово иней звуки,614,1
слово кукла звуки,609,1
слово роща звуки,596,1
латинские слова звук,581,1
звуки слова здравствуйте,578,1
звуки слова оля,565,1
звуки слова теплый,558,1
история слова звук,551,1
звуки слова ежевика,528,1
слово резкий звуки,522,1
звук похожие слова,503,1
звуки слова пенал,499,1
слово мел звуки,476,1
звуки слова юноша,463,1
антоним слова звук,457,1
звуки слов мел,451,1
звуки слова мел,451,1
звуки слова пирог,445,1
слово утка звуки,432,1
звуки слова конечно,430,1
слово солнышко звуки,415,1
звуки слова бой,412,1
звук m слова,411,1
перевод слова звуком,407,1
звуки слова соль,406,1
звуки слова котенок,394,1
изображение звуков словами,366,1
звуки слова березка,365,1
звуки гитары слова,351,1
слово отец звуки,340,1
звуки слова йогурт,327,1
слово грядки звуки,322,1
музей звуки слова,312,1
перевод слова звук,308,1
слово гулять звуки,282,1
звуки слова ружье,277,1
страшные звуки словами,259,1
немецкие слова звуки,257,1
звук au слова,255,1
звук немецких слов,246,1
слово суп звуки,229,1
звуки слова вперед,227,1
звуки слова рожь,222,1
слово сок звуки,208,1
звуки стонов словами,198,1
слово ров звуки,197,1
звуки слова краб,185,1
звуки слова ветерок,171,1
звуки слова юбилей,162,1
звук слово спасибо,155,1
звук сирены словами,150,1
женские слова звук,145,1
звуки слова курица,134,1
звуки слова мазь,132,1
звуки слова ателье,123,1
свистящие звуки слова,123,1
звук автомобиля словами,108,1
звук дыма словами,105,1
звук появления слов,94,1
звуки появления слов,94,1
слова наоборот звук,90,1
звуки слова зебра,90,1
звук бега словами,86,1
звук sh слова,76,1
ребус слова звук,72,1
звуки слова салют,67,1
звуки слов сайт,66,1
звуки слова властный,61,1
звуки флейты слова,55,1
звук ck слова,55,1
арабские слова звук,52,1
звук робота слова,51,1
прикольные слова звуки,50,1
звук слова yes,48,1
звук поцелуя словами,35,1
звук поцелуя словом,35,1
слова мотивации звук,34,1
слова имитирующие звуки,33,1
звуки слов подписка,30,1
цензура слова звук,23,1
цензура слов звук,22,1
неразборчивые слова звук,19,1
звуки модема словами,9,1
звука подражательные слова,8,1
слова путина звуки,7,1
слова гласные звуки,47590,1
слова что звук,49269,1
звуки гласные слова,44219,1
звуки слова гласные,44219,1
слово большая звуками,36358,1
слово звук корень,26003,1
звук одним словом,22131,1
слова записать звуками,20591,1
слова звуками записать,20591,1
слово запиши звуками,20636,1
слова звуки твердые,19762,1
слово звуки твердые,19761,1
записать звуками слова,18875,1
слово звуки ударение,17596,1
слова звук к,17611,1
5 звуков слова,16926,1
твердые звуки слова,14456,1
слова звонкие звуки,12989,1
слова звуки звонкие,12989,1
звук слово конец,12291,1
звонкие слова звуки,12086,1
день звуки слова,9850,1
слова два звука,9284,1
звуками транскрипция слова,8373,1
транскрипция звуков слова,8373,1
звуком транскрипция слова,7938,1
звуков анализ слова,7375,1
слова звук ю,7200,1
д звук слова,6426,1
звуки английские слова,5981,1
слова английские звуки,5981,1
звуки падеж слова,5887,1
состав звуков слова,5554,1
звуков состав слова,5220,1
звук составить слово,5144,1
звуков транскрипция слова,5023,1
звуков составить слова,4882,1
слово путь звуки,4828,1
звуки слова тема,4783,1
проверочное слово звукам,4650,1
друзья слово звуками,4434,1
звуки слово деревья,4322,1
слова под звуки,4223,1
слова звук д,4206,1
звуки слово жизни,4132,1
написать звуками слово,4121,1
схема слова звуков,4115,1
слова звук скачать,3909,1
скачать звук слова,3909,1
слово звук песня,3753,1
песня звуки слова,3753,1
песня слово звук,3753,1
звуки слова песня,3646,1
слово друзья звуками,3308,1
звуки слово семья,3223,1
заучивание чистоговорки,46,1
чистоговорки б,178,1
автоматизация чистоговорки,2109,1
игра чистоговорки,148,1
слоги чистоговорки,237,1
чистоговорки свистящие,72,1
звук чистоговорки,8574,1
чистоговорки логопеда,263,1
чистоговорки звук,7973,1
чистоговорки у,195,1
звуков чистоговорки,8125,1
задание чистоговорки,79,1
чистоговорки звуков,7973,1
чистоговорки разные,44,1
чистоговорки спорт,21,1
набор чистоговорки,24,1
чистоговорки купить,30,1
найти чистоговорки,24,1
чистоговорки конфетка,29,1
мультики чистоговорки,22,1
чистоговорки во,38,1
чистоговорки ар,29,1
чистоговорки за,34,1
чистоговорки ы,28,1
чистоговорки еж,39,1
чистоговорки животные,38,1
чистоговорки мультик,22,1
чистоговорки задачи,31,1
чистоговорки фрукты,43,1
чистоговорки фольклор,19,1
чистоговорки жу,7,1
титульник чистоговорки,8,1
весна чистоговорки,10,1
смотреть чистоговорки,7,1
чистоговорки мишка,10,1
чистоговорки лев,7,1
чистоговорки шипуновой,18,1
чистоговорки посуда,10,1
чистоговорки транспорт,15,1
чистоговорки рыбы,8,1
чистоговорки сова,18,1
чистоговорки куликовская,16,1
чистоговорки азбука,7,1
чистоговорки четверг,14,1
мнемотаблица чистоговорки,19,1
ткаченко чистоговорки,6,1
чистоговорки паровоз,2,1
волшебные чистоговорки,2,1
чистоговорки чу,4,1
чистоговорки магазин,2,1
чистоговорки колобок,3,1
чистоговорки казакша,2,1
чистоговорки нищева,5,1
чистоговорки прикольные,3,1
чистоговорки аш,4,1
чистоговорки i,3,1
чистоговорки рю,6,1
чистоговорки корова,5,1
чистоговорки ноябрь,2,1
чистоговорки лигурия,4,1
чистоговорки аудио,6,1
чистоговорки фото,2,1
чистоговорки максакова,1,1
чистоговорки напечатать,1,1
чистоговорки w,1,1
чистоговорки цирк,1,1
чистоговорки фа,2,1
дикция чистоговорки,310,1
чистоговорки слоги,236,1
чистоговорки игра,165,1
чистоговорки задание,70,1
читаем чистоговорки,41,1
чистоговорки тра,35,1
купить чистоговорки,33,1
конфетка чистоговорки,29,1
ы чистоговорки,29,1
задачи чистоговорки,27,1
ри чистоговорки,24,1
чистоговорки набор,24,1
чистоговорки найти,24,1
мультик чистоговорки,22,1
чистоговорки мультики,21,1
спорт чистоговорки,21,1
куликовская чистоговорки,16,1
обувь чистоговорки,12,1
чистоговорки весна,12,1
колобок чистоговорки,11,1
мишка чистоговорки,11,1
посуда чистоговорки,10,1
чистоговорки смотреть,9,1
чистоговорки ежик,9,1
чистоговорки ткаченко,6,1
чистоговорки щенок,6,1
продолжи чистоговорки,6,1
аудио чистоговорки,6,1
нищева чистоговорки,5,1
корова чистоговорки,5,1
чистоговорки мусова,4,1
чистоговорки волшебные,3,1
чистоговорки математические,3,1
чистоговорки надпись,3,1
прикольные чистоговорки,3,1
азбука чистоговорки,3,1
чистоговорки говорилки,2,1
фото чистоговорки,2,1
слоговая дорожка звук,81,1
слоговые дорожки для чтения,18,1
слоговые дорожки по логопедии,2,1
слоговые дорожки для автоматизации звука р,5,1
слоговая дорожка на звук к,1,1
слоговые дорожки на звук р,3,1
слоговые дорожки звук ш,10,1
слоговые дорожки звук рь,4,1
звук ш слоговые дорожки,9,1
учимся читать слоговые дорожки,2,1
звуковые слоговые дорожки,11,1
слоговые дорожки р,10,1
слоговые дорожки для детей,1,1
слоговая дорожка звук с,8,1
слоговые звуковые дорожки,11,1
карточки логопеда распечатать,38,1
пособие для логопеда распечатать,49,1
картинки логопеда распечатать,62,1
распечатать пособие для логопеда,34,1
надпись уголок логопеда распечатать,1,1
книга логопеда распечатать,4,1
уроки логопеда распечатать,2,1
алфавит для логопеда распечатать,6,1
распечатать уроки логопеда,2,1
журнал логопеда в школе распечатать,2,1
журнал логопеда распечатать,14,1
рабочий лист книги,7431,1
бесплатные рабочие листы,5948,1
титульный лист рабочей,5005,1
рабочие листы счет,2955,1
рабочий лист образец,1662,1
образец рабочего листа,1662,1
бланк рабочего листа,1513,1
лист рабочей документации,1471,1
метод рабочего листа,1451,1
метод рабочие листы,1451,1
пример рабочего листа,1394,1
excel рабочий лист,1324,1
политика рабочий лист,1308,1
форма рабочего листа,1098,1
окончание рабочий лист,955,1
функции рабочего листа,931,1
электронные рабочие листы,910,1
рабочий лист учителя,874,1
рабочие листы библиотека,696,1
сайт рабочих листов,621,1
экология рабочий лист,513,1
рабочие листы немецкий,415,1
приложения рабочий лист,396,1
эксель рабочий лист,378,1
славяне рабочий лист,290,1
рабочий лист зима,281,1
рабочие листы цветы,271,1
рабочие листы зима,258,1
рабочий лист вселенная,241,1
рабочий лист рки,224,1
рабочие листы театр,210,1
букварь рабочие листы,193,1
рабочие листы синонимы,179,1
рабочий лист союз,159,1
worksheet рабочие листы,149,1
игрушки рабочие листы,131,1
конституция рабочий лист,129,1
1с рабочий лист,128,1
рабочий лист docx,128,1
гоголь рабочий лист,125,1
державин рабочий лист,114,1
фет рабочий лист,114,1
телефон рабочий лист,112,1
китай рабочий лист,101,1
рабочие листы транспорт,101,1
рабочий лист грибоедов,97,1
совокупность рабочих листов,91,1
рабочие листы насекомые,89,1
рабочие листы посуда,88,1
басня рабочий лист,80,1
вов рабочий лист,79,1
чуковский рабочий лист,57,1
краеведение рабочие листы,49,1
рождество рабочий лист,49,1
рабочий лист скелет,44,1
черчение рабочий лист,40,1
удаление рабочего листа,36,1
рабочий лист фотосинтез,35,1
рабочий лист животноводство,31,1
рабочий прокси лист,27,1
рабочие m3u листы,22,1
рабочие листы w,21,1
рабочий лист пчелы,20,1
безработица рабочий лист,14,1
пирамида рабочий лист,14,1
рабочий лист самоуправления,5,1
рабочий лист автосалон,5,1
миксике рабочие листы,3,1
рабочий лист спбгасу,1,1
рабочие листы планеты,4166,1
корень рабочий лист,4145,1
рабочие листы метод,3555,1
конспект рабочий лист,2334,1
рабочие листы пушкин,1486,1
рабочий лист excel,1306,1
рабочий лист углы,1113,1
рабочая ширина листа,1079,1
цвета рабочие листы,955,1
просвещение рабочие листы,815,1
англ рабочие листы,699,1
осенний рабочий лист,642,1
союз рабочий лист,582,1
рабочий лист треугольник,571,1
немецкий рабочие листы,415,1
рабочие листы ботаника,400,1
горизонт рабочие листы,399,1
рабочий лист эксель,378,1
рабочие листы ребусы,365,1
рабочие iptv лист,363,1
деньги рабочий лист,333,1
словосочетания рабочий лист,326,1
рабочие листы лермонтов,274,1
зима рабочий лист,271,1
цветы рабочие листы,271,1
проценты рабочие листы,267,1
рки рабочий лист,224,1
рабочие листы игрушки,221,1
см рабочий лист,218,1
рабочие листы букварь,200,1
береза рабочий лист,185,1
тютчев рабочий лист,184,1
синонимы рабочие листы,150,1
рабочие листы worksheet,149,1
рабочий лист гоголь,125,1
эмоции рабочие листы,112,1
весна рабочие листы,105,1
весна рабочий лист,102,1
басни рабочий лист,99,1
рыбы рабочий лист,80,1
рабочий лист рождество,48,1
рабочие листы радуга,43,1
рабочий лист hello,37,1
фотосинтез рабочий лист,33,1
мебель рабочий лист,32,1
рабочий лист лишайники,30,1
стилистика рабочий лист,28,1
прокси лист рабочий,27,1
рабочий лист экосистемы,24,1
рабочие листы m3u,22,1
рабочий лист пирамида,21,1
рабочий лист смута,15,1
животноводство рабочий лист,14,1
рабочий лист безработица,14,1
рабочие листы улитка,11,1
дифференциация звука к,932,1
дифференциация звука в,2690,1
дифференциация к звука,932,1
дифференциации звука,12857,1
дифференциация звуков ж,1118,1
дифференциация звуков речи,724,1
дифференциации звуков это,202,1
презентация дифференциация звуков,256,1
этап дифференциации звуков,344,1
дифференциация звуков согласных,252,1
дифференциация звуков п,310,1
дифференциация звука ф,228,1
дифференциация звуков ч,503,1
нарушение дифференциации звуков,312,1
дифференциация звука этапы,354,1
дифференциация звуков презентация,259,1
игра дифференциация звуков,590,1
дифференциация звука у,380,1
дифференциация согласных звуков,252,1
дифференциация звука б,346,1
дифференциация звуков игра,590,1
дифференциация звука это,202,1
коноваленко дифференциация звуков,9,1
книга дифференциация звуков,32,1
карточки дифференциация звуков,87,1
приемы дифференциации звуков,29,1
диагностика дифференциации звуков,41,1
порядок дифференциации звуков,9,1
дифференциация звука й,167,1
дифференциация звуков нарушена,53,1
дифференциация звука х,107,1
дифференциация звука вь,37,1
дифференциация звуков цель,177,1
дифференциация звуков х,107,1
дифференциация музыкальных звуков,16,1
дифференциация звуков тетрадь,105,1
дифференциация звуков чистоговорки,185,1
дифференциация звуков таблица,8,1
дифференциация звуков аоу,1,1
правила дифференциации звуков,1,1
дифференциация звуков шж,1,1
цель дифференциация звуков,190,1
чистоговорки дифференциация звуков,183,1
тетрадь дифференциация звуков,110,1
дифференциация х звуков,107,1
дифференциация звуков изолированных,101,1
дифференциация звуков карточки,87,1
дифференциация звуков книга,32,1
таблица дифференциация звуков,12,1
дифференциация звуков коноваленко,9,1
дифференциации звуков с з,820,1
звук с з дифференциация,820,1
звуки з ж дифференциация,664,1
дифференциации звуков з ж,664,1
звуки ш ж дифференциация,546,1
дифференциации звуков ж ш,546,1
дифференциация звук л в,465,1
дифференциации звуков л ль,434,1
дифференциация звуки р рь,395,1
постановка автоматизация дифференциация звуков,347,1
дифференциация звуков в предложениях,329,1
дифференциации звуков п б,320,1
звуки б п дифференциация,265,1
дифференциация звука ц с,261,1
работа по дифференциации звуков,242,1
дифференциация звуков у ребенка,235,1
дифференциация звуков в ж,204,1
дифференциация звуков с ж,184,1
дифференциации звуков щ ч,180,1
дифференциация звуков для школьников,178,1
дифференциация звуков и букв,178,1
дифференциации звуков в ф,156,1
дифференциация звука в картинки,153,1
дифференциация звука с конспект,145,1
игра для дифференциации звуков,125,1
дифференциация звука ль й,124,1
слова на дифференциацию звуков,120,1
звук ц ч дифференциация,98,1
дифференциация звуков в скороговорках,90,1
слова для дифференциации звуков,86,1
дифференциации звуков г д,67,1
дифференциация звуков с л,63,1
дифференциация звуков в рассказах,56,1
дифференциация звука л презентация,52,1
тетрадь для дифференциации звуков,48,1
дифференциация звука з зь,41,1
дифференциация звука р презентация,39,1
дифференциация звуков сь зь,34,1
дифференциация звуков а о,24,1
дифференциация звуков картинный материал,22,1
дифференциация звуков п к,22,1
дифференциация твердого звука с,20,1
дифференциация звуков щ ц,16,1
диагностика на дифференциацию звуков,15,1
карточки на дифференциацию звуков,15,1
дифференциация звуков ш ф,14,1
дифференциация звуков сь ть,13,1
пособия по дифференциации звуков,13,1
пособие по дифференциации звуков,13,1
дифференциация звуков г б,12,1
дифференциация звуков с ф,12,1
дифференциация изолированных звуков это,12,1
дифференциация звуков б бь,9,1
дифференциация оппозиционных звуков картинки,9,1
резниченко дифференциация согласных звуков,9,1
рассказы на дифференциацию звуков,7,1
азова чернова дифференциация звуков,7,1
дифференциация звуков п пь,6,1
дифференциация шипящих звуков презентация,6,1
дифференциация звуков по фомичевой,5,1
дифференциация звука с i,4,1
дифференциация звуков ль вь,3,1
мнемотаблицы на дифференциацию звуков,2,1
стишки для дифференциации звуков,2,1
альбом на дифференциацию звуков,2,1
улитки на дифференциацию звуков,1,1
дифференциация звуков сш зж,1,1
дифференциации звуков з с,820,1
дифференциация звук с з,820,1
дифференциации звуков ж з,690,1
звуки ж з дифференциация,664,1
дифференциация звуки ж з,664,1
дифференциация звуки з ж,664,1
звуки ж ш дифференциация,546,1
дифференциации звуков ш ж,546,1
дифференциация звуки ж ш,546,1
дифференциация звуки ш ж,546,1
звук л в дифференциация,492,1
звуки р рь дифференциация,395,1
постановка звуков автоматизация дифференциация,347,1
звуки п б дифференциация,265,1
дифференциация звуки б п,265,1
дифференциации звуков б п,265,1
дифференциация звука с ц,261,1
дифференциация автоматизация звука с,225,1
автоматизация дифференциация звука с,225,1
дифференциация звуков ж с,184,1
дифференциация звуков гласных звуков,181,1
дифференциация букв и звуков,178,1
конспект дифференциация звука с,145,1
игры логопедические звуки,747,1
звуки логопедические игры,829,1
логопедические игры звуки,724,1
логопедические игры видео,32,1
игры логопедической ритмики,60,1
презентация логопедические игры,133,1
баскакина логопедические игры,43,1
логопедические пальчиковые игры,100,1
логопедическая игра это,33,1
логопедическая игра купить,190,1
картинка логопедические игры,125,1
картотеки логопедических игр,176,1
лексические игры логопедические,69,1
речевая логопедическая игра,214,1
своя игра логопедическая,183,1
логопедический сайт игр,42,1
презентация логопедическая игра,133,1
игра логопедический онлайн,596,1
нейро логопедические игры,31,1
летние логопедические игры,16,1
логопедическая игра магазин,19,1
логопедические игры овощи,27,1
магазин логопедических игр,19,1
логопедические игры озон,23,1
логопедические игры пк,16,1
логопедическое лото игра,30,1
логопедическая игра муха,27,1
логопедическая игра гласные,29,1
обучающие логопедические игры,21,1
логопедические игры лото,30,1
косинова логопедические игры,29,1
игра логопедическая футбол,17,1
логопедические игры фрукты,27,1
новые логопедические игры,30,1
авторские логопедические игры,14,1
логопедическая игра путешествие,6,1
смотреть логопедические игры,7,1
примеры логопедических игр,11,1
логопедические игры фото,7,1
логопедическая игра почтальон,10,1
логопедические игры шалаева,6,1
игры ходилки логопедические,12,1
логопедическая игра тигренок,10,1
логопедические экологические игры,11,1
логопедические игры лебедевой,8,1
игра логопедический лабиринт,12,1
логопедическая игра ходилка,12,1
классификация логопедических игр,7,1
логопедический поезд игра,11,1
логопедические игры примеры,14,1
логопедическая игра цепочки,5,1
логопедическая игра слумари,1,1
необычные логопедические игры,3,1
логопедические игры домино,2,1
логопедическая игра жадина,4,1
майнкрафт логопедическая игра,3,1
логопедическая игра грибы,1,1
логопедические игры дислексия,4,1
логопедическая речевая игра,214,1
игра речевая логопедическая,213,1
интерактивная игра логопедическая,196,1
купить логопедическая игра,190,1
логопедическая своя игра,183,1
л логопедическая игра,172,1
презентация игры логопедические,154,1
игры логопедические презентация,136,1
логопедическая игра презентация,133,1
логопедическая презентация игра,133,1
логопедические игры презентация,133,1
логопедические игры картинка,119,1
пальчиковые игры логопедические,100,1
пальчиковые логопедические игры,100,1
музыкальные логопедические игры,98,1
логопедические музыкальные игры,98,1
логопедические сюжетные игры,87,1
логопедическая игра квест,66,1
логопедическая квест игра,66,1
деревянные логопедические игры,66,1
игра логопедическая овощи,46,1
овощи игры логопедические,46,1
предлоги логопедическая игра,40,1
чтение логопедические игры,39,1
логопедические игры новые,35,1
логопедическая игра тигра,33,1
тигра логопедическая игра,33,1
тигра игра логопедическая,33,1
логопедические видео игры,32,1
видео игры логопедические,30,1
видео логопедические игры,30,1
игры логопедические видео,30,1
игра логопедическое лото,30,1
логопедические лото игры,30,1
логопедические игры косинова,29,1
овощи логопедическая игра,27,1
овощи логопедические игры,27,1
фрукты логопедические игры,27,1
игра логопедическая диагностика,23,1
логопедическая игра предлоги,22,1
обучающие игры логопедические,21,1
логопедические обучающие игры,21,1
логопедические игры обучающие,21,1
игра логопедическая магазин,20,1
магазин логопедическая игра,19,1
игра логопедический дубль,19,1
озон логопедические игры,18,1
логопедические летние игры,16,1
логопедические игры авторские,14,1
логопедические авторские игры,14,1
игра логопедическая ходилка,12,1
игра ходилка логопедическая,12,1
логопедические игры ходилки,12,1
инструменты логопедические игры,12,1
инструменты игры логопедические,12,1
ходилки логопедические игры,12,1
экологические логопедические игры,11,1
игра логопедический поезд,11,1
тигренок логопедическая игра,10,1
почтальон логопедическая игра,10,1
игры лебедевой логопедические,10,1
игра тигренок логопедическая,9,1
логопедические игры смотреть,7,1
фото логопедические игры,7,1
шалаева логопедические игры,6,1
задания детям логопеда,946,1
задания логопеда детям,946,1
задания для логопедов,2283,1
задания воспитателям логопеда,466,1
задания логопеда семья,30,1
логопед задания игрушки,43,1
картинки задания логопеда,88,1
задания логопеда фрукты,42,1
задания логопеда интересные,53,1
игрушки задания логопеда,39,1
задание логопеда дом,181,1
логопед дефектолог задания,66,1
дом задание логопеда,141,1
задания семья логопед,48,1
р логопед задания,204,1
индивидуальные задания логопеда,158,1
задания логопеда игрушки,39,1
задания логопеда картинки,88,1
задания логопеда воспитателям,466,1
деревья логопед задания,28,1
афазия задания логопеда,18,1
предлоги задание логопеда,16,1
семья задания логопеда,21,1
задание логопеда насекомые,16,1
насекомые задание логопеда,16,1
грибы задания логопеда,22,1
предлоги логопед задания,15,1
логопед словообразование задания,14,1
первоцветы задания логопеда,3,1
задания логопеда для детей,579,1
задания логопед 2 класс,221,1
задание логопеда лексическая тема,206,1
задание логопеда 3 класс,144,1
задания логопеда 4 класс,127,1
задания логопеда на р,126,1
развитие речи задание логопеда,116,1
задания логопеда в школе,104,1
задания логопеда на дом,74,1
задания логопеда на лето,56,1
задания логопеда в картинках,30,1
логопед 5 класс задания,28,1
яровская занимательные задания логопеда,7,1
интересные задания от логопеда,5,1
задание один много логопед,4,1
школьные принадлежности задания логопеда,4,1
задания логопеда для первоклассников,3,1
задания логопеда про осень,2,1
родственные слова задания логопеда,1,1
фразовая речь задания логопеда,1,1
задания для детей логопеда,579,1
2 класс логопед задания,221,1
логопед 2 класс задания,190,1
логопед задания 2 класс,190,1
логопед задания для школьников,160,1
логопед 3 года задания,111,1
логопед задания 3 года,111,1
логопед задания 6 лет,108,1
задания логопед 3 года,106,1
задания на дом логопеда,74,1
задания для занятий логопеда,62,1
задания на лето логопеда,56,1
5 класс логопед задания,46,1
логопед задания 5 класс,38,1
звук б задания логопеда,19,1
буква с задание логопеда,18,1
тема одежда задания логопеда,8,1
день победы задания логопеда,7,1
логопедия постановка звука,694,1
постановке звука к,1551,1
звуки постановка,36293,1
способ постановки звука,811,1
занятие постановка звука,1733,1
звук д постановка,756,1
постановки звука с,4187,1
постановка звуков упражнения,1711,1
постановка звуков д,790,1
постановка звука зондом,579,1
звук й постановка,101,1
цель постановки звука,157,1
свистящие звуки постановка,210,1
постановка звуков п,144,1
звук х постановка,181,1
постановка звуков возраст,131,1
дизартрия постановка звуков,288,1
постановка звука картинки,209,1
звук ф постановка,266,1
скачать постановка звука,170,1
постановка звуков презентации,380,1
правила постановки звуков,277,1
постановка звука пособие,139,1
картинки постановка звуков,218,1
этап постановки звука,555,1
технология постановки звуков,93,1
звук постановки предмета,28,1
постановка звуков глухим,32,1
постановка звуков шпателем,54,1
алгоритм постановки звуков,29,1
коноваленко постановка звуков,43,1
агаева постановка звуков,28,1
быстрая постановка звуков,64,1
звук ть постановка,43,1
заднеязычные звуки постановка,59,1
виды постановки звуков,37,1
обучение постановки звуков,73,1
система постановки звуков,62,1
звук i постановка,28,1
постановка звуков описание,56,1
онлайн постановка звуков,85,1
комарова постановка звуков,26,1
постановка звука th,3,1
постановка звука h,6,1
постановка звуков ткаченко,12,1
постановка звуков теория,5,1
постановка звука пь,12,1
постановка звука w,5,1
постановка звуков одновременно,22,1
чиркина постановка звуков,12,1
постановка звука j,20,1
семинар постановка звуков,7,1
звук вь постановка,24,1
карта постановки звуков,21,1
нищева постановка звуков,5,1
постановка звуков литература,18,1
срок постановки звука,25,1
постановка звуков шпаргалка,1,1
постановка звуков перевод,1,1
постановка звуков кгх,1,1
постановки звук ш,2727,1
постановка звука занятие,1756,1
постановки звуков занятия,1756,1
упражнения постановка звуков,1711,1
звуки сигнализаций постановки,902,1
постановка звука логопедия,694,1
презентации постановка звуков,380,1
постановка звуков дизартрия,318,1
постановка звук ф,291,1
постановка звука свистящих,210,1
постановка свистящие звуки,210,1
постановка звуков картинки,209,1
постановка звук х,180,1
постановка звука скачать,170,1
пособие постановка звука,139,1
постановка звук й,100,1
постановка звуков методики,89,1
постановка звуков онлайн,85,1
карточки постановка звуков,66,1
постановка звуков коноваленко,44,1
постановка звук ть,40,1
постановка звуков агаева,29,1
постановка звуков комарова,26,1
постановка звуков лекция,24,1
одновременно постановка звуков,22,1
литература постановка звуков,18,1
постановка звуков вебинар,17,1
ткаченко постановка звуков,12,1
постановка звуков чиркина,12,1
постановка звуков семинар,7,1
постановка звуков нищева,5,1
h постановка звука,5,1
теория постановка звуков,5,1
карточку на автоматизацию звуков,138,0
карточки автоматизации звуков,528,0
карточки автоматизации звука,528,0
автоматизация звуков на карточках,138,0
карточки для автоматизация звуков,249,0
карточка автоматизация звука с,73,0
карточки для автоматизации звуков в,37,0
карточка автоматизация звука ш,42,0
карточка автоматизация звука л,50,0
карточки автоматизации звука ш,41,0
карточка звук ш автоматизация,47,0
карточки автоматизация и дифференциация звуков,38,0
карточка автоматизация звука р,69,0
карточки автоматизации звука л,50,0
звук л автоматизация карточки,52,0
автоматизация звука ш карточка,47,0
звук р автоматизация карточки,69,0
автоматизация звука р карточка,67,0
автоматизация звуков ш карточки,38,0
логопедические карточки для автоматизации звука,52,0
карточки автоматизации звука р,69,0
карточки для автоматизации звука в,36,0
автоматизация звука ж карточка,20,0
карточка автоматизация звука ж,23,0
карточка по автоматизации звуков,24,0
карточки на звук с автоматизация,22,0
карточки на автоматизацию звуков с,24,0
карточки автоматизация звука ж,21,0
карточки автоматизация звука ц,28,0
карточки по автоматизации звука,24,0
автоматизация звуков в словах карточки,27,0
карточки звук ж автоматизация,23,0
карточки автоматизация звука з,28,0
карточка для автоматизации звука с,27,0
карточка на автоматизацию звука с,22,0
карточки для автоматизации звуков р,25,0
автоматизация звуков набор карточек,34,0
автоматизация звука з карточка,20,0
карточки для автоматизации звука в словах,14,0
карточка на звук л автоматизация,15,0
карточки для автоматизации звуков л,16,0
карточки автоматизация звука сь,15,0
карточка на автоматизацию звука р,16,0
карточки для автоматизации звуков в словах,14,0
карточка на автоматизацию звука в,19,0
карточки на автоматизацию звуков р,16,0
логопедические карточки на автоматизацию звуков,17,0
карточки на звук л автоматизация,15,0
карточки для автоматизации и дифференциации звуков,19,0
карточки на автоматизацию звуков л,19,0
карточки автоматизации звуков скачать,15,0
карточка для автоматизации звука л,16,0
карточки на автоматизацию звука в,19,0
карточки автоматизация звука к,14,0
карточки автоматизация звука купить,10,0
карточка для автоматизации звука ш,11,0
речевые карточки для автоматизации звуков,12,0
домашние задания автоматизация звуков карточки,11,0
карточки автоматизация звука н,11,0
логопедические карточки для автоматизации звука р,10,0
автоматизация звуков карточки с заданиями,13,0
автоматизация звука к карточки,12,0
автоматизация звука р карточки задания,13,0
скачать автоматизация звуков карточки,11,0
автоматизация звука с карточки с заданиями,13,0
автоматизация звука с в карточках,13,0
карточки автоматизация всех звуков,10,0
автоматизация звука с карточки задания,13,0
карточка на автоматизацию звука л,14,0
автоматизация звуков карточки купить,10,0
карточки картинки для автоматизации звука с,7,0
автоматизация свистящих звуков карточки,8,0
карточки для автоматизации звука н,9,0
автоматизация звука т карточки,7,0
карточки на автоматизацию всех звуков,9,0
карточка для автоматизации звука т,7,0
карточка для автоматизации звука к,10,0
логопедические карточки с картинками для автоматизации звуков,9,0
карточка на автоматизацию звука ш,9,0
логопедические карточки для автоматизации звука л,8,0
автоматизация звука с речевой материал карточки,10,0
карточки для домашнего задания автоматизация звука,9,0
карточек на автоматизацию звука ш,7,0
карточки автоматизация звука ш ж,9,0
автоматизация звука р карточки с заданиями,10,0
карточки с картинками для автоматизации звуков,7,0
логопедические карточки для автоматизации звука ч,5,0
логопедические карточки для автоматизации звуков в словах,6,0
автоматизация звука р в словах карточки,6,0
карточки для автоматизации звука р в словах,6,0
карточки на звук ш автоматизация,6,0
логопедические карточки на автоматизацию звука с,6,0
карточки для автоматизации звука л ль,7,0
карточки автоматизация звука щ в,6,0
карточки для автоматизации звуков с картинками,7,0
карточки по автоматизации и дифференциации звуков,6,0
карточки для логопеда на автоматизацию звука,7,0
карточки для автоматизации звука ш ж,7,0
карточки на автоматизацию звуков с картинками,6,0
карточки для автоматизации звуков купить,6,0
карточки автоматизации и дифференциации поставленных звуков,7,0
карточки автоматизация звука р рь,5,0
автоматизация звука ж в словах карточка,4,0
автоматизация звук г карточки,5,0
карточки для автоматизации звука ш в,5,0
автоматизация звуков карточки скачать бесплатно,4,0
карточка 1 автоматизация звука,5,0
автоматизация звуков карточки логопедические купить,4,0
карточки для автоматизации звуков скачать,5,0
карточки автоматизация звука г,5,0
логопедические карточки для автоматизации звука ш,5,0
автоматизация звука г карточки,5,0
карточки для автоматизации звуков г,5,0
логопедические карточки для автоматизации звуков ч,5,0
автоматизация звука р карточки со словами,4,0
карточки для автоматизации звуков р рь,5,0
карточка автоматизация звука р в предложениях,5,0
карточка 2 автоматизация звука,4,0
карточки по автоматизации звука с,3,0
карточки на автоматизацию звука купить,3,0
автоматизация звука с в словах карточки,3,0
картотека карточек на автоматизацию звуков,3,0
автоматизация звука рь в словах карточки,3,0
карточки на автоматизацию звуков купить,3,0
звук ш автоматизация в словах карточки,3,0
автоматизация звука в речевой материал карточки,3,0
карточки автоматизация звука с в словах,3,0
автоматизация звука ш в словах карточки,3,0
карточки для автоматизации звуков в слогах,4,0
карточки задания для автоматизации звука ш,3,0
карточки занятий по автоматизации звуков,3,0
автоматизация звука ш карточки для домашнего задания,3,0
картотека автоматизации звука карточки,4,0
карточки по автоматизации звуков с,3,0
карточки по автоматизации звуков скачать,2,0
карточки на автоматизацию звука р в словах,2,0
дидактические карточки для автоматизации звуков,2,0
карточки для домашнего задания по автоматизации звуков,2,0
автоматизация звука л речевой материал карточки,2,0
карточка по автоматизации звука с,2,0
карточки задания по автоматизации звуков,3,0
игры с карточками для автоматизации звуков,2,0
автоматизация звука п карточки,2,0
автоматизация звука ф карточки,2,0
500 карточек для автоматизации звуков,3,0
автоматизация звука ш в предложениях карточки,2,0
игры и карточки автоматизации звуков,2,0
автоматизация звука х карточки,2,0
карточка по автоматизации звука р,3,0
скачать карточки по автоматизации звуков,2,0
500 карточек для автоматизации звуков эсауловой,2,0
карточки для автоматизации звука к г,2,0
карточки для автоматизации звука х,2,0
автоматизация звука ш карточка 2,2,0
карточки на автоматизацию звука к,2,0
карточки постановки и автоматизации звуков,2,0
карточки для автоматизации звуков к г,2,0
карточки на автоматизацию звуков для малышей,2,0
автоматизация звуков к г карточки,2,0
карточки по автоматизации звуков раннего онтогенеза,2,0
карточки с заданиями для автоматизации звуков,2,0
карточки для логопеда по автоматизации звуков,2,0
карточка автоматизация звука с в словах,2,0
карточки домашнего задания по автоматизации звуков,2,0
звуки домашнее задание логопеда,566,0
домашние задание логопеда,2259,0
домашних задания логопеда,2259,0
домашние задания логопед,2259,0
домашние задания логопедов,2259,0
звук домашнее задание логопеда,572,0
домашняя задание логопеда,2259,0
домашняя задания логопеда,2822,0
домашнее задания логопеда,2259,0
домашние задания для логопедов,649,0
домашних заданий логопеда,2259,0
звука домашнее задание логопеда,505,0
домашние задания логопеда агранович,159,0
сборник домашних заданий логопеда,175,0
домашние задания детям логопедом,222,0
домашние задания логопеда тетради,171,0
тетради домашних заданий логопеда,185,0
домашнее задание логопед агранович,159,0
домашнее задание логопеда родителям,374,0
помощь логопеду домашние задания,194,0
логопед и домашнее задание,325,0
сборник домашних заданий логопед,175,0
домашнее задание родителям логопеда,374,0
домашние задание от логопеда,353,0
домашнее задание логопеда агранович,159,0
домашнее задание логопеда детям,222,0
домашние задание логопеда родителям,374,0
агранович домашние задания логопеда,158,0
домашнее задание лексика логопед,68,0
домашние задания логопеда доу,77,0
домашнее задание логопеда дошкольникам,92,0
домашнее задание логопеда доу,77,0
выполнение домашнего задания логопеда,91,0
домашние задания у логопеда,69,0
тетради домашние задания логопеда,136,0
выполнение домашних заданий логопеда,91,0
домашние задания логопеда дошкольникам,92,0
домашние задание логопеда доу,77,0
выполнения домашнего задания логопеда,143,0
логопед выполнение домашнего задания,99,0
домашнее задание у логопеда,69,0
домашние задания дошкольникам логопеда,92,0
тетрадь домашнее задание логопеда,149,0
у логопеда домашнее задание,68,0
скачать домашние задания логопеда,40,0
домашние задания логопеда грамота,45,0
домашнее задание логопеда дом,46,0
домашние задания логопеда скачать,40,0
домашние животные логопед задания,46,0
скачать домашнее задание логопеда,40,0
задания домашние животные логопед,56,0
дом домашнее задание логопеда,46,0
логопед дает домашнее задание,53,0
домашнее задание логопеда дома,46,0
логопед домашнее задание животные,56,0
домашние задания логопеда онр,55,0
логопед домашние задания скачать,40,0
логопед задания домашние животные,49,0
домашние задания учителя логопеда,66,0
домашние задания логопеда распечатки,39,0
зачем домашние задания логопеда,26,0
логопед задания домашние птицы,28,0
домашние задание логопед картотека,30,0
домашнее задание логопед птицы,28,0
картотека домашнего задания логопеда,30,0
домашнее задание логопед семья,27,0
домашние задания логопеда рекомендации,36,0
картотека логопеда домашние задания,30,0
домашние задания логопеда картотека,30,0
домашняя птица задания логопеда,30,0
логопедические домашние задания логопеда,36,0
домашнее задание логопеда рекомендации,36,0
домашние задания логопеда зачем,27,0
домашние птицы логопед задание,30,0
домашнее задание логопеда картотека,37,0
зачем домашнее задание логопеда,26,0
домашнее задание транспорт логопед,16,0
домашнее задание школьного логопеда,17,0
домашние задания логопеда картинки,18,0
транспорт логопед домашнее задание,16,0
картинка домашние задания логопеда,18,0
логопед домашние задания транспорт,16,0
домашние задания логопеда осень,23,0
домашнее задание логопеда картинки,18,0
домашнее задание логопеда грамматика,22,0
картинки домашнее задания логопеда,18,0
домашнее задание логопед осень,23,0
домашнее задание осень логопед,23,0
домашнее задание логопед транспорт,16,0
распечатать домашние задания логопеда,21,0
осень логопед домашнее задание,24,0
домашнее задания логопеда транспорт,16,0
оформление домашних заданий логопеда,14,0
домашние задания логопеда нищевой,15,0
профессии домашнее логопеда задание,15,0
домашние задания логопеда профессии,15,0
профессии домашние задания логопеда,15,0
домашнее задание логопеда профессии,15,0
логопед домашнее задание профессии,15,0
профессии домашнее задание логопеда,15,0
важность домашних заданий логопеда,15,0
домашнее задание профессии логопед,15,0
сайт логопеда домашнее задание,15,0
важность домашнего задания логопеда,15,0
домашнее задание логопед профессии,15,0
альбомы домашних заданий логопеда,15,0
сайт логопеда домашние задания,16,0
домашние задания логопед зима,13,0
домашнее задание весна логопед,12,0
карточка домашнего задания логопеда,12,0
домашнее задание логопед зима,13,0
карточки домашние задания логопеда,12,0
весна логопед домашнее задание,12,0
домашнее задания логопеда игрушки,12,0
домашнее задание зима логопед,13,0
весна домашнее задание логопеда,12,0
зима домашнее задание логопеда,13,0
весна домашнее задание логопед,12,0
домашнее задание логопеда зима,13,0
логопед домашнее задание зима,13,0
домашнее задание логопед игрушки,12,0
домашнее задание зима логопеда,13,0
домашние задания логопеда зима,13,0
правила домашнего задания логопеда,12,0
домашнее задание логопеда семья,10,0
домашние задания логопед деревья,11,0
домашние задания логопеда игрушки,12,0
логопед домашние задание овощи,10,0
деревья домашнее задание логопеда,11,0
домашнее задание логопеда лес,10,0
домашнее задание логопед весна,12,0
семья домашнее задание логопеда,11,0
домашние задания логопеда карточки,12,0
домашнее задание логопеда деревья,11,0
домашние задания карточка логопеда,12,0
домашнее задание логопеда весна,12,0
овощи домашнее задание логопеда,10,0
домашние задания карточка логопед,12,0
домашнее задание логопеда правила,12,0
домашнее задание логопеда овощи,10,0
домашнее задание одежда логопед,8,0
домашние задания логопеда одежда,8,0
домашние задания логопеда лето,9,0
логопеду разработки домашних заданий,8,0
домашнее задание логопеда одежда,8,0
логопед инструменты домашнее задание,8,0
индивидуальные домашние задания логопеда,9,0
домашнее задание логопеда лето,9,0
домашнее задание логопеда летом,9,0
домашнее задание логопеда ягоды,8,0
лето домашние задания логопеда,9,0
логопед домашнее задание лето,9,0
логопед домашнее задание одежда,8,0
домашнее задание насекомые логопед,9,0
лето домашнее задание логопеда,9,0
домашнее задание логопед одежда,8,0
организация домашних заданий логопеда,6,0
домашнее задание логопеда обувь,7,0
хлеб логопед домашнее задание,7,0
домашнее задание обувь логопеда,7,0
обувь домашнее задание логопеда,7,0
домашнее задание логопед насекомые,6,0
домашнее задание инструменты логопед,7,0
логопед домашнее задание хлеб,7,0
структура домашнего задания логопеда,7,0
инструменты домашнее задание логопеда,7,0
домашнее задание обувь логопед,7,0
домашнее задание хлеб логопед,7,0
домашнее задание логопеда инструменты,7,0
домашние задания логопеда хлеб,7,0
одежда домашнее задание логопеда,8,0
ягоды домашнее задание логопеда,6,0
логопед рыбы домашнее задание,5,0
насекомые домашние задания логопеда,6,0
логопед домашнее задание насекомые,6,0
логопед домашние задания мебель,6,0
мебель логопед домашнее задание,6,0
логопед формы домашнего задания,5,0
домашнее задание логопеда насекомые,6,0
мебель домашние задания логопеда,6,0
образец домашнего задания логопеда,6,0
насекомые домашнее задание логопеда,6,0
домашнее задание мебель логопед,6,0
домашние задания логопеда мебель,6,0
фрукты домашнее задание логопеда,6,0
логопед мебель домашнее задание,6,0
домашние задания логопеда насекомые,6,0
логопед домашнее задание рыбы,5,0
гласные домашнее задание логопеда,5,0
рыбы домашнее задание логопеда,5,0
рыбы домашнее задание логопед,5,0
цель домашнего задания логопеда,5,0
посуда домашние задания логопеда,5,0
посуда домашнее задание логопеда,5,0
логопед домашнее задание посуда,5,0
человек домашнее задание логопеда,5,0
цель домашних заданий логопеда,5,0
домашнее задание логопеда май,5,0
домашнее задание рыбы логопед,5,0
домашнее задание логопеда рыбы,5,0
домашнее задание логопеда фрукты,5,0
домашнее задание логопеда хлеб,5,0
домашнее задание логопеда посуда,5,0
домашнее задание спорт логопед,5,0
домашние задание логопеда рыбы,5,0
домашние задание логопеда посуда,5,0
домашние задания логопед рыбы,5,0
домашние задания логопеда посуда,5,0
домашние задания логопеда фрукты,5,0
домашнее задание логопед посуда,5,0
домашнее задание логопед рыбы,5,0
документы логопеда домашние задания,4,0
домашнее задание логопеда продукты,4,0
домашнее задание логопед безопасность,4,0
первое домашнее задание логопеда,3,0
логопед домашнее задание грибы,3,0
логопед домашнее задание вода,3,0
почта домашнее задание логопеда,3,0
почта домашнее задание логопед,3,0
презентация домашние задания логопеда,3,0
презентация домашних заданий логопеда,3,0
грибы логопед домашнее задание,3,0
грибы домашнее задание логопеда,3,0
пример домашнего задания логопеда,3,0
примеры домашних заданий логопеда,3,0
книга домашнее задание логопеда,3,0
интересные домашние задания логопеда,3,0
домашнее задание логопеда грибы,3,0
домашнее задание логопеда сказки,3,0
домашнее задание логопеда почта,3,0
домашние задание логопеда почта,3,0
домашние задания логопеда книга,3,0
домашние задания логопеда почта,3,0
домашнее задание город логопед,3,0
домашнее задание грибы логопед,3,0
домашнее задание логопеда ателье,3,0
цветы логопед задание домашнее,2,0
червякова домашнее задание логопеда,2,0
червякова домашние задания логопеда,2,0
уроки логопеда домашние задания,2,0
космос домашние задания логопеда,2,0
космос домашнее задание логопеда,2,0
космос логопед домашнее задание,2,0
готовое домашнее задание логопеда,2,0
готовые домашние задание логопеда,2,0
готовые домашние задания логопеда,2,0
деревья логопед домашнее задание,2,0
домашнее задание логопед космос,2,0
домашнее задание логопеда злаки,2,0
домашнее задание логопеда космос,2,0
домашнее задание логопеда малышам,2,0
домашнее задание логопеда предложение,2,0
домашнее задание логопеда слоги,2,0
домашнее задание логопеда чтение,2,0
домашние задания логопеда деревья,2,0
домашние задания логопеда космос,2,0
домашние задания логопеда тема домашние,410,0
домашние задания для родителей логопед,249,0
логопед домашние задания для родителей,249,0
логопед домашние задание для родителей,225,0
домашнее задание подготовительная группа логопед,213,0
домашние задания логопеда подготовительная группа,213,0
логопед домашние задания для детей,211,0
домашние задания в помощь логопедам,184,0
домашние задания в помощь логопеду,184,0
домашнее задания для детей логопед,173,0
домашнее задания логопеда для детей,173,0
домашние задания логопеда для детей,173,0
домашнее задание на звуки логопед,151,0
домашние задания старшая группа логопед,138,0
логопед домашнее задание средняя группа,130,0
логопед домашнее задание старшая группа,128,0
домашние задания логопеда по темам,108,0
домашнее задание логопед старшая группа,100,0
домашнее задание логопеда старшая группа,100,0
логопед домашние задания средняя группа,97,0
домашние задание логопеда средняя группа,96,0
домашние задания для дошкольников логопеда,95,0
логопед тетрадь для домашних заданий,92,0
тетради для домашних заданий логопеда,92,0
тетрадь логопеда для домашний заданий,92,0
тетрадь для домашних заданий логопед,92,0
домашние задания логопеда лексические темы,91,0
домашние задания звук ш логопед,86,0
домашние задания логопеда для дошкольников,82,0
домашние задания логопеда звук ш,76,0
логопед домашнее задание звук с,76,0
домашнее задание звук с логопед,73,0
домашние задание логопеда звук с,73,0
домашние задания логопеда логопед дома,70,0
домашние задания детям от логопеда,64,0
домашнее задания ребенку от логопеда,64,0
домашнее задание детям от логопеда,64,0
звук р домашние задания логопеда,61,0
домашние задание логопеда в доу,60,0
домашнее задание логопеда в доу,60,0
домашние задание логопеда звук л,57,0
домашнее задание 5 лет логопед,57,0
домашнее задание логопеда по звукопроизношению,57,0
звук л логопед домашнее задание,57,0
памятка домашнее задание от логопеда,56,0
домашние задания в тетрадь логопеда,52,0
домашние задания от логопеда родителям,51,0
домашние задания родителям от логопеда,51,0
детский сад домашнее задание логопеда,50,0
домашние задания логопеда детский сад,50,0
логопед домашнее задание домашние животные,49,0
логопед домашние животные домашнее задание,49,0
домашние задание логопеда звук р,48,0
домашние задания звук р логопед,48,0
домашние задания логопеда звук р,48,0
логопед домашние задания 5 лет,47,0
домашние животные домашнее задание логопеда,46,0
домашние животные логопед домашнее задание,46,0
домашнее задание логопед домашние животные,46,0
домашнее задание логопеда домашние животные,46,0
домашнее задание логопеда родителям дошкольников,45,0
домашнее задание в тетрадь логопеда,43,0
домашние задания в тетради логопеда,43,0
лексико грамматические домашние задания логопеда,42,0
домашнее задание логопеда по звукам,42,0
домашние задания логопеда по звукам,42,0
буква в домашнее задание логопеда,41,0
звук д домашнее задание логопеда,41,0
домашнее задание логопеда звук д,41,0
тема домашние животные задания логопеда,38,0
рекомендации по домашним заданиям логопеда,37,0
тетрадь с заданиями логопеда домашними,33,0
домашнее задание звук з логопед,30,0
тетради логопеда с домашним заданием,30,0
тетрадь домашнего задания от логопеда,30,0
домашнее задание логопеда домашние птицы,29,0
домашние птицы домашнее задание логопеда,29,0
домашнее задание домашние птицы логопед,28,0
тетрадь с домашним заданием логопед,28,0
тетрадь логопеда с домашними заданиями,28,0
памятка выполнения домашнего задания логопеда,28,0
логопед домашнее задание домашние птицы,28,0
домашнее задание 3 года логопед,27,0
звук к домашнее задание логопеда,26,0
логопед домашнее задание звук ж,25,0
логопед звук ж домашнее задание,25,0
логопедические домашние задания для логопедов,25,0
домашние задания логопеда на дом,24,0
домашний логопед задания на дом,24,0
домашние задания логопеда по грамоте,22,0
звук т домашнее задание логопеда,21,0
автоматизация с домашнее задание логопеда,18,0
задает ли логопед домашнее задание,17,0
для чего домашние задания логопеда,16,0
домашние задания в работе логопеда,16,0
домашние задания логопеда доу родителям,16,0
логопед домашнее задание 3 года,16,0
домашние задания логопед 3 года,15,0
домашние задания логопеда детям онр,15,0
звук ц домашнее задание логопед,15,0
домашние животные задание от логопеда,13,0
рекомендации родителям домашние задания логопеда,13,0
занятия по заданию логопеда домашних,13,0
тема зима домашнее задание логопеда,12,0
тема логопеда зима домашнее задание,12,0
тетрадь домашних заданий логопеда скачать,12,0
домашнее задание логопеда тема зима,12,0
домашнее задание дошкольнику от логопеда,12,0
домашнее задание тема зима логопед,12,0
домашние животные задания от логопеда,12,0
домашние задание логопеда в школе,12,0
домашние задания логопеда в школе,12,0
домашние задания логопеда тема зима,12,0
альбом логопеда для домашнего задание,11,0
домашнее задание дошкольников от логопеда,11,0
логопед домашние задания зимние забавы,10,0
логопед домашние задания скачать бесплатно,10,0
логопед домашнее задание дикие животные,10,0
логопед домашнее задание зимние забавы,10,0
логопед домашние задание дикие животные,10,0
скачать бесплатно домашние задания логопеда,10,0
дикие животные домашнее задание логопеда,10,0
для работы логопеду домашние задания,10,0
буква е домашнее задание логопеда,10,0
домашнее задание логопеда дикие животные,10,0
домашнее задание логопеда зимние забавы,10,0
домашнее задание логопеда младшая группа,10,0
домашнее задание дошкольникам от логопеда,10,0
домашнее задание логопеда скачать бесплатно,10,0
домашнее задание буква е логопед,10,0
домашние задания логопеда дикие животные,10,0
домашние задания логопеда младшая группа,10,0
домашние задания логопеда зимние забавы,10,0
домашние задания логопеда скачать бесплатно,10,0
домашние задания логопеда тема профессии,10,0
домашние задания дошкольникам от логопеда,10,0
домашние задание логопеда звук г,10,0
домашние задания родителям учителем логопедом,10,0
домашнее задание логопед зимние забавы,10,0
звук г домашнее задание логопеда,10,0
звук ч домашнее задание логопеда,10,0
зимние забавы домашнее задание логопеда,10,0
зимние забавы домашние задания логопеда,10,0
задание зимние забавы домашнее логопеда,10,0
логопед тема насекомые домашнее задание,9,0
комнатные растения домашние задания логопеда,9,0
как дают домашние задания логопеды,9,0
домашнее задания логопеда букв т,9,0
домашние задания логопеда комнатные растения,9,0
домашние задания логопеда тема весна,9,0
картинки для домашних заданий логопеда,9,0
звук н домашнее задание логопеда,8,0
наша страна домашнее задание логопед,8,0
домашнее задание логопеда рабочая тетрадь,8,0
домашние задание логопеда в картинках,8,0
домашние задания логопеда в картинках,8,0
домашнее задание логопеда в картинках,8,0
занятия с логопедом домашние задания,8,0
звук ль домашнее задание логопеда,7,0
правила выполнения домашних заданий логопеда,7,0
зимующие птицы домашние задания логопеда,7,0
зимующие птицы логопед домашнее задание,7,0
логопед домашние задания как выполнять,7,0
как выполнить домашнее задание логопеда,7,0
как выполнить домашние задание логопеда,7,0
как выполнять домашнее задание логопеда,7,0
домашнее задание логопеда звук ль,7,0
домашнее задание логопеда тема дом,7,0
домашнее задание логопеда тема обувь,7,0
домашнее задания логопеда тема обувь,7,0
домашние задания логопеда тема дома,7,0
домашние задания логопеда тема дом,7,0
домашнее задание логопед зимующие птицы,7,0
новый год домашние задания логопеда,6,0
новый год домашнее задание логопеда,6,0
логопед домашнее задание новый год,6,0
тема насекомые логопед домашнее задание,6,0
выполнение домашних заданий учителя логопеда,6,0
перелетные птицы домашнее задание логопеда,6,0
домашнее задание новый год логопед,6,0
домашнее задание логопеда перелетные птицы,6,0
домашнее задание логопеда новый год,6,0
домашние задания логопеда новый год,6,0
домашнее задание логопед новый год,6,0
как оформить домашнее задание логопеда,5,0
звук рь домашнее задание логопеда,5,0
логопед тема одежда домашнее задание,5,0
тема мебель домашнее задание логопеда,5,0
тема мебель логопед домашнее задание,5,0
тема одежда домашнее задание логопед,5,0
тема посуда домашнее задание логопеда,5,0
9 мая домашнее задание логопеда,5,0
картинка домашнее задание от логопеда,5,0
родителям о домашнем задании логопеда,5,0
домашнее задание логопеда звук рь,5,0
домашнее задание буква ж логопед,5,0
домашнее задание логопеда тема одежда,5,0
домашнее задание логопеда поздняя осень,5,0
домашние задание логопеда звук рь,5,0
домашние задания логопеда тема одежда,5,0
домашние задания логопеда тема транспорт,5,0
поздняя осень домашнее задание логопед,5,0
как делать домашнее задание логопеда,4,0
как делать домашние задания логопеда,4,0
новогодний праздник домашнее задание логопеда,4,0
наша армия домашнее задание логопеда,4,0
консультация логопеда выполнение домашнего задания,4,0
тема овощи домашнее задание логопеда,4,0
титульный лист домашние задания логопеда,4,0
звук ть домашнее задание логопеда,4,0
защитники отечества домашнее задание логопеда,4,0
звук х домашнее задание логопеда,4,0
зимние развлечения домашнее задание логопеда,4,0
логопед домашнее задание на лето,4,0
логопед домашнее задание одежда обувь,4,0
логопед домашнее задание тема деревья,4,0
логопед домашние задание тема продукты,4,0
логопед домашние задания на лето,4,0
зимующие птицы домашнее задание логопеда,4,0
зимующие птицы домашнее задания логопеда,4,0
одежда обувь домашнее задание логопеда,4,0
овощи огород домашнее задание логопеда,4,0
папка логопеда с домашними заданиями,4,0
папка с домашними заданиями логопеда,4,0
буква с домашнее задание логопеда,4,0
лес деревья домашнее задание логопеда,4,0
какое домашнее задание задает логопед,4,0
какое домашнее задание дает логопед,4,0
какие домашние задания дает логопед,4,0
домашнее задание логопеда зимние развлечения,4,0
домашнее задание логопеда зимующие птицы,4,0
домашнее задание логопеда головные уборы,4,0
моя страна домашнее задание логопеда,4,0
домашнее задание логопеда новогодние праздники,4,0
домашнее задание логопеда наша армия,4,0
домашнее задание логопеда одежда обувь,4,0
домашнее задание логопеда тема овощи,4,0
домашнее задание на лето логопед,4,0
домашние задания логопеда 8 марта,4,0
домашние задания логопеда гласные звуки,4,0
домашние задания логопеда животные севера,4,0
домашние задания логопеда зимующие птицы,4,0
домашние задания логопеда на лето,4,0
домашние задания логопедов по фгос,4,0
домашние задания на лето логопеда,4,0
домашнее задание логопеда виды спорта,4,0
гласные звуки логопед домашнее задание,4,0
логопед домашнее задание животные севера,3,0
логопед домашнее задание тема хлеб,3,0
логопед домашние задания животные севера,3,0
животные севера домашнее задания логопеда,3,0
животные севера домашнее задание логопеда,3,0
животные севера домашнее задание логопед,3,0
пособия для домашних заданий логопеда,3,0
звук у домашнее задание логопеда,3,0
звук щ домашние задания логопеда,3,0
звук щ домашнее задание логопеда,3,0
звук э логопед домашнее задание,3,0
зачем делать домашнее задание логопеда,3,0
зачем делать домашние задания логопеда,3,0
зачем логопед дает домашние задания,3,0
зачем логопеды дают домашнее задание,3,0
день победы домашнее задание логопеда,3,0
день победы логопед домашнее задание,3,0
тема спорт домашние задания логопеда,3,0
папка для домашних заданий логопеда,3,0
оформление для домашних заданий логопеда,3,0
буква ч домашнее задание логопеда,3,0
буква ц домашнее задание логопед,3,0
буква э домашнее задание логопеда,3,0
головные уборы домашнее задание логопеда,3,0
лесные ягоды домашнее задание логопеда,3,0
домашнее задание логопеда грибы ягоды,3,0
домашнее задание логопеда животные севера,3,0
домашнее задание логопеда звук э,3,0
домашнее задание логопеда звук у,3,0
домашнее задание логопеда звук щ,3,0
домашнее задание логопеда звук х,3,0
домашнее задание животные севера логопед,3,0
домашнее задание логопеда по карточкам,3,0
домашнее задание логопеда тема хлеб,3,0
домашнее задание 1 класс логопед,3,0
домашнее задание от логопеда ягоды,3,0
домашние задания 4 класс логопед,3,0
домашние задания логопеда времена года,3,0
домашние задания логопеда день победы,3,0
домашние задания логопеда зачем нужны,3,0
домашние задания логопеда на логопункте,3,0
домашние задания логопеда тема лето,3,0
домашнее задание день победы логопед,3,0
домашнее задание тема спорт логопед,3,0
домашнее задание логопед времена года,3,0
домашнее задание логопеда день победы,3,0
мой город домашнее задание логопеда,2,0
материал для домашних заданий логопеда,2,0
продукты питания домашнее задания логопеда,2,0
продукты питания домашнее задание логопеда,2,0
продукты питания домашние задания логопеда,2,0
продукты питания логопед домашнее задание,2,0
буква к домашнее задание логопеда,2,0
звук ы домашнее задание логопеда,2,0
звук кь домашнее задание логопеда,2,0
23 февраля домашнее задание логопеда,2,0
23 февраля домашнее задание логопед,2,0
карточки для домашнего задания логопеда,2,0
карточки для домашних заданий логопеда,2,0
картотека домашних заданий для логопеда,2,0
картотека с домашним заданием логопед,2,0
карточки домашних заданий для логопеда,2,0
карточки логопеда для домашних заданий,2,0
карточки логопеда для домашнего задания,2,0
бытовые приборы домашнее задание логопеда,2,0
почему логопед задает домашнее задание,2,0
логопед домашнее задание 23 февраля,2,0
логопед домашнее задание 3 класс,2,0
логопед домашнее задание продукты питания,2,0
логопед домашнее задание ш ж,2,0
логопед домашние задания 23 февраля,2,0
логопед гласные звуки домашнее задание,2,0
логопед продукты питания домашнее задание,2,0
индивидуальные домашние задания от логопеда,2,0
день космонавтики домашнее задание логопеда,2,0
домашнее задание 23 февраля логопед,2,0
домашнее задание логопед гласные звуки,2,0
домашнее задание логопед продукты питания,2,0
домашнее задание логопеда 23 февраля,2,0
домашнее задание логопеда гласные звуки,2,0
домашнее задание от учителя логопеда,2,0
домашнее задание логопеда мой город,2,0
домашнее задание логопеда мой дом,2,0
домашнее задание логопеда продукты питания,2,0
домашнее задание продукты питания логопед,2,0
домашние задания логопеда 23 февраля,2,0
домашние задания логопеда бытовые приборы,2,0
домашние задания логопеда в садике,2,0
домашние задания логопеда для школьников,2,0
домашние задания от учителя логопеда,2,0
домашние задания логопеда мой город,2,0
домашние задания логопеда моя семья,2,0
домашние задания логопеда продукты питания,2,0
домашние задания логопеда с картинками,2,0
домашние птицы задание от логопеда,2,0
агранович домашние задания в помощь логопедам,194,0
домашние задания логопеда в подготовительной группе,177,0
домашнее задание логопеда в подготовительной группе,177,0
сборник домашних заданий в помощь логопедам,171,0
сборник домашних заданий в помощь логопеду,171,0
сборник домашних заданий логопеда и родителей,170,0
домашние задания по лексическим темам логопед,91,0
домашнее задание по лексическим темам логопеда,91,0
домашние задания для логопедов и родителей,82,0
сборник домашних заданий логопеда для родителей,78,0
логопед домашнее задание по лексическим темам,65,0
домашнее задания для детей от логопеда,63,0
домашние задание логопеда по лексическим темам,59,0
домашние задания по лексическим темам логопеду,59,0
домашнее задание для детей от логопеда,59,0
домашнее задание логопеда по лексическим темам,59,0
домашние задания логопеда в средней группе,48,0
домашнее задание логопеда в средней группе,48,0
сборник домашних задания логопеда для дошкольников,42,0
домашние задания логопеда для родителей дошкольника,42,0
домашнее задание для логопеда в тетради,41,0
домашнее задание логопеда в старшей группе,40,0
домашние задания логопеда в старшей группе,40,0
домашние задания для выдачи родителям логопед,39,0
домашнее задание для родителей от логопеда,37,0
домашние задания для родителей от логопеда,37,0
домашние задания от логопеда для родителей,37,0
памятка для выполнения домашних заданий логопеда,36,0
логопед в детском саду домашнее задание,34,0
домашнее задание для средней группы логопед,34,0
домашние задания логопеда для старшей группы,31,0
домашнее задание в детском саду логопед,30,0
домашние задание логопеда на звук ш,30,0
домашнее задание логопеда в детском саду,30,0
домашнее задание на звук ш логопед,30,0
домашние задания логопеда в детском саду,30,0
домашние задания логопеда на звук ш,30,0
домашнее задание логопеда тема домашние животные,29,0
домашнее задание на дом от логопеда,29,0
домашние задания логопеда тема домашние животные,29,0
домашние задания на звуки от логопеда,29,0
домашние задания от логопеда на звуки,29,0
логопед домашнее задание тема детский сад,27,0
логопед домашнее задание для неговорящих детей,25,0
рекомендации логопеда по выполнению домашнего задания,25,0
рекомендации по выполнению домашнего задания логопеда,25,0
домашнее задание на звук с логопед,24,0
домашние задания логопеда на звук с,24,0
домашнее задание на звук л логопед,21,0
домашние задания логопеда на звук л,21,0
домашнее задание логопеда по обучению грамоте,20,0
домашнее задание логопеда ребенку 4 года,20,0
домашнее задание по обучению грамоте логопед,20,0
домашние задание логопеда по обучению грамоте,20,0
домашние задания логопеда для автоматизации звуков,20,0
домашние задания логопеда для звука с,20,0
домашние задания логопеда по обучению грамоте,20,0
домашние задания от логопеда детского сада,20,0
памятка по выполнению домашнего задания логопеда,20,0
памятка логопеда по выполнению домашних заданий,20,0
памятка по выполнению домашних заданий логопеда,20,0
домашнее задание логопеда для подготовительной группы,17,0
домашнее задания логопеда для подготовительной группы,17,0
домашнее задания от логопеда на дом,17,0
домашние задания логопеда для подготовительной группы,17,0
домашнее задание на звук р логопед,16,0
домашние животные задание логопеда подготовительная группа,16,0
домашние задание логопеда на звук р,16,0
домашние задания логопеда на звук р,16,0
задание логопеда домашние животные подготовительная группа,16,0
картотека домашние задания логопеда по звукопроизношению,15,0
домашнее задание логопеда родителям в доу,13,0
домашнее задание для детей группы логопеда,13,0
домашние задания логопеда по автоматизации звуков,13,0
домашние задания логопеда ребенку с онр,13,0
тетради для домашних заданий логопеда скачать,12,0
домашнее задание логопеда тема детский сад,12,0
домашнее задание от логопеда домашние животные,12,0
домашние задания логопеда тема детский сад,12,0
домашние задания учителя логопеда в доу,12,0
рекомендации для выполнения домашних задании логопеда,12,0
тетрадь для домашнего задания логопеда родителям,11,0
логопед домашние задание 4 5 лет,11,0
дети 3 года домашнее задание логопеда,11,0
домашние задания от логопеда в тетрадь,11,0
домашнее задание в тетради от логопеда,11,0
домашнее задание в тетрадь от логопеда,11,0
логопед тема зимние забавы домашнее задание,10,0
средняя группа домашнее задание от логопеда,10,0
домашнее задание логопеда для средней группы,10,0
домашнее задание логопед осень подготовительная группа,10,0
домашнее задание логопеда тема домашние птицы,10,0
домашнее задание от логопеда подготовительная группа,10,0
домашние задания логопеда для звука р,10,0
домашние задания логопеда для средней группы,10,0
домашние задания логопеда тема зимние забавы,10,0
домашние задания от логопеда звук л,10,0
домашнее задание логопеда тема зимние забавы,10,0
автоматизация звука в домашнее задание логопеда,10,0
логопед домашнее задание тема дикие животные,9,0
домашние задания для младшей группы логопед,9,0
домашние задания логопеда для детей зпр,9,0
должен ли логопед задавать домашнее задание,9,0
автоматизация звука ч домашние задания логопеда,9,0
игрушки домашнее задание логопеда подготовительная группа,8,0
домашнее задание звук к от логопеда,8,0
домашние задания логопеда по звукопроизношению ш,8,0
домашние задания логопеда родителям старшая группа,8,0
тетрадь для домашних заданий от логопеда,7,0
тетради с домашним заданием от логопеда,7,0
животные жарких стран домашнее задание логопеда,7,0
животные жарких стран домашнее задания логопеда,7,0
домашнее задание логопеда животные жарких стран,7,0
домашнее задание от логопеда звук с,7,0
домашние задания логопеда животные жарких стран,7,0
домашние животные задания логопеда для дошкольников,7,0
домашние задания от логопеда звук с,7,0
рекомендации родителям от логопеда домашнее задание,7,0
рекомендации родителям от логопеда домашние задания,7,0
транспорт домашнее задание логопеда средняя группа,6,0
домашнее задание логопеда для детей зпр,6,0
домашнее задание логопеда транспорт средняя группа,6,0
домашние задания от логопеда звук ш,6,0
средняя группа транспорт домашнее задание логопед,6,0
средняя группа транспорт домашнее задание логопеда,6,0
дикие и домашние животные задание логопеда,5,0
дикие и домашние животные задания логопеда,5,0
тетрадь домашние задания логопеда скачать бесплатно,5,0
тетрадь домашних заданий логопеда старшая группа,5,0
профессии домашнее задание логопеда подготовительная группа,5,0
инструменты домашнее задание логопеда в подготовительной,5,0
домашнее задание логопеда профессии подготовительная группа,5,0
домашние задания логопеда для младшей группы,5,0
зима зимние забавы домашнее задание логопеда,4,0
логопед дома домашние задания подготовительная группа,4,0
логопед домашнее задание зима зимние забавы,4,0
организация домашних заданий по заданию логопеда,4,0
задание логопеда домашние птицы средняя группа,4,0
задания логопеда домашние птицы средняя группа,4,0
задания логопеда домашние животные старшая группа,4,0
картотека домашних заданий логопеда старшая группа,4,0
индивидуальная тетрадь для домашних заданий логопеда,4,0
индивидуальные тетради логопеда для домашних заданий,4,0
домашнее задание логопеда зима зимние забавы,4,0
домашнее задание логопеда по теме игрушки,4,0
домашнее задание логопеда средняя группа птицы,4,0
домашние животные задание логопеда старшая группа,4,0
домашние задания логопеда детям в тетрадь,4,0
домашние задания логопеда на лето логопеда,4,0
домашние задания логопеда на тему осень,4,0
домашние задания логопеда по теме овощи,4,0
домашние задания логопеда по теме игрушки,4,0
логопед домашнее задание весна средняя группа,3,0
логопед домашнее задание день защитника отечества,3,0
постановка звука з домашнее задание логопеда,3,0
правила выполнения домашних заданий от логопеда,3,0
зимние виды спорта домашнее задание логопеда,3,0
звуки с сь домашнее задание логопеда,3,0
зачем нужно домашнее задание от логопеда,3,0
для логопедов пособия для домашних заданий,3,0
слоговая структура слова домашнее задание логопеда,3,0
организация домашних занятий по заданию логопеда,3,0
обувь домашнее задание логопеда подготовительная группа,3,0
тема зимующие птицы домашнее задание логопеда,3,0
тема комнатные растения домашнее задание логопеда,3,0
оформление тетради для домашних заданий логопеда,3,0
оформление тетрадей для домашних заданий логопеды,3,0
оформление тетрадей логопедом для домашнего задания,3,0
оформление логопедом тетради для домашнего задания,3,0
задание логопеда домашние животные старшая группа,3,0
весна домашнее задание логопеда средняя группа,3,0
домашнее задание логопеда одежда головные уборы,3,0
домашнее задание логопеда на тему зима,3,0
домашнее задание логопеда зимние виды спорта,3,0
домашнее задание логопеда на тему весна,3,0
домашнее задание логопеда в младшей группе,3,0
домашнее задание логопеда весна средняя группа,3,0
домашнее задание логопеда обувь головные уборы,3,0
домашнее задание логопеда тема зимующие птицы,3,0
домашнее задание логопеда слоговая структура слова,3,0
домашнее задание логопеда хлеб подготовительная группа,3,0
домашнее задание логопеда на тему спорт,3,0
домашнее задание логопеда на тему фрукты,3,0
домашнее задание на тему зима логопед,3,0
домашние животные задание логопеда средняя группа,3,0
домашние задание логопеда на тему грибы,3,0
дидактические материалы для логопедов,204,0
дидактические материал для логопедов,204,0
дидактические материалы логопеду,355,0
дидактический материал для логопедов,204,0
дидактические материалы логопед,355,0
дидактический материал для логопед,204,0
дидактический материал логопеду,355,0
дидактические материал логопеда,355,0
дидактическим материал логопеда,355,0
логопед дидактические материалы,346,0
дидактический материал логопедам,355,0
дидактический материалы для логопеда,204,0
дидактический материал логопедов,355,0
дидактический наглядный материал логопеда,58,0
дидактические материалы к логопеду,27,0
наглядный дидактический материал для логопеда,28,0
дидактический материал по логопед,44,0
наглядно дидактические материалы для логопеда,28,0
дидактический материал для логопеда автоматизация звуков,31,0
автоматизация звуков у детей дидактический материал для логопедов,28,0
наглядно дидактический материал логопед,54,0
комплект дидактических материалов логопеда,32,0
дидактический материал для логопеда для детей,53,0
наглядно дидактический материал для логопедов,28,0
наглядные дидактические материалы логопед,54,0
наглядный дидактический материал логопеда,54,0
наглядный дидактический материал для логопедов,28,0
дидактический материал учителя логопеда,46,0
наглядно дидактический материал логопеда,54,0
автоматизация звуков логопед дидактический материал,26,0
скачать дидактический материал логопеда,16,0
дидактический материал логопеда для занятий,18,0
коноваленко дидактический материал для логопедов,21,0
дидактические материалы логопеда скачать,17,0
наглядный и дидактический материал логопеда,20,0
дидактический материал скачать логопед,17,0
кабинет логопеда дидактический материал,24,0
в помощь логопеду дидактический материал,21,0
помощь логопеду дидактический материал,22,0
дидактический материал для занятий логопеда,18,0
дидактические материалы кабинет логопеда,24,0
дидактический материал кабинет логопеда,24,0
дидактические материалы логопедов скачать,17,0
дидактический материал для логопедов коноваленко,21,0
дидактический материал для учителя логопеда,25,0
автоматизация звуков у детей дидактический материал для логопедов коноваленко,16,0
бесплатно дидактический материал для логопеда скачать бесплатно,13,0
скачать дидактический материал для логопеда,14,0
наглядно дидактический материал кабинета логопеда,14,0
дидактические материалы для логопеда скачать бесплатно,13,0
методическая и дидактические материалы логопеда,14,0
бесплатно дидактический материал для логопеда,13,0
дидактические материалы для кабинета логопеда,15,0
дидактические материалы в работе логопеда,14,0
дидактический материал для кабинета логопеда,15,0
скачать дидактические материалы для логопеда,14,0
дидактический материал для логопедов скачать,15,0
дидактические материалы для логопеда скачать,15,0
дидактический материал для логопедов скачать бесплатно,13,0
дидактический материал в работе логопеда,14,0
дидактический материал для логопеда скачать,15,0
дидактический материал логопеда бесплатно,13,0
дидактический материал для логопедов своими руками,10,0
дидактические материалы логопеда своими руками,11,0
дидактический материал для логопеда бесплатно,13,0
занятия и дидактический материал для логопеда,11,0
дидактический и наглядный материал для логопеда,12,0
дидактический и речевой материал логопеда,10,0
дидактические материалы для логопедов бесплатно,13,0
дидактический материал для логопеда школы,13,0
дидактический материал логопед скачать бесплатно,13,0
скачать бесплатно дидактические материалы для логопедов,12,0
дидактический материал логопеда скачать бесплатно,13,0
дидактические материал для логопедов бесплатно,13,0
дидактический материал своими рукам для логопеда,10,0
дидактические материалы логопеда скачать бесплатно,13,0
дидактические материал для логопеда скачать бесплатно,13,0
наглядного и дидактического материала кабинета учителя логопеда,9,0
дидактические материалы логопеда в детском саду,7,0
дидактический материал для логопедов коноваленко альбом,8,0
дидактический материал логопедов в доу,8,0
дидактические материалы логопеда доу,8,0
дидактические материалы логопеда для школьников,8,0
комплект дидактических материалов для логопеда,7,0
дидактический материал и пособия логопеда,9,0
развивающий дидактический материал для логопедов,8,0
учебно дидактический материал логопеда,9,0
дидактический материал логопеда доу,8,0
дидактический материал в кабинет логопеда,9,0
дидактический материал в кабинете логопеда,9,0
дидактический материал детский логопед,7,0
дидактический материал логопеда в доу,8,0
дидактический материал и пособия для логопеда,9,0
дидактический материал для развитии речи для логопедов,7,0
дидактический материал для занятий с логопедом,5,0
автоматизация шипящих звуков у детей дидактический материал для логопедов коноваленко,5,0
автоматизация сонорных звуков у детей дидактический материал для логопедов,6,0
дидактические картинки материалы логопеда,5,0
коноваленко автоматизация шипящих звуков у детей дидактический материал для логопедов,5,0
дидактический материал для обследования для логопеда,5,0
дидактические материалы для логопеда учебно методические пособия,6,0
комплект наглядно дидактического материала набор специальных таблиц текстов обучающих логопеда,6,0
коноваленко автоматизация шипящих звуков дидактический материал для логопедов,6,0
автоматизация свистящих звуков у детей дидактический материал для логопедов,5,0
учебно методические пособия и дидактические материалы логопеда,6,0
учебно методические пособия и дидактические материалы логопед,6,0
использование дидактического материала логопедом,5,0
дидактический материал школьного логопеда,6,0
дидактический материал логопеда в детском саду,7,0
автоматизация сонорных звуков коноваленко дидактический материал для логопедов,5,0
дидактический материал логопеда это,4,0
дидактический материал для логопеда начальная школа,4,0
автоматизация сонорных звуков коноваленко дидактический материал для логопеда,5,0
дидактический материал логопеда в картинках,4,0
коноваленко автоматизация свистящих звуков дидактический материал для логопеда,5,0
дидактический учебный материал для логопеда,4,0
дидактический материал для школьных логопедов,5,0
коноваленко автоматизация свистящих звуков дидактический материал для логопед,5,0
дидактические материалы логопеда для обследования,5,0
коноваленко автоматизация свистящих звуков у детей дидактический материал для логопедов,4,0
дидактический материал логопеда для обследования,5,0
дидактические материалы логопеда картинки,5,0
какой дидактический материал нужен логопеду,4,0
коноваленко автоматизация сонорных звуков дидактический материал для логопедов,5,0
дидактический материал логопеду для обследования,5,0
дидактические материалы логопеда купить,4,0
автоматизация свистящих звуков с з ц у детей дидактический материал для логопедов альбом 1,2,0
дидактический материал для логопеда в доу,3,0
звуков с сь детей дидактический материал для логопедов,3,0
дидактический материал по лексическим темам логопед,3,0
дидактический материал для логопеда с детьми онр,3,0
дидактический материал для логопеда филичева каше,3,0
дидактический материал для логопеда игры,3,0
дидактический материал для логопедов доу,3,0
дидактический материал для логопеда онр,3,0
дидактические материалы для логопеда доу,3,0
дидактический материал логопеда купить,4,0
дидактический материал для логопеда доу,3,0
дидактический материал для логопедов альбом 3,3,0
дидактический материал логопеда для детей с онр,3,0
дидактические материалы логопеда это,4,0
дидактический материал для логопеда гном,2,0
дидактические материалы логопеда дефектолога,2,0
дидактический материал для логопеда заказать,2,0
автоматизация шипящих звуков у детей дидактический материал для логопедов альбом 2,2,0
дидактический материал логопеда по обучению грамоте,2,0
дидактические материалы для логопеда картинки,2,0
дидактический наглядный материал для занятий логопеда,2,0
дидактические материалы для логопедов купить,2,0
дидактический материал для обследования речи детей для логопеда,2,0
автоматизация звука р у детей дидактический материал для логопедов,2,0
заказать дидактический материал для логопеда,2,0
дидактические материалы для логопеда купить,2,0
автоматизация свистящих звуков у детей дидактический материал для логопедов альбом 1,2,0
дидактический материал для логопеда звук р,2,0
автоматизация звуков у детей дидактический материал для логопедов 4 альбома,2,0
звуки в и в дидактический материал для логопедов,2,0
дидактического наглядного материала для занятий логопеда,2,0
купить дидактический материал для логопедов,2,0
дидактический материал логопеда карточки,2,0
дидактический материал для логопедов альбом 3 коноваленко,2,0
дидактический материал логопеда дефектолога,2,0
дидактический материал для логопеда картинки,2,0
дидактический материал учителя логопеда школы,2,0
отбор речевого и дидактического материала логопеда,2,0
дидактический материал для начинающего логопеда,2,0
скачать дидактический материал для логопедов коноваленко,2,0
дидактический материал для логопедов купить,2,0
перечень дидактического материала логопеда,2,0
в помощь логопеду дидактический материал скачать,2,0
дидактические материалы разработанные логопедом,2,0
дидактический материал картинки для логопеда,2,0
наглядно дидактический материал для занятий логопеда,2,0
картотека логопеда звуков,88,0
картотеки логопеду,485,0
картотеку логопеда,485,0
логопед картотека,484,0
картотек логопеда,485,0
картотека для логопедов,146,0
картотека логопед,485,0
картотека логопедов,485,0
картотеки логопедов,485,0
картотеки для логопедов,146,0
картотека логопеду,485,0
картотека по логопеду,76,0
картотеки логопеда в доу,36,0
картотека логопеда игры,44,0
картотека игр логопеду,44,0
логопед картотека игр,43,0
картотека игр логопед,44,0
картотека учителя логопеда,37,0
картотека логопеда звуки,71,0
картотеки игр логопеда,44,0
задания логопеда картотека,59,0
картотека логопед игр,44,0
картотека звуков логопед,71,0
картотека задания логопеда,67,0
картотека заданий логопеда,59,0
картотека звуков логопеда,71,0
картотека логопеда в доу,36,0
картотека для логопеда игры,26,0
картотеки логопеда для детей,32,0
картотеки игр для логопеда,26,0
картотека игр для логопеда,26,0
скачать картотеку логопеда,33,0
картотеку логопеда скачать,33,0
скачать картотеки логопед,33,0
картотека логопеда скачать,33,0
картотеки игр для логопедов,26,0
картотеки логопеда скачать,33,0
скачать картотека логопеда,33,0
картотека игр для логопедов,26,0
картотека логопеда картинки,16,0
картотека логопеда в саду,18,0
картотека логопеда детского сада,19,0
картотека для работы логопеда,18,0
картотека в учителя логопеда,19,0
картотека логопеда для звуков,18,0
картотека для логопедов доу,24,0
картотеки для учителей логопедов,19,0
картотека в работе логопеда,20,0
картотеки логопеда детского сада,19,0
картотека логопеда автоматизация р,24,0
картотеки для логопедов доу,22,0
картотеки логопеда в детском саду,18,0
картотеки в работе логопеда,20,0
логопед звук р картотека,25,0
картотека картинок логопеда,16,0
картотека задания логопеда воспитателям,14,0
кабинет логопеда картотека,14,0
дыхательная гимнастика логопед картотека,14,0
кабинет логопеда картотеки,14,0
дыхательная гимнастика картотека логопеда,14,0
картотека кабинета логопеда,14,0
логопед в детском саду картотеки,15,0
дыхательная гимнастика картотека логопед,14,0
картотека логопеда по звукопроизношению,15,0
картотека заданий логопеда воспитателям,14,0
картотека логопеда для родителей,15,0
картотеки логопеда доу фгос,15,0
картотека логопеда дошкольники,14,0
картотека заданий логопеда воспитателю,14,0
картотека гимнастик для логопеда,16,0
картотека логопеда в старшей группе,14,0
картотека у логопедов,12,0
картотеки в кабинете логопеда,12,0
картотека логопеду скачать бесплатно,13,0
картотека в кабинет логопеда,12,0
картотека карточек логопеда,13,0
картотека в кабинете логопеда в,12,0
скачать бесплатно картотеку логопеда,13,0
картотеку логопеда скачать бесплатно,13,0
картотека логопеда скачать бесплатно,13,0
картотека пальчиковой гимнастики логопеда,12,0
картотека дыхательная гимнастика логопед,14,0
скачать бесплатно картотеки логопеда,13,0
картотека в кабинете логопеда,12,0
картотеки логопеда скачать бесплатно,13,0
картотека логопеда дыхательная гимнастика,14,0
картотека по играм логопеда,11,0
картотека упражнений для логопеда,9,0
картотека заданий для логопеда,10,0
картотеки для логопеда в доу,10,0
картотека конспектов логопеда,9,0
картотека консультаций логопеда,10,0
логопед картотеки на звуки,9,0
картотеки дыхательной гимнастики для логопеда,10,0
картотека консультации логопеда,10,0
картотека консультаций логопеда для родителей,10,0
картотека логопеда школы,10,0
картотека консультаций для логопеда,10,0
картотека для логопеда в доу,10,0
картотека занятий для логопеда,9,0
картотеки в доу для логопедов,10,0
картотеки логопеда доу бесплатно,11,0
картотека логопеда на звуки,9,0
картотека логопеда постановка звука,8,0
для логопедов сада картотека,8,0
картотека картинок для логопеда,8,0
вся картотека логопеда,8,0
картотека логопеда в школе,8,0
логопед картотека для дошкольников,8,0
картотека логопеда в подготовительной группе,8,0
картотека игр с логопедом,8,0
картотека логопеда для детского сада,8,0
картотека картинок для логопедов,8,0
картотеки для детского сада логопеду,8,0
картотеки логопеда для детского сада,8,0
картинки картотеки для логопеда,8,0
картотеки логопеда для дошкольников,8,0
картотек логопеда в школе,8,0
картотека логопеда постановка звуков,8,0
картотека индивидуальных занятии логопеда,7,0
картотека индивидуальных логопед занятий,7,0
картотека заданий логопеда для воспитателей,7,0
картотека индивидуальных занятий логопеда,7,0
картотека заданий логопеда и воспитателю,7,0
картотека логопеда для воспитателей,7,0
дыхательная гимнастика картотека для логопеда,7,0
картотеки звуков для занятия логопеда,7,0
картотека заданий логопеда и воспитателя,7,0
картотека дыхательной гимнастики для логопедов,7,0
картотека логопеда для автоматизации звуков,7,0
картотека постановки звуков для логопеда,7,0
картотека игр учителя логопеда,7,0
картотека дыхательной гимнастики для логопеда,7,0
картотеки логопеда для старшей группы,7,0
картотека для логопеда дыхательная гимнастика,7,0
картотека все для логопедов,6,0
картотека пальчиковых игр логопеда,6,0
все для логопеда картотека,6,0
картотеки заданий логопеда для воспитателей,6,0
картотеки с заданиями для логопеда,6,0
картотека логопеда по лексическим темам,6,0
картотека литературы логопеда,6,0
картотека пальчиковой гимнастики для логопеда,6,0
картотека лексических тем логопеда,6,0
вся картотека для логопеда,6,0
картотека для логопеда автоматизация,7,0
картотека игр логопеда доу,6,0
картотеки логопедов по лексическим темам,6,0
картотека логопеда пальчиковые игры,6,0
картотека дыхательная гимнастика для логопеда,7,0
картотека логопеда в картинках,5,0
картотека логопеда по звукам,3,0
картотека стихов для логопеда,3,0
картотека заданий логопеда доу,4,0
картотека для логопеда скачать,3,0
логопед картотека предметных картинок,4,0
картотеки по звукам логопедам,3,0
картотеки в картинках для логопедов,4,0
картотека пособий логопеда,4,0
картотеки для логопеда в картинках,4,0
картотека чистоговорок для логопеда,3,0
картотека логопеда по дыхательной гимнастике,5,0
логопедические картотеки логопеда,4,0
картотеки для логопеда скачать,3,0
картотека в картинках для логопеда,4,0
картотека индивидуальных занятий с логопедом,5,0
картотеки для логопедов скачать,3,0
картотека игр у логопеда,3,0
пальчиковая гимнастика картотека для логопеда,3,0
скачать картотеку для логопеда,3,0
чистоговорки картотека логопеда,3,0
картотека логопеда по развитию речи,3,0
скачать картотеки игр для логопеда,3,0
картотека материала логопед,3,0
картотеки для работы с логопедом,3,0
картотека для логопеда чистоговорок,3,0
картотека логопеда для подготовительной группы,3,0
картотека чистоговорок логопед,3,0
скачать картотеки для логопеда,3,0
опыт логопеда картотека,3,0
скачать картотека для логопеда,3,0
картотека стихотворений логопеда,3,0
картотека пальчиковых гимнастик для логопеда,3,0
картотека логопеда алалия,2,0
картотека для логопеда купить,2,0
картотека логопеда загадки,2,0
скачать все картотеки логопеда,2,0
логопедия картотека логопеда,2,0
картотека логопеда по автоматизации звуков,2,0
картотека дидактических игр логопеда,2,0
картотека учителя логопеда для родителей,2,0
картотека дом заданий логопеда,2,0
картотека методической литературы для логопеда,2,0
рекомендации логопеда картотека,2,0
картотека игр и упражнений логопеда,2,0
картотеки игр для логопеда доу,2,0
картотека логопеда купить,2,0
в помощь логопеду картотека,2,0
картотека пособий для логопеда,2,0
купить картотеки для логопедов,2,0
дидактические игры логопеда картотека,2,0
картотека в помощь логопеду,2,0
картотека индивидуальной работы логопеда,2,0
картотека загадок для логопеда,2,0
картотека методических пособий логопеда,2,0
картотека логопеда по автоматизации,2,0
картотеки для детского сада для логопеда,8,0
картотека для логопеда в детском саду,7,0
картотеки в детском саду для логопеда,7,0
картотеки для логопеда в детском саду,7,0
картотека заданий логопеда по лексическим темам,5,0
картотека индивидуальных занятий логопеда с ребенком,5,0
чешева михеева картотека заданий логопеда воспитателю,3,0
картотека заданий логопеда воспитателю подготовительная группа,3,0
картотеки по развитию речи для логопеда,3,0
картотека по развитию речи для логопеда,3,0
картотека домашних заданий логопеда для детей,2,0
картотека игр для логопеда в доу,2,0
картотека игр логопеда в подготовительной группе,2,0
различаем звуки и буквы картотека заданий логопеда,10,0
постановка звука ш поэтапно для логопеда картотека,3,0
постановка звука р поэтапно для логопеда картотека,3,0
картотека дыхательной гимнастики логопед в подготовительной группе,2,0
картотека заданий логопеда воспитателю по лексическим темам,2,0
картотека логопеда задания по лексическим темам воспитателям,2,0
постановка звука поэтапно для логопеда конспекты занятий картотека,13,0
картотека консультаций логопеда для родителей в детском саду,3,0
картотека дыхательной гимнастики для логопеда в подготовительной группе,2,0
картотека логопеда задания по лексическим темам воспитателям подготовительной группы,2,0
индивидуальная работа логопеда в подготовительной группе картотека с целями,2,0
различаем звуки и буквы картотека заданий логопеда 1 4 классы,8,0
различаем звуки и буквы картотека заданий логопеда 1 4 класс,8,0
различаем звуки и буквы картотека заданий логопеда 1 4 класс скачать,9,0
различаем звуки и буквы картотека заданий логопеда 1 4 классы скачать,9,0
различаем звуки и буквы картотека заданий логопеда 1 4 классы алексеева скачать,7,0
скачать алексеева различаем звуки и буквы картотека заданий логопеда 1 4 класс скачать,7,0
взаимодействие в работе воспитателя и учителя логопеда картотека заданий для детей 5 7 лет,2,0
логопедическая игра тренажер,95,0
логопедическое тренажер,1313,0
логопедические тренажеры дэльфа,172,0
логопедический тренажеры,1313,0
логопедический игра тренажер,99,0
логопедические тренажер,1313,0
логопедический тренажер для ребенка,129,0
игра логопедический тренажер,85,0
логопедические тренажеры дельфа,64,0
скачать тренажер логопедический,69,0
скачать логопедический тренажер,69,0
логопедические тренажеры скачать,69,0
тренажер логопедический скачать,69,0
логопедическом тренажере дельфа,64,0
тренажер логопедический 6 7,85,0
скачать логопедические тренажеры,69,0
логопедический тренажер игра,85,0
логопедический тренажер скачать,69,0
логопедические игры тренажеры,85,0
игра тренажер логопедический,85,0
логопедическому тренажеру дельфа,64,0
тренажер дыхания логопедический,70,0
тренажер логопедический игра,85,0
логопедические тренажеры дыхания,58,0
логопедические тренажеры своими руками,21,0
логопедические тренажеры и игры,24,0
логопедические тренажеры дельфа 142,30,0
логопедический тренажер букварь,24,0
тренажер логопедические упражнения,25,0
тренажер язык логопедический,22,0
логопедический тренажер пособие,49,0
логопедический тренажер дельфе 142,30,0
логопедические речевые тренажеры,41,0
тренажер логопедический бесплатно,25,0
пособие логопедический тренажер,49,0
логопедический тренажер 142,44,0
логопедический тренажер книги,23,0
тренажер логопедических занятий,31,0
дыхательный тренажер логопедический,55,0
логопедические онлайн тренажеры,21,0
шарик тренажер логопедический,17,0
компьютерные тренажеры логопедические,18,0
логопедический тренажер индивидуальный,20,0
настольные игры логопедический тренажер,18,0
язык логопедический тренажер,19,0
набор логопедический тренажер,18,0
тренажер логопедический скачать бесплатно,20,0
скачать бесплатно логопедический тренажер,20,0
логопедические компьютерные тренажер,20,0
компьютерные логопедические тренажеры,18,0
логопедический тренажер скачать бесплатно,20,0
скачать логопедический тренажер бесплатно,20,0
логопедическая игра тренажер аэробол,18,0
логопедические компьютерные тренажеры,20,0
логопедические тренажеры скачать бесплатно,20,0
тренажеры для языка логопедические,17,0
логопедические тренажер игрушки,14,0
дельфа логопедический тренажер скачать,15,0
логопедические тренажеры дэльфа 142,16,0
скачать логопедический тренажер дельфа,15,0
тренажеры логопедические окоф,15,0
логопедические тренажеры это,14,0
тренажеры логопедические для языка,17,0
тренажер логопедический настольный,15,0
логопедические тренажеры онлайн,16,0
логопедические тренажеры окоф,15,0
тренажер логопедический шарик,17,0
логопедические тренажеры букв,16,0
логопедический тренажер дельфа скачать,15,0
корень слова логопедический тренажер,16,0
логопедические тренажеры для языка,17,0
тренажер логопедический массаж,14,0
логопедические интерактивные тренажеры,12,0
логопедическая игра речевой тренажер,13,0
логопедический тренажер дэльфа купить,13,0
интерактивные логопедические тренажеры,12,0
логопедический тренажер дэльфа м,13,0
логопедические тренажеры интерактивные,12,0
логопедические программы тренажеры,13,0
логопедический тренажер купить в,13,0
программа логопедический тренажер,13,0
купить логопедический тренажер дэльфа,13,0
логопедический тренажер шарик,13,0
тренажер логопедические цена,13,0
интерактивные тренажеры логопедические,12,0
цена логопедических тренажеров,13,0
логопедические тренажеры цена,13,0
логопедические тренажеры для дошкольников,11,0
тренажер логопедический л,8,0
логопедический тренажер с шариком,9,0
логопедический тренажер игра настольная,10,0
логопедический тренажер играть,9,0
настольная игра логопедический тренажер,10,0
тренажер для логопедических занятий,9,0
малыш логопедический тренажер,11,0
настольная игра тренажер логопедический,10,0
логопедические тренажеры бос,11,0
тренажеры для логопедических занятий,9,0
тренажер логопедический для дошкольников,11,0
логопедический тренажер малыш,11,0
логопедические тренажеры для рук,9,0
логопедический тренажер настольная игра,10,0
логопедический тренажер для дошкольников,11,0
логопедическое занятие с тренажерами,8,0
видео тренажер логопедический,5,0
тренажер логопедический бусина,5,0
логопедический тренажер дельфа м,7,0
тренажер логопедический чтение,5,0
тренажеры в логопедической работе,6,0
тренажер логопедический бусинами,5,0
логопедический тренажер рас,7,0
логопедический тренажер игра правила,6,0
логопедические тренажеры в школе,7,0
логопедический тренажер дельфа купить,6,0
тренажер логопедический с шариком,7,0
дельфа м логопедический тренажер,7,0
тренажер логопедический росмэн,5,0
логопедическая игра тренажер футбол,7,0
логопедические занятия с тренажером,8,0
логопедический тренажер дисграфия,5,0
логопедические презентации тренажеры,3,0
алиса логопедический тренажер,3,0
логопедические тренажеры видео,5,0
презентация логопедический тренажер,3,0
презентация логопедические тренажеры,3,0
логопедический тренажер производитель,3,0
логопедический тренажер бабочки,5,0
логопедические тренажеры описание,4,0
тренажер логопедический видео,5,0
логопедические тренажеры презентация,3,0
видео логопедический тренажер,5,0
тренажер бусина логопедический,5,0
логопедический тренажер тигра,3,0
логопедический тренажер бусина,5,0
росмэн тренажеры логопедический,5,0
логопедический тренажер рот,3,0
логопедический тренажер презентация,3,0
логопедический тренажер i,2,0
логопедический тренажер жуковой,2,0
комплекс логопедический тренажер,2,0
логопедический тренажер usb,2,0
нищева логопедический тренажер,2,0
мультимедийные логопедические тренажеры,2,0
логопедические бусы тренажеры,2,0
логопедические бусы тренажер,2,0
логопедические тренажеры для массажа,6,0
логопедические тренажеры по чтению,6,0
дельфа логопедический тренажер купить,6,0
купить логопедический тренажер дельфа,6,0
игра логопедический тренажер правила,6,0
дидактическая игра логопедический тренажер,5,0
тренажер логопедический буква р,5,0
логопедический тренажер учимся говорить,5,0
логопедический тренажер развивающая игра,5,0
логопедический набор дыхательный тренажер,5,0
развивающая игра логопедический тренажер,5,0
учимся говорить логопедический тренажер,5,0
тренажеры логопедические бесплатно онлайн,4,0
логопедический тренажер дэльфа производитель,3,0
логопедический тренажер игра скачать,3,0
логопедические тренажеры на дыхание,3,0
игра логопедический тренажер скачать,3,0
доступная среда логопедический тренажер,3,0
тренажер логопедический для рта,2,0
тренажер для рта логопедические,2,0
скачать книгу логопедический тренажер,2,0
о перова логопедический тренажер,2,0
что такое логопедический тренажер,2,0
логопедический тренажер о перова,2,0
логопедический тренажер перова о,2,0
логопедический тренажер по автоматизации,2,0
логопедический тренажер это что,2,0
логопедические тренажеры для рта,2,0
логопедические тренажеры дэльфа описание,2,0
логопедические презентации и тренажеры,2,0
логопедическая игра тренажер для развития,24,0
логопедические тренажеры для развития дыхания,20,0
скачать бесплатно логопедический тренажер скачать,20,0
логопедический тренажер для коррекции речи,19,0
логопедические тренажеры для коррекции речи,19,0
логопедическая игра тренажер для дыхания,16,0
дельфа 142 логопедический тренажер скачать,15,0
дельфа логопедический тренажер скачать бесплатно,15,0
скачать логопедический тренажер дельфа 142,15,0
логопедические тренажеры дельфа скачать бесплатно,15,0
логопедический тренажер дельфа скачать бесплатно,15,0
логопедический тренажер дельфа 142 скачать,15,0
6 7 лет тренажер логопедический,12,0
дыхательный тренажер логопедический своими руками,10,0
логопедический тренажер для дошколят скачать,8,0
тренажер логопедический дэльфа 142 1,6,0
логопедический тренажер дэльфа 1 142,6,0
логопедический тренажер дэльфа не включает,6,0
логопедические тренажеры дэльфа 142 1,6,0
логопедических тренажеров дэльфа 142 1,6,0
игра логопедический тренажер правила игры,6,0
логопедический тренажер версия 2 1,3,0
логопедический тренажер дэльфа 142 1,3,0
логопедический тренажер игры для тигры,3,0
логопедический тренажер речевой патологии дэльфа,3,0
логопедический тренажер с персональным компьютером,3,0
логопедические тренажеры игры для тигры,3,0
как играть в логопедический тренажер,3,0
окпд 2 логопедический тренажер дэльфа,3,0
логопедический тренажер игра 5 8,2,0
логопедические тренажеры для автоматизации звуков,2,0
логопедические тренажеры и их применение,2,0
логопедический тренажер для звука р,2,0
дельфа 142 логопедический тренажер это,2,0
логопедические тренажеры для развития речевого дыхания,18,0
тренажер логопедический 6 7 лет купить,17,0
логопедическая игра тренажер для развития дыхания,15,0
тренажер логопедический школа для дошколят купить,12,0
тренажеры логопедические для развития дыхания детей,11,0
логопедический тренажер школа для дошколят скачать,9,0
тренажер логопедический школа для дошколят скачать,9,0
школа для дошколят тренажер логопедический скачать,9,0
логопедический тренажер дэльфа включает дифференциацию звука,6,0
школа для дошколят тренажер логопедический росмэн,5,0
6 7 лет тренажер логопедический росмэн,5,0
тренажер логопедический для детей 6 7,4,0
логопедический тренажер дэльфа 142 1 версия,3,0
логопедические тренажеры для дыхания своими руками,3,0
логопедические тренажеры на дыхание своими руками,3,0
логопедическая игра тренажер для развития речевого дыхания,15,0
логопедический тренажер дэльфа не включает постановку звука,6,0
тренажер логопедический для детей 6 7 лет,4,0
логопедический тренажер дэльфа 142 1 версия 2,3,0
логопедический тренажер дэльфа 142 версия 2 1,3,0
подготовка к школе логопедический тренажер русский стиль,3,0
как играть в логопедический тренажер русский стиль,3,0
дэльфа 142 версия 2 1 логопедический тренажер,3,0
логопедический тренажер дэльфа включает введение звуков в речь,2,0
логопедическая игра воздушный тренажер для развития речевого дыхания у детей,6,0
индивидуальные занятия с логопедами,1240,0
индивидуальных занятий с логопедом,1518,0
занятия индивидуальных занятий логопедов,2910,0
индивидуальные занятие с логопедом,1240,0
индивидуальный занятия логопеда,2910,0
индивидуальный занятия с логопедом,1240,0
индивидуальная занятия логопеда,2910,0
индивидуальные занятие логопед,2910,0
индивидуальные занятие логопеда,2910,0
индивидуальная занятия с логопедом,1601,0
индивидуальные логопед занятие,3571,0
индивидуальное занятия логопеда,2910,0
индивидуальное занятия с логопедом,1240,0
занятия логопеда индивидуально,2910,0
индивидуальных занятий логопеда,3571,0
индивидуального занятия с логопедом,1240,0
индивидуальные занятия по логопед,413,0
логопед для индивидуальных занятий,432,0
логопед на индивидуальных занятиях,453,0
индивидуальное занятие логопеда доу,416,0
индивидуальные занятия для логопеда,436,0
индивидуальное занятие логопед доу,416,0
занятия индивидуально с логопедом,1240,0
индивидуальное занятие для логопеда,436,0
индивидуальный занятия в логопеда,1231,0
индивидуальные занятия для логопедов,436,0
занятия с индивидуальным логопедом,1240,0
занятие с логопедом индивидуальные,1240,0
индивидуальные занятия логопеда доу,416,0
на индивидуальных занятиях логопед,453,0
занятия с логопедом индивидуально,1240,0
индивидуальные занятия логопеда по,413,0
индивидуальное занятие у логопеда,196,0
индивидуальные занятия логопеда журнал,234,0
индивидуальное занятие логопеда план,282,0
журнал логопеда индивидуальные занятия,234,0
индивидуальные планы занятий логопеда,282,0
индивидуальные занятия у логопеда,196,0
индивидуальное занятие учителя логопеда,367,0
индивидуальный план занятия логопеда,282,0
план индивидуальных занятий логопедов,294,0
индивидуальное занятие логопеда время,236,0
индивидуальные занятия учителя логопеда,367,0
индивидуальный занятия у логопеда,295,0
программы индивидуальных занятий логопеда,233,0
планы индивидуальных занятий логопеда,294,0
логопед и индивидуальные занятия,412,0
индивидуальные занятия логопеда школы,194,0
индивидуальное занятие логопеда конспект,168,0
конспекты индивидуального занятия логопеда,168,0
конспект индивидуальные занятия логопед,168,0
конспекты индивидуальных занятий логопеду,168,0
конспект занятия логопеда индивидуальное,168,0
индивидуальные конспекты занятий логопеда,168,0
конспекты индивидуальные занятия логопеда,168,0
конспекты занятий логопеда индивидуальные,168,0
индивидуальные занятия логопеда конспект,168,0
конспекты логопеда индивидуальные занятия,168,0
конспект индивидуальные занятия логопеда,168,0
конспект индивидуальных занятий логопеда,168,0
конспект индивидуального занятия логопед,168,0
индивидуальные занятия логопеда конспекты,168,0
время индивидуального занятия логопеда,184,0
индивидуальное занятие логопеда конспекты,168,0
планирование индивидуальных занятий логопеда,120,0
индивидуальные занятия логопеда планирование,123,0
планирование индивидуального занятия логопеда,155,0
планирование индивидуальных занятий логопедом,120,0
индивидуальное планирование занятий логопедом,123,0
планирование логопеда индивидуальных занятий,120,0
логопед индивидуальные занятия конспект,167,0
начинающий логопед индивидуальные занятия,147,0
детский логопед индивидуальные занятия,163,0
индивидуальное планирование занятий логопеда,123,0
логопед конспект индивидуального занятия,167,0
логопед индивидуальные занятия конспекты,167,0
логопед планирование индивидуальных занятий,120,0
журнал индивидуальных занятий логопеда,160,0
индивидуальный конспект занятия логопеда,168,0
индивидуального занятия логопеда класс,106,0
темы индивидуальных занятий логопеда,60,0
проведение индивидуальных занятий логопеда,76,0
логопед проводит индивидуальные занятия,86,0
тетрадь индивидуальных занятий логопеда,72,0
индивидуальные коррекционные занятия логопеда,77,0
индивидуальная форма занятий логопеда,60,0
дефектолог логопед индивидуальные занятия,99,0
коррекционные индивидуальные занятия логопеда,77,0
индивидуальные подготовительные занятия логопеда,92,0
индивидуальное коррекционное занятие логопеда,77,0
индивидуальные занятия логопеда дефектолога,99,0
индивидуально подгрупповые занятия логопеда,96,0
организации индивидуальных занятий логопедом,62,0
учет индивидуальных занятий логопеда,88,0
логопед дефектолог индивидуальные занятия,100,0
индивидуальная форма занятий логопед,60,0
индивидуальные занятия школьного логопеда,31,0
виды индивидуальных занятий логопеда,34,0
индивидуальное занятие логопеда это,45,0
логопед индивидуальные занятия задачи,33,0
индивидуальные занятия логопеда это,40,0
индивидуальное занятие школьного логопеда,31,0
индивидуальные занятия психолог логопед,58,0
индивидуальное занятие логопеда продолжительность,41,0
скачать индивидуальное занятие логопеда,48,0
индивидуальные занятия логопеда включают,40,0
индивидуальные занятия логопед психолог,58,0
организация индивидуальных занятий логопеда,49,0
логопеды индивидуальные занятия цена,33,0
скачать индивидуальные занятия логопеда,48,0
индивидуальные занятия логопеда темы,59,0
индивидуальное занятие логопеда онр,30,0
индивидуальные занятия логопеда документация,23,0
анализ занятий логопеда индивидуальных,26,0
задачи индивидуального занятия логопеда,27,0
анализ занятия логопеда индивидуальное,26,0
длительность индивидуальных занятий логопеда,27,0
индивидуальное занятие логопеда обследование,23,0
индивидуальное занятие логопеда цена,29,0
индивидуальные занятия логопеда задачи,27,0
логопед стоимость индивидуальных занятий,28,0
задачи индивидуального занятия логопед,27,0
индивидуальные занятия логопеда цена,29,0
индивидуальные занятия логопедом стоимость,28,0
логопед индивидуальные занятия москва,25,0
задачи индивидуальных занятий логопеда,27,0
индивидуальные занятия логопеда цены,29,0
анализ индивидуальных занятий логопеда,23,0
содержание индивидуальных занятий логопеда,15,0
индивидуальное занятие логопеда структура,18,0
индивидуальные уроки логопеда занятия,19,0
логопед консультация индивидуальные занятия,17,0
структура индивидуальных занятий логопеда,18,0
таблица индивидуального занятия логопеда,17,0
индивидуальное занятие логопеда длительность,21,0
логопед структура индивидуального занятия,18,0
длительность индивидуального занятия логопеда,21,0
график индивидуальных занятий логопеда,18,0
индивидуальные занятия логопеда проводятся,22,0
индивидуальные занятия логопеда длительность,21,0
индивидуальные занятия логопеда таблица,17,0
характеристика индивидуального занятия логопеда,19,0
индивидуальное занятие логопеда анализ,23,0
консультация логопеда индивидуальные занятия,15,0
сетка индивидуальных занятий логопеда,6,0
индивидуальное занятие логопеда игра,7,0
первое индивидуальное занятие логопеда,10,0
цели индивидуальных занятий логопеда,9,0
пример индивидуального занятия логопеда,13,0
цель индивидуальных занятий логопеда,9,0
этапы индивидуального занятия логопеда,10,0
логопед индивидуальные занятия реклама,14,0
индивидуальное занятие логопеда дифференциация,11,0
образец индивидуальных занятий логопеда,7,0
индивидуальные занятия логопеда дифференциация,10,0
циклограмма логопеда индивидуальные занятия,14,0
домашний логопед индивидуальные занятия,6,0
карта индивидуальных занятий логопеда,3,0
индивидуальные занятия логопеда видео,5,0
открытые индивидуальные занятия логопеда,5,0
оформление индивидуальных занятий логопеда,4,0
видео индивидуальные занятия логопеда,5,0
видео индивидуальное занятие логопеда,3,0
логопед ru индивидуальные занятия,6,0
видео индивидуального занятия логопеда,5,0
индивидуальное занятие логопеда видео,5,0
индивидуальные занятия логопедов видео,5,0
система индивидуальных занятий логопеда,6,0
индивидуальное занятие логопед видео,5,0
методика индивидуальных занятий логопеда,3,0
индивидуальные занятия логопед видео,5,0
логопед занятия индивидуальные частные,6,0
логопед новосибирск индивидуальные занятия,3,0
логопед индивидуальные занятия новосибирск,3,0
логопед занятия индивидуальные новосибирск,3,0
логопед индивидуальные занятия вологда,2,0
логопед ру индивидуальные занятия,2,0
дистанционное индивидуальное занятие логопеда,2,0
польза индивидуальных занятий логопеда,2,0
индивидуальные занятия логопедом минске,2,0
индивидуальное занятие логопеда дизартрия,2,0
индивидуальное занятие логопеда заикание,2,0
индивидуальные занятия с ребенком логопеда,721,0
логопед индивидуальные занятия с ребенком,593,0
логопед индивидуальные занятия с детьми,593,0
индивидуальная занятия логопеда в доу,567,0
индивидуальное занятие ребенка с логопедом,558,0
индивидуальное занятие логопеда с детьми,558,0
индивидуальное занятие логопеда с ребенком,558,0
индивидуальное занятие с ребенком логопеда,558,0
индивидуальные занятие с детьми логопед,558,0
индивидуальные занятия логопеда с детьми,558,0
индивидуальные занятия логопеда с ребенком,558,0
индивидуальные занятия ребенка с логопедом,558,0
индивидуальные занятия с детьми логопеда,558,0
индивидуальные занятия с детьми логопедами,558,0
индивидуальные занятия с детьми логопед,558,0
индивидуальные занятия с детьми логопедом,558,0
индивидуальные занятия с ребенком логопед,558,0
индивидуальных занятий логопеда в доу,402,0
индивидуальное занятие логопеда в доу,402,0
индивидуальное занятия логопеда в доу,402,0
занятия логопеда индивидуальное в доу,402,0
индивидуальных занятий логопеда в школе,246,0
индивидуальное занятие логопеда в саду,230,0
индивидуальное занятие в школе логопед,175,0
индивидуальное занятия логопеда в школе,175,0
индивидуальные занятие логопеда в школе,175,0
индивидуальные занятия с учителем логопедом,175,0
индивидуальные занятия логопедом для ребенка,171,0
индивидуальные занятия логопеда в саду,158,0
индивидуальные занятия с логопедом программа,142,0
индивидуальное занятие логопеда по времени,138,0
индивидуальные и групповые занятия логопеда,123,0
групповое и индивидуальное занятие логопеда,123,0
групповые и индивидуальные занятия логопеда,123,0
индивидуальное занятие логопеда подготовительная группа,115,0
индивидуальные занятия логопеда подготовительная группа,106,0
занятие с логопедом время индивидуальное,105,0
индивидуальное занятие с логопедом время,104,0
план индивидуальных занятий с логопедом,96,0
планы индивидуальных занятий с логопедом,96,0
план индивидуального занятия с логопедом,96,0
индивидуальные и подгрупповые логопед занятия,94,0
индивидуальные планы занятий с логопеда,88,0
индивидуальный план занятий с логопедом,88,0
индивидуальная работа с логопедом занятия,88,0
индивидуальные занятия с логопедом план,88,0
конспект индивидуальных занятий с логопедом,86,0
старшая группа индивидуальное логопед занятие,83,0
индивидуальное занятие логопеда старшая группа,83,0
индивидуальные коррекционно развивающие занятия логопеда,80,0
журнал учета индивидуальных логопед занятий,80,0
индивидуальные занятия с логопедом время,78,0
индивидуальные и подгрупповые занятия логопеда,78,0
план индивидуального занятия логопеда доу,76,0
индивидуальные занятия логопеда 3 года,75,0
конспекты индивидуальных занятий логопеда в,68,0
индивидуальные занятия в работе логопеда,65,0
календарное планирование индивидуальных занятий логопеда,61,0
занятия логопеда индивидуальные и фронтальные,61,0
индивидуальный план занятия на логопеда,59,0
индивидуальные коррекционные занятия с логопедом,57,0
индивидуально коррекционные занятия с логопедом,57,0
планирование индивидуальных занятий учителя логопеда,56,0
индивидуальные занятия логопеда постановка звуков,56,0
тетради для индивидуальных занятий логопеда,55,0
планы индивидуальных занятий учителя логопеда,53,0
план индивидуальных занятий учителя логопеда,53,0
индивидуальные занятия с логопедом дефектологом,52,0
индивидуальные и фронтальные занятия логопеда,51,0
фронтальные и индивидуальные занятия логопеда,51,0
фронтальные и индивидуальные занятия логопед,51,0
журнал индивидуальных занятий логопеда доу,49,0
конспект индивидуального занятия с логопедом,48,0
конспект индивидуальное занятие с логопедом,48,0
конспекты индивидуальные занятия с логопедом,48,0
конспекты занятий с логопедом индивидуальные,48,0
конспекты индивидуальных занятий с логопедом,48,0
индивидуальные занятия с логопедом конспект,48,0
индивидуальное занятие с логопедом конспект,48,0
индивидуальные занятия с логопедом конспекты,48,0
конспекты индивидуальных занятий логопеда доу,45,0
индивидуальный план занятий для логопеда,44,0
журнал индивидуальных занятий с логопедом,44,0
индивидуальные занятия логопеда на неделю,43,0
организация индивидуальных занятий логопеда в,43,0
индивидуальные занятия логопеда 1 класс,42,0
индивидуальное занятие 1 класс логопед,42,0
индивидуальное занятие логопеда 1 класс,42,0
проведение индивидуальных занятий с логопедом,42,0
журнал индивидуальных занятий учителя логопеда,42,0
план индивидуальных занятий логопеда школы,41,0
индивидуальные планы занятий логопеда школы,40,0
тематическое планирование индивидуальных занятий логопеда,37,0
индивидуальные занятия логопеда с родителями,37,0
тематическое планирование логопеда индивидуальные занятия,37,0
программа учителя логопеда индивидуальных занятий,37,0
рабочая программа индивидуальных занятий логопеда,36,0
рабочая программа логопеда индивидуальные занятия,36,0
рабочая программа логопеда индивидуальных занятий,36,0
программа индивидуальных коррекционных занятий логопеда,35,0
план работы индивидуальных занятий логопеда,34,0
план работы логопеда индивидуальные занятия,34,0
план индивидуального коррекционного занятия логопеда,34,0
индивидуальные занятия с детским логопедом,33,0
сколько индивидуальных занятий проводит логопед,32,0
индивидуальные занятия форма работы логопеда,31,0
конспект индивидуального занятия логопеда доу,29,0
индивидуальные занятия с логопедом виды,27,0
сколько стоит индивидуальное занятие логопеда,25,0
сколько стоят индивидуальные занятия логопеда,25,0
индивидуальные занятия логопеда с дошкольниками,25,0
индивидуальные занятия логопеда с зпр,25,0
зпр индивидуальные занятия с логопедом,25,0
как индивидуальные занятия с логопедом,24,0
индивидуальное занятие с логопедом стоимость,24,0
продолжительность индивидуальных занятий с логопедом,23,0
индивидуальное занятие логопеда с онр,23,0
индивидуальные занятия логопеда с онр,23,0
журнал индивидуальных занятий логопеда скачать,23,0
расписание индивидуальных занятий логопеда доу,22,0
перспективный план индивидуального занятия логопеда,22,0
перспективный план индивидуальных занятий логопеда,22,0
стоимость индивидуального занятия с логопедом,22,0
какие занятия проводит логопед индивидуально,22,0
индивидуальные занятия логопед 15 минут,21,0
индивидуальные занятия с логопедом задачи,21,0
цена индивидуальных занятий с логопедом,21,0
планы индивидуально подгрупповых занятий логопеда,20,0
план индивидуально подгрупповых занятий логопеда,20,0
индивидуальные занятия логопеда с школьником,20,0
индивидуальные занятия логопеда с школьниками,20,0
индивидуальные занятия по заданию логопеда,20,0
занятия с логопедом индивидуально цена,19,0
индивидуальное занятие с логопедом цена,19,0
индивидуальные занятия с логопедом цены,19,0
тетрадь индивидуальных занятий с логопедом,18,0
планирование индивидуальные занятия с логопедом,18,0
индивидуальное занятие логопеда 2 класс,18,0
индивидуальное занятие логопеда звук с,18,0
индивидуальные занятия с логопедом уроки,18,0
индивидуальные фронтальные подгрупповые занятия логопеда,18,0
индивидуальные занятия для логопеда скачать,18,0
индивидуальные занятия логопеда 2 класс,18,0
индивидуальные занятия логопеда звук с,18,0
индивидуальное занятие звук с логопед,18,0
план конспект индивидуального занятия логопеда,17,0
индивидуальное занятие логопеда автоматизация звука,17,0
школьные индивидуальные занятия с логопедом,16,0
конспект индивидуального коррекционного занятия логопеда,16,0
конспект коррекционного индивидуального занятия логопеда,16,0
конспекты индивидуальных занятий для логопедов,16,0
конспект индивидуальных занятий для логопеда,16,0
конспекты для индивидуальных занятий логопеда,16,0
конспекты для логопеда индивидуальных занятий,16,0
индивидуальные занятия логопеда с уо,16,0
индивидуальная тетрадь занятий с логопедом,16,0
время индивидуальных занятий учителя логопеда,16,0
длительность индивидуальных занятий с логопедом,15,0
расписание индивидуальных занятий учителя логопеда,15,0
план индивидуального занятия школьного логопеда,15,0
индивидуальные занятия с логопедом длительность,15,0
индивидуальный маршрут занятий с логопедом,15,0
логопед для школьников индивидуальные занятия,14,0
конспекты индивидуальных занятий логопеда зпр,13,0
логопед групповые занятия или индивидуальные,13,0
перспективное планирование индивидуальных занятий логопеда,12,0
анализ индивидуального занятия учителя логопеда,12,0
анализ индивидуальных занятий учителя логопеда,12,0
как составить индивидуальное занятие логопеда,12,0
индивидуальные занятия логопеда по фгос,12,0
индивидуальное занятие логопеда по фгос,12,0
конспект занятия индивидуальной работы логопеда,11,0
планирование индивидуально подгрупповых занятий логопеда,11,0
индивидуальные занятия логопеда на дому,11,0
индивидуальное занятие логопеда постановка с,11,0
индивидуальное занятие с логопедом платно,11,0
индивидуальное занятие с логопедом структура,11,0
индивидуальные занятия с логопедом платно,11,0
индивидуальные занятия с логопедом это,11,0
конспект индивидуального занятия учителя логопеда,10,0
конспекты индивидуальных занятий учителя логопеда,10,0
логопед занятие индивидуально на дому,10,0
логопед индивидуальные занятия на дому,10,0
открытое занятие логопеда индивидуальное занятие,10,0
индивидуальные занятия с логопедом структура,10,0
зеркало для индивидуальных занятий логопеда,8,0
скачать бесплатно индивидуальные занятия логопеда,8,0
индивидуальное занятие логопеда звук р,8,0
индивидуальные занятия логопеда скачать бесплатно,8,0
индивидуальные занятия логопед звук р,8,0
индивидуальные занятия логопеда звук р,8,0
план проведения индивидуальных занятий логопеда,7,0
индивидуальное занятие логопеда в садике,7,0
индивидуальные занятия логопеда с аутистами,7,0
этапы индивидуального занятия с логопедом,7,0
плюсы индивидуальных занятий с логопедом,7,0
планы индивидуальных занятий у логопеда,6,0
конспекты индивидуального занятия логопеда онр,6,0
график индивидуальных занятий логопеда доу,6,0
анализ индивидуального занятия логопеда с,6,0
анализ индивидуального занятия с логопедом,6,0
задачи логопеда на индивидуальных занятиях,6,0
длительность индивидуальных занятий логопеда доу,5,0
лучшие индивидуальные занятия с логопедом,5,0
конспект индивидуального занятия у логопеда,5,0
разработки логопедов для индивидуальных занятий,5,0
конспект индивидуальных занятий у логопеда,5,0
видео индивидуального занятия с логопедом,5,0
видео индивидуальное занятие с логопедом,5,0
видео индивидуальные занятия с логопедом,5,0
видео индивидуальных занятий с логопедом,5,0
первое индивидуальное занятие с логопедом,5,0
расписание индивидуальных занятий у логопеда,5,0
индивидуальное занятия с логопедом видео,5,0
индивидуальные видео занятия с логопедом,5,0
индивидуальное занятие с логопедом видео,5,0
индивидуальные занятия с логопедом видео,5,0
индивидуальные занятия с логопедом новосибирск,5,0
индивидуальные занятия логопеда с алаликами,5,0
скачать конспекты индивидуальных занятий логопеда,4,0
логопед в твери индивидуальные занятия,4,0
логопед индивидуальные занятия по звукопроизношению,4,0
логопед индивидуальное занятие с ш,4,0
индивидуальное занятие логопеда автоматизация р,4,0
индивидуальное занятие логопеда звук ш,4,0
индивидуальные занятия логопеда по звукопроизношению,4,0
индивидуальные занятия с логопедом тверь,4,0
индивидуальные занятия у логопеда это,4,0
ежедневное планирование индивидуальных занятий логопеда,4,0
логопед в екатеринбурге индивидуальные занятия,3,0
нужен логопед для индивидуальных занятий,3,0
цель индивидуальных занятий с логопедом,3,0
продолжительность индивидуального занятия учителя логопеда,3,0
как проходит индивидуальное занятие логопеда,3,0
игры на индивидуальном занятии логопеда,3,0
готовые индивидуальные занятия с логопедом,3,0
анализ индивидуального занятия проведенного логопедом,3,0
индивидуальные занятия с логопедом цель,3,0
индивидуальные занятия логопеда с малышами,3,0
цель индивидуальных занятий учителя логопеда,2,0
отзыв на индивидуальное занятие логопеда,2,0
как логопед проводит индивидуальное занятие,2,0
как логопед проводит индивидуальные занятия,2,0
подготовка конспекта индивидуального занятия логопеда,2,0
учет индивидуальных занятий документация логопеда,2,0
схема анализа индивидуального занятия логопеда,2,0
3 индивидуальных занятий у логопеда,2,0
анализ конспекта индивидуального занятия логопеда,2,0
анализ индивидуального логопедического занятия логопеда,2,0
пример индивидуального занятия логопеда план,2,0
как провести индивидуальное занятие логопед,2,0
как провести индивидуальное занятие логопеда,2,0
как проводит индивидуальное занятие логопед,2,0
как проводит индивидуальные занятия логопеда,2,0
как проводит индивидуальные занятия логопед,2,0
как проводит индивидуальное занятие логопеда,2,0
как проводить индивидуальные занятия логопеда,2,0
как проводить логопеду индивидуальные занятия,2,0
как проводят индивидуальные занятия логопед,2,0
как проводят индивидуальные занятия логопеда,2,0
конспекты открытые индивидуальные занятия логопеда,2,0
конспект открытого индивидуального занятия логопеда,2,0
циклограмма индивидуальных занятий учителя логопеда,2,0
методы логопеда на индивидуальных занятиях,2,0
логопед для взрослых индивидуальные занятия,2,0
логопед индивидуальные занятия при дизартрии,2,0
логопед тетрадь планов индивидуальных занятий,2,0
индивидуальное занятие с логопедом польза,2,0
индивидуальное занятие логопеда звук л,2,0
индивидуальное занятие логопеда моторная алалия,2,0
индивидуальное занятие логопеда при дизартрии,2,0
индивидуальное занятие логопеда с заиканием,2,0
индивидуальные занятия с логопедом дизартрия,2,0
индивидуальные занятия с логопедом казань,2,0
индивидуальные занятия с логопедом польза,2,0
индивидуальные занятия логопед для взрослых,2,0
индивидуальные занятия логопеда при дизартрии,2,0
индивидуальные занятия логопеда с дизартрией,2,0
польза индивидуальных занятий с логопедом,2,0
как строится индивидуальное занятие логопеда,2,0
время проведения индивидуального занятия логопеда,2,0
время проведение индивидуального занятия логопеда,2,0
тетрадь учета индивидуальных занятий логопеда,2,0
индивидуальные занятия логопеда с ребенком занятия,558,0
индивидуальные занятия логопеда с детьми в,234,0
индивидуальное занятия логопеда в детском саду,138,0
индивидуальные занятия в детских садах логопеда,138,0
индивидуальные занятия логопеда в детском саду,138,0
индивидуальное занятие учителя логопеда с детьми,132,0
индивидуальные занятия логопеда с чего начать,126,0
индивидуальное занятие с логопедом в доу,125,0
с чего начать индивидуальное занятие логопеда,122,0
логопед с чего начинать индивидуальные занятия,122,0
программа индивидуальных занятий логопеда с ребенком,85,0
индивидуальный план занятий логопеда с ребенком,82,0
индивидуальное занятие в старшей группе логопед,80,0
индивидуальные планы занятий логопеда с ребенком,77,0
план индивидуального занятия логопеда в доу,75,0
индивидуальные занятия логопеда в доу план,75,0
сколько длится занятие у логопеда индивидуальные,70,0
планы индивидуальных занятий логопеда с ребенком,66,0
планы индивидуальных занятий с ребенком логопедом,66,0
план индивидуального занятия логопеда с ребенком,66,0
план индивидуальных занятий логопеда с ребенком,66,0
план индивидуальных занятий с детьми логопед,66,0
индивидуальное занятие с логопедом по времени,63,0
индивидуальный план занятия с ребенком логопеду,60,0
индивидуальные планы занятий с ребенком логопеда,60,0
сколько длится индивидуальное занятие с логопедом,60,0
сколько длиться индивидуальное занятие с логопедом,60,0
журнал индивидуальных занятий логопеда с детьми,59,0
индивидуальные занятия логопеда в старшей группе,57,0
индивидуальные занятия учителя логопеда в доу,57,0
индивидуальное занятие учителя логопеда в доу,57,0
индивидуальное занятие логопеда в подготовительной группе,55,0
индивидуальное коррекционно развивающее занятие учителя логопеда,55,0
индивидуальные занятия логопеда в подготовительной группе,55,0
индивидуальное занятие логопеда в средней группе,50,0
индивидуальные занятия логопеда с детьми овз,49,0
индивидуальное занятие с логопедом 4 года,43,0
календарное планирование индивидуальных занятий учителя логопеда,43,0
индивидуальные занятия с логопедом в саду,42,0
учет индивидуальных занятий логопеда в доу,42,0
план индивидуального занятия логопеда в школе,39,0
индивидуальные занятия с детьми зпр логопед,38,0
индивидуальные занятия с логопедом в школе,38,0
индивидуальное занятие в школе с логопедом,38,0
конспекты занятий логопеда с детьми индивидуальные,38,0
конспект индивидуального занятия логопеда с ребенком,38,0
конспекты индивидуальных занятий логопеда с детьми,38,0
логопед занятия в группах и индивидуально,36,0
индивидуальные занятия в логопеда средняя группа,35,0
индивидуальные занятия логопеда в средней группе,35,0
индивидуальные занятия логопеда с детьми рас,35,0
календарно тематическое планирование логопеда индивидуальных занятий,35,0
индивидуальное занятие у логопеда в доу,34,0
групповые и индивидуальные занятия с логопедом,34,0
индивидуальный календарный план логопеда индивидуальные занятия,33,0
индивидуальные занятия логопеда с подготовительной группой,33,0
индивидуальное занятие логопеда с ребенком длиться,32,0
индивидуальные занятия с логопедом 4 года,32,0
индивидуальные занятия логопеда по развитию речи,31,0
конспект индивидуального занятия логопеда в доу,29,0
конспект индивидуальных занятий логопеда в доу,29,0
сколько детей на индивидуальных занятий логопеда,29,0
конспект индивидуального занятия логопеда 6 лет,27,0
индивидуальные занятия у логопеда в школе,27,0
календарно тематическое планирование индивидуальных занятий логопеда,27,0
индивидуальных и фронтальных занятий учителя логопеда,25,0
индивидуальный план занятий логопеда на ребенка,23,0
программа для индивидуальных занятий логопеда в,23,0
сколько стоит индивидуальные занятия с логопедом,22,0
сколько стоят индивидуальные занятия с логопедом,22,0
индивидуальные занятия логопеда по постановке звука,22,0
план работы индивидуального занятия с логопедом,22,0
план индивидуальных коррекционно развивающих занятий логопеда,22,0
организация индивидуальных занятий логопеда с ребенком,21,0
план индивидуальных и групповых занятий логопеда,21,0
индивидуальные занятия логопеда с детьми зпр,21,0
индивидуальные занятия логопеда с ребенком зпр,21,0
что делают логопеды на индивидуальных занятиях,20,0
индивидуальные занятия по постановке звуков логопед,20,0
индивидуальное занятие логопеда по постановке звука,20,0
план индивидуальных занятий логопеда на логопункте,19,0
план индивидуальных и подгрупповых занятий логопеда,19,0
индивидуальные занятия логопеда конспект 6 лет,19,0
программа индивидуальных коррекционно развивающих занятий логопеда,19,0
логопед индивидуальные занятие с 3 лет,18,0
планирование индивидуальных занятий логопеда с детьми,17,0
рабочая программа индивидуальных занятий с логопедом,17,0
индивидуальное занятие логопеда в 1 классе,17,0
индивидуальные занятия логопеда в 1 классе,17,0
индивидуальные занятия логопеда в логопедической группе,17,0
индивидуальные занятия учителя логопеда в школе,17,0
индивидуально подгрупповые занятия логопеда в доу,16,0
индивидуальные занятия логопеда в начальной школе,15,0
индивидуальное занятие логопеда в начальной школе,15,0
индивидуальное занятие логопеда с детьми онр,14,0
индивидуальное занятие логопеда с ребенком онр,14,0
индивидуальные и групповые занятия у логопеда,14,0
индивидуальные занятия логопеда с детьми онр,14,0
программа индивидуально групповых занятий с логопедом,13,0
индивидуальные занятия логопеда записывать в тетрадь,13,0
индивидуальные занятия учителя логопеда в детском,13,0
программы индивидуальных занятий логопеда в доу,12,0
индивидуальное коррекционное занятие логопеда в доу,12,0
тетрадь индивидуальных занятий логопеда с ребенком,11,0
программа индивидуальных занятий логопеда 2 класс,11,0
планирование индивидуальных и подгрупповых занятий логопеда,11,0
темы индивидуальных занятий с детьми логопед,10,0
календарный план индивидуальных занятий логопеда доу,10,0
индивидуальное занятие учителя логопеда в школе,9,0
план работы логопеда на индивидуальных занятиях,9,0
рабочая программа учителя логопеда индивидуальных занятий,8,0
проведение индивидуальных занятий логопеда в доу,8,0
перспективный план индивидуальных занятий с логопедом,8,0
индивидуальное занятие логопеда на звук с,8,0
задачи и организация индивидуальных занятий логопеда,8,0
конспекты для индивидуальных занятий логопеда в,7,0
продолжительность индивидуального занятия логопеда в саду,7,0
все для индивидуальных занятий с логопедом,7,0
индивидуальные занятия логопеда в доу задачи,7,0
этапы индивидуального занятия логопеда с ребенком,7,0
логопед в школе конспекты индивидуальных занятий,6,0
логопед стоимость индивидуальных занятий в москве,6,0
конспект индивидуального занятия логопеда в школе,6,0
конспект индивидуальных занятий логопеда в школе,6,0
тетрадь для индивидуальных занятий с логопедом,6,0
стоимость индивидуального занятия логопеда в москве,6,0
расписание подгрупповых и индивидуальных занятий логопеда,6,0
анализ индивидуального занятия логопеда с ребенком,6,0
индивидуальное занятие логопеда в школе конспект,6,0
индивидуальная тетрадь для занятий с логопедом,6,0
индивидуальные занятия с логопедом на дому,6,0
индивидуальные тетради для занятий с логопедом,6,0
индивидуальные занятия логопеда в школе конспекты,6,0
индивидуальные занятия логопеда конспекты в школе,6,0
индивидуальные занятия на дому с логопедом,6,0
календарный план индивидуальных занятий учителя логопеда,6,0
структура индивидуального занятия логопеда с ребенком,6,0
занятия с логопедом индивидуально на дому,6,0
групповые или индивидуальные занятия с логопедом,5,0
журнал для индивидуальных занятий с логопедом,5,0
расписание индивидуальных занятий логопеда с детьми,5,0
индивидуальное занятие логопеда автоматизация звука р,5,0
индивидуальное занятие логопеда с ребенком аутистом,5,0
индивидуальные занятия для логопеда скачать бесплатно,5,0
индивидуальные занятия логопеда в коррекционной школе,5,0
индивидуальный занятие логопеда в коррекционный группе,5,0
структура индивидуальных занятий логопеда в доу,5,0
длительность индивидуального занятия логопеда в доу,4,0
план индивидуальных занятий логопеда по звукопроизношению,4,0
перспективные планы индивидуальных занятий логопеда доу,4,0
индивидуальное занятие логопеда с 4 классом,4,0
индивидуальное занятие логопеда с младшими школьниками,4,0
индивидуальные занятия логопеда с младшими школьниками,4,0
индивидуальные занятия с логопедом в твери,4,0
индивидуальные занятия с логопедом цена москва,4,0
индивидуальные фронтальные подгрупповые занятия с логопедом,4,0
перспективное планирование индивидуальных занятий учителя логопеда,3,0
схема индивидуального занятия логопеда с детьми,3,0
журнал посещаемости индивидуальных занятий учителя логопеда,3,0
этапы индивидуального занятия логопеда в доу,3,0
как заполнять журнал индивидуальных занятий логопеда,3,0
особенности индивидуальное занятие ребенка с логопедом,3,0
продолжительность индивидуальных занятий логопеда в школе,3,0
как проходят индивидуальные занятия с логопедом,3,0
как проходит индивидуальное занятие с логопедом,3,0
количество индивидуальных занятий логопеда в неделю,3,0
время индивидуальных занятий логопеда по фгос,3,0
игры на индивидуальных занятиях с логопедом,3,0
индивидуальное занятие логопеда в доме ребенка,3,0
индивидуальное занятие логопеда постановка звука р,3,0
индивидуальные занятия с логопедом календарный план,3,0
индивидуальные занятия воспитателя по заданию логопеда,3,0
индивидуальные занятия логопеда в доме ребенка,3,0
индивидуальные занятия логопеда с детьми видео,3,0
календарный план индивидуальных занятий с логопедом,3,0
организация работы логопеда на индивидуальном занятии,2,0
расписание индивидуальных занятий логопеда в школе,2,0
анализ индивидуальных занятий логопеда в школе,2,0
анализ фронтального и индивидуального занятия логопеда,2,0
анализ индивидуального занятия логопеда в школе,2,0
планирование индивидуальных занятий на неделю логопеда,2,0
планирование работы логопеда на индивидуальные занятия,2,0
конспект и анализ индивидуального занятия логопеда,2,0
циклограмма индивидуальных занятий логопеда в доу,2,0
индивидуальное занятие постановка звука р логопед,2,0
индивидуальное занятие в школе проведенное логопедом,2,0
индивидуальное занятие с логопедом звук р,2,0
индивидуальное занятие логопеда автоматизация звука ш,2,0
индивидуальное занятие логопеда в 2 класс,2,0
индивидуальное занятие логопеда в школе анализ,2,0
индивидуальное занятие логопеда во 2 классе,2,0
индивидуальное занятие логопеда по теме семья,2,0
индивидуальное занятие логопеда с умственно отсталыми,2,0
индивидуальные занятия с логопедом санкт петербург,2,0
индивидуальные занятия с младшим возрастам логопед,2,0
индивидуальные занятия с младшим возрастом логопед,2,0
индивидуальные занятия логопеда во 2 классе,2,0
индивидуальные занятия логопеда по дифференциации звуков,2,0
индивидуальные занятия логопеда по коррекции дисграфии,2,0
индивидуальные занятия логопеда с детьми это,2,0
индивидуальные занятия логопеда с неговорящими детьми,2,0
индивидуальные занятия логопеда с умственно отсталыми,2,0
индивидуальные занятия у логопеда как проходит,2,0
индивидуальный учебный план занятия с логопедом,2,0
индивидуальные занятия с логопедом с чего начать,126,0
индивидуальные занятия логопеда с детьми в доу,63,0
индивидуальное занятие логопеда с ребенком с тнр,61,0
индивидуальное занятие с логопедом в детском саду,53,0
индивидуальное занятие логопеда с ребенком с овз,49,0
индивидуальное занятие логопеда с детьми с овз,49,0
индивидуальное занятие логопеда с ребенком 5 лет,44,0
индивидуальные занятия логопеда с детьми с тнр,39,0
сколько длится по времени индивидуальное занятие логопеда,34,0
сколько по времени длится индивидуальное занятие логопеда,34,0
индивидуальные занятия логопеда для ребенка 3 лет,33,0
индивидуальное занятие логопеда с ребенком 6 лет,31,0
индивидуальное занятие логопеда с ребенком 4 лет,25,0
индивидуальные занятия логопеда с детьми 4 лет,25,0
индивидуальные занятия логопеда с ребенком 4 лет,25,0
индивидуальные занятия с логопедом ребенок 4 лет,25,0
индивидуальное занятие логопеда в доу на логопункте,23,0
индивидуальные занятия логопеда на логопункте в доу,23,0
план индивидуальных занятий с ребенком учителя логопеда,21,0
индивидуальные занятия логопеда с ребенком с зпр,21,0
индивидуальное занятие логопеда с детьми с зпр,21,0
индивидуальное занятие логопеда с ребенком с зпр,21,0
конспекты логопеда на весь год индивидуальных занятий,20,0
конспекты индивидуальных занятий логопеда на весь год,20,0
сколько длится индивидуальное занятие логопеда в школе,18,0
индивидуальные занятия с детьми логопеда в саду,18,0
индивидуальные занятия с логопедом с 3 лет,18,0
индивидуальные занятия логопеда с детьми в саду,18,0
индивидуальное занятие с логопедом в старшей группе,17,0
индивидуальные занятия логопеда с ребенком 7 лет,16,0
индивидуальные занятие с логопедом ребенок 7 лет,16,0
план индивидуальных занятий с логопедом в доу,14,0
индивидуальные занятия с ребенком онр с логопедом,14,0
индивидуальные занятия логопеда с детьми с онр,14,0
индивидуальные занятия логопеда с ребенком с онр,14,0
индивидуальное занятие логопеда в школе 1 класс,13,0
индивидуальные занятия с учителем логопедом в доу,13,0
конспекты индивидуальных занятий логопеда в детском саду,12,0
индивидуальные занятия логопеда с детьми 2 лет,12,0
индивидуальное занятие логопеда конспект в детском саду,12,0
индивидуальное занятие логопеда с ребенком 1 класса,12,0
сколько индивидуальных занятий должно быть с логопедом,11,0
индивидуально подгрупповые занятия для логопеда в доу,11,0
индивидуальное занятие логопеда с ребенком 2 года,11,0
сколько длится индивидуальное занятие логопеда в саду,10,0
календарный план индивидуальных занятий логопеда в доу,10,0
индивидуальные занятия логопеда в школе сколько минут,10,0
логопед в детском саду конспект индивидуального занятия,9,0
план индивидуальных занятий логопеда в 1 классе,9,0
индивидуальные занятия учителя логопеда в детском саду,9,0
индивидуальные занятия логопеда в доу старшая группа,9,0
индивидуальный план работы логопеда на индивидуальных занятиях,9,0
формы индивидуальных занятий учителя логопеда с детьми,9,0
занятия с логопедом постановка звуков индивидуальные занятия,9,0
индивидуальное занятие логопеда с ребенком 3 лет,8,0
индивидуальное занятие с логопедом на звук с,8,0
индивидуальные занятие логопеда с ребенком 3 лет,8,0
индивидуальные занятия логопеда с детьми 3 лет,8,0
индивидуальные занятия логопеда с ребенком 3 лет,8,0
индивидуальные занятия с детьми зпр для логопеда,8,0
индивидуальные занятия с логопедом в старшей группе,8,0
календарный план индивидуальных занятий логопеда на логопункте,8,0
планирование индивидуальных занятий логопеда в старшей группе,8,0
конспект индивидуальных занятий логопеда в детском саду,7,0
индивидуальное занятие конспект логопеда в детском саду,7,0
индивидуальное занятие учителя логопеда в старшей группе,7,0
индивидуальные занятия логопеда в детском саду конспекты,7,0
индивидуальные занятия логопеда для детей 4 лет,7,0
рабочая программа индивидуальных занятий логопеда в доу,6,0
фронтальные подгрупповые и индивидуальные занятия учителя логопеда,6,0
расписание индивидуальных занятий логопеда в детском саду,6,0
индивидуальное занятие учителя логопеда в подготовительной группе,6,0
индивидуальное занятия логопеда в доу по санпин,6,0
индивидуальные логопедические занятия в детском саду логопед,6,0
индивидуальные занятия с логопедом для ребенка работа,6,0
индивидуальные занятия логопеда в школе конспекты занятий,6,0
индивидуальный маршрут ребенка для занятий с логопедом,6,0
логопедическая группа или индивидуальные занятия с логопедом,5,0
конспект индивидуального занятия с логопедом в доу,5,0
конспект индивидуального занятий в подготовительной группе логопед,5,0
конспекты индивидуальных занятий логопеда в подготовительной группе,5,0
занятия с логопедом индивидуальное занятие или групповое,5,0
индивидуальное занятие ребенка с логопедом на дому,5,0
индивидуальное занятие с логопедом детей средней группы,5,0
индивидуальные занятия с детьми дошкольного возраста логопеда,5,0
индивидуальные занятия логопеда с детьми дошкольного возраста,5,0
индивидуальные занятия логопеда с детьми на дому,5,0
индивидуальные занятия логопеда с детьми на логопункте,5,0
индивидуальные занятия логопеда с детьми средней группы,5,0
индивидуальных занятий в день должен проводить логопед,5,0
что включает в себя индивидуальное логопед занятие,4,0
длительность индивидуальных занятий с логопедом в доу,4,0
планирование индивидуальный занятий логопеда с детьми онр,4,0
план индивидуальных занятий логопеда в детском саду,4,0
план индивидуальных занятий в детском саду логопедов,4,0
тематическое планирование индивидуальных занятий логопеда в доу,4,0
перспективный план индивидуальных занятий логопеда с детьми,4,0
перспективный план индивидуальных занятий логопеда на логопункте,4,0
перспективный план индивидуальных занятий логопеда в доу,4,0
занятия с логопедом индивидуальные 3 4 года,4,0
индивидуальные занятия логопеда по подготовке к школе,4,0
индивидуальные занятия с логопедом для 4 лет,4,0
календарный план индивидуальных занятий с детьми логопеда,4,0
длительность индивидуального занятия логопеда в подготовительной группе,3,0
длительность индивидуальных занятий логопеда в подготовительной группе,3,0
конспект индивидуального занятия логопеда в старшей группе,3,0
конспекты индивидуальных занятий логопеда в старшей группе,3,0
конспекты индивидуальных занятий логопеда для подготовительной группы,3,0
планы индивидуальных занятий логопеда в подготовительной группе,3,0
план индивидуальных занятий логопеда в подготовительной группе,3,0
онр 2 уровня индивидуальное занятие с логопедом,3,0
время индивидуального занятия логопеда в группе доу,3,0
индивидуальное занятие постановка звука л для логопеда,3,0
индивидуальное занятие в средней группе учителя логопеда,3,0
индивидуальные занятия с логопедом в коррекционной школе,3,0
индивидуальные занятия с логопедом для ребенка цена,3,0
индивидуальные занятия логопеда в группе с онр,3,0
индивидуальные занятия логопеда на постановку звука с,3,0
индивидуальные занятия логопедом с ребенком 6 класса,3,0
индивидуальный план занятий логопеда с безречевыми детьми,3,0
календарный план подгрупповых и индивидуальных занятий логопед,3,0
календарный план подгрупповых и индивидуальных занятий логопеда,3,0
расписание индивидуальных занятий учителя логопеда в школе,2,0
структура цели и задачи индивидуального занятия логопеда,2,0
видео индивидуальное занятие логопеда постановка звука с,2,0
сколько индивидуальных занятий в день должен логопед,2,0
планирование индивидуальных занятий логопеда в подготовительной группе,2,0
планы индивидуальных занятий логопеда по постановке звуков,2,0
конспект индивидуального занятия логопеда в средней группе,2,0
план индивидуальных занятий логопеда в старшей группе,2,0
конспекты индивидуальных занятий учителя логопеда в доу,2,0
логопед с двух лет на индивидуальном занятии,2,0
индивидуальное занятие логопеда по автоматизации звука ш,2,0
индивидуальное занятие логопеда с ребенком с дизартрией,2,0
индивидуальное занятие логопеда с ребенком с заиканием,2,0
индивидуальное занятия логопеда с детьми с дизартрией,2,0
индивидуальные занятия с логопедом для чего нужны,2,0
индивидуальные занятия с логопедом с нарушением звукопроизношения,2,0
индивидуальные занятия логопеда для детей с зпр,2,0
индивидуальные занятия логопеда с детьми школьного возраста,2,0
индивидуальные занятия по постановке звука логопеду доу,2,0
для чего нужны индивидуальные занятия с логопедом,2,0
календарный план индивидуальных занятий учителя логопеда доу,2,0
календарный план индивидуальных занятий логопеда подготовительная группа,2,0
календарное планирование индивидуальных занятий логопеда на логопункте,2,0
начинающий логопед с чего начать индивидуальные занятия логопеда,138,0
сколько занятий в неделю логопеда индивидуальных должно быть,54,0
индивидуальное занятие с ребенком 6 лет с логопедом,45,0
частота проведения индивидуальных занятий с каждым ребенком логопед,26,0
индивидуальных и групповых коррекционно развивающих занятий учителя логопеда,23,0
конспекты индивидуальных занятий логопеда с детьми 5 лет,22,0
индивидуальное занятие с ребенком с умственной отсталостью логопеда,20,0
сколько длится индивидуальное занятие с логопедом в доу,13,0
индивидуальные занятия по развитию речи детей с логопедом,13,0
индивидуальные занятия логопеда в подготовительной группе детского сада,11,0
сколько длится индивидуальное занятие с логопедом в школе,10,0
тетрадь индивидуальные занятия логопеда с детьми в доу,9,0
индивидуальные занятия с логопедом сколько раз в неделю,9,0
может ли брать логопед детей на индивидуальные занятия,8,0
индивидуальное занятие с логопедом с ребенком 3 года,8,0
индивидуальные занятия логопеда с детьми 4 5 лет,8,0
индивидуальные занятия с детьми дошкольного возраста с логопедом,8,0
сколько стоят индивидуальные занятия с логопедом в москве,7,0
индивидуальные занятия с логопедом для детей дошкольного возраста,7,0
индивидуальные занятия с логопедом для детей с овз,7,0
индивидуальные и групповые занятия логопеда в детском саду,7,0
план индивидуальных занятий логопеда с детьми с онр,5,0
план индивидуальных занятий логопеда с ребенком с онр,5,0
индивидуальные занятия логопеда с детьми 2 3 лет,4,0
индивидуальные занятия логопеда с дошкольниками с нарушениями речи,4,0
индивидуальные занятия логопеда с онр детьми старшей группы,4,0
индивидуальные занятия логопеда с ребенком онр 2 уровня,4,0
конспект индивидуального занятия с логопедом в детском саду,3,0
конспект индивидуальные занятия в детском саду с логопедом,3,0
конспекты индивидуальных занятий с логопедом в детском саду,3,0
время индивидуальных занятий логопеда по санпину в доу,3,0
индивидуальные занятия с логопедом для детей 4 лет,3,0
программа индивидуальных занятий логопеда с детьми с зпр,2,0
сколько длится индивидуальное занятие с логопедом в детском,2,0
сколько индивидуальных занятий в неделю должен проводить логопед,2,0
план групповых и индивидуальных занятий логопеда в доу,2,0
конспект индивидуального занятия логопеда с ребенком 4 года,2,0
конспект индивидуального занятия логопеда с ребенком 4 лет,2,0
конспект индивидуальное занятие логопеда с ребенком 4 лет,2,0
индивидуальные занятия с ребенком с логопедом 3 класс,2,0
рабочая тетрадь логопед 4 года,18,0
рабочие тетради логопеда в доу,20,0
скачать рабочую тетрадь логопеда,56,0
рабочая тетрадь логопеда в доу,20,0
рабочая тетрадь для дошкольников логопед,32,0
школьный логопед рабочие тетради,18,0
рабочие тетради для логопедов,218,0
скачать рабочие тетради логопеда,56,0
рабочая тетрадь косиновой пишем вместе с логопедом,78,0
рабочая тетрадь логопеда для 1 класса,23,0
рабочая тетрадь с логопедом,280,0
рабочая тетрадь логопед скачать,90,0
рабочая тетрадь логопеда доу,20,0
рабочие тетради логопед скачать,77,0
рабочие тетради логопед,597,0
рабочая тетрадь логопеда в школе,18,0
рабочая тетрадь логопеда скачать бесплатно,9,0
рабочая тетрадь логопеда и воспитателя,11,0
рабочие тетради для логопеда в школе,12,0
рабочие тетради школьного логопеда,11,0
рабочая тетрадь логопеда 7 класс,12,0
скачать бесплатно рабочие тетради логопеда,9,0
рабочая тетрадь логопед 4 класс,16,0
рабочая тетрадь занятий у логопеда,12,0
рабочая тетрадь для логопеда в школе,13,0
рабочая тетрадь 4 5 лет логопеда,12,0
рабочая тетрадь для занятия с логопедом,16,0
рабочая тетрадь логопеда с детьми с зпр,14,0
рабочие тетради логопеда для детей с зпр,10,0
рабочие тетради занятия с логопедом скачать,13,0
рабочие тетради логопеда в школе,16,0
рабочие тетради для занятия с логопедом,8,0
рабочая тетрадь логопеда дисграфия,4,0
рабочие тетради для логопеда скачать бесплатно,6,0
рабочая тетрадь учителя логопеда в доу,7,0
рабочая тетрадь логопеда по развитию речи,6,0
рабочая тетрадь с заданиями логопеда,6,0
рабочие тетради с заданиями для логопедов,5,0
рабочая тетрадь дошкольника с логопедом,8,0
скачать рабочие тетради для логопедов бесплатно,6,0
рабочая тетрадь учителя логопеда доу,7,0
скачать бесплатно тетради рабочие для логопеда,6,0
рабочие тетради для занятий с логопедом,8,0
рабочая тетрадь логопеда автор,5,0
рабочие тетради логопеда для детей с тнр,7,0
рабочая тетрадь для занятий с логопедом,8,0
дурова рабочая тетрадь логопеда по развитию речи,4,0
комплект рабочих тетрадей для логопеда,2,0
рабочая тетрадь косинова е м пишем вместе с логопедом,2,0
рабочая тетрадь логопеда по развитию речи дошкольников через познание,2,0
логопед рабочая тетрадь звук скачать,2,0
пишем вместе с логопедом косинова рабочая тетрадь ответы,2,0
рабочая тетрадь для логопеда детского сада,2,0
рабочие тетради логопеда для детей с уо,3,0
рабочая тетрадь логопеда по развитию речи дошкольников через познание окружающего,2,0
рабочая тетрадь логопеда и родителей,3,0
косинова пишем вместе с логопедом рабочая тетрадь ответы,2,0
рабочая тетрадь логопеда л,4,0
картинки для рабочей тетради логопеда,3,0
тетрадь рабочих контактов логопеда и воспитателя,2,0
рабочие тетради учащихся с логопедом,3,0
рабочая тетрадь логопеда в детском саду,4,0
рабочая тетрадь логопеда купить,2,0
рабочая тетрадь логопеда по развитию речи дошкольников,2,0
рабочая тетрадь логопеда р,2,0
логопедические карточки распечатать скачать,17,0
логопедические карточки распечатать скачать бесплатно,11,0
логопедические карточки бормоталки распечатать,3,0
логопедические карточки картинки распечатать,2,0
автоматизация звука для,9914,0
автоматизацию звуков с,8871,0
автоматизацию звука с,8376,0
автоматизация звуков словах,8173,0
автоматизации звуков ш,8123,0
автоматизацию звука ш,8123,0
автоматизация звукам ш,8123,0
автоматизация звуку ш,8123,0
автоматизация звуки и,5598,0
звук автоматизация задания,5561,0
звуки на автоматизации,5487,0
автоматизация на звук,5132,0
автоматизация звука на,5001,0
на автоматизацию звуков,5001,0
автоматизация звука предложения,3812,0
автоматизация звука предложениях,3761,0
автоматизация звуков дошкольники,3472,0
автоматизация звука материал,3341,0
автоматизация звука слогах,3222,0
автоматизация звуков слоги,3222,0
звуки ж автоматизация,3188,0
автоматизация звука слоги,3160,0
автоматизация звуков материал,3107,0
автоматизации звуков ж,3040,0
автоматизацию звука ж,3040,0
материал автоматизации звука,3031,0
автоматизация речевых звуков,2896,0
автоматизации звуков рь,2746,0
звуки рь автоматизация,2674,0
автоматизации звуков игры,2664,0
автоматизация звука игры,2664,0
автоматизация звука игра,2664,0
автоматизация звуков игре,2664,0
игра автоматизация звука,2643,0
игры автоматизации звуков,2643,0
игры автоматизацию звуков,2643,0
игры автоматизация звука,2643,0
автоматизацию звука стихи,2559,0
автоматизация звука стихах,2559,0
автоматизация звука картинках,2355,0
автоматизация звука картинка,2355,0
автоматизация картинки звуки,2355,0
автоматизации звуков картинки,2346,0
картинки автоматизации звука,2284,0
картинки автоматизации звуков,2284,0
картинка автоматизация звука,2284,0
звуки з автоматизация,2131,0
по автоматизации звука,2103,0
автоматизации звука з,2030,0
автоматизации звуков з,2030,0
автоматизацию звука з,2030,0
автоматизация звуков з,2030,0
автоматизации звуков презентации,1976,0
автоматизация звука презентация,1976,0
автоматизация звуков презентации,1976,0
автоматизация звуков презентацией,1976,0
автоматизация по звукам,1888,0
презентации автоматизации звуков,1881,0
презентации автоматизацию звуки,1881,0
презентации автоматизация звуков,1881,0
презентация автоматизации звука,1881,0
презентация автоматизации звуков,1881,0
презентация автоматизации звуки,1881,0
автоматизации звука ль,1877,0
автоматизации звуков ль,1877,0
автоматизацию звука ль,1877,0
автоматизация звуков ль,1877,0
автоматизацию звука ч,1853,0
автоматизация звукам ч,1853,0
автоматизация звуку ч,1853,0
по автоматизации звуков,1849,0
звуки ч автоматизация,1816,0
автоматизации звуков к,1768,0
звуки к автоматизация,1725,0
автоматизация звука текст,1616,0
автоматизация звуков текст,1616,0
автоматизация звуков тексты,1616,0
автоматизации звука к,1565,0
автоматизацию звука к,1565,0
автоматизация звуков к,1565,0
автоматизация звуком к,1565,0
тексты автоматизации звуков,1523,0
автоматизации звука ц,1483,0
автоматизации звуков ц,1483,0
автоматизацию звука ц,1483,0
автоматизация звуки ц,1483,0
автоматизация звука чистоговорка,1388,0
автоматизация звука чистоговорках,1388,0
звук автоматизации скачать,1333,0
чистоговорки автоматизация звука,1326,0
логопедические автоматизация звука,1271,0
автоматизацию звуков т,1249,0
детям автоматизация звуков,1246,0
скачать автоматизацию звуков,1233,0
звук у автоматизация,1193,0
занятие автоматизация звуков,1160,0
автоматизации звука т,1116,0
автоматизацию звука т,1116,0
автоматизация звуком т,1116,0
автоматизация звуков занятие,1098,0
тетради автоматизация звука,1074,0
автоматизация звука занятие,1045,0
автоматизация звуков занятия,1045,0
автоматизации звук щ,1031,0
автоматизации звука щ,1031,0
автоматизации звуков щ,1031,0
автоматизацию звука щ,1031,0
занятия автоматизация звука,1026,0
занятие автоматизация звука,1026,0
комарова автоматизации звука,995,0
автоматизация звука комаровой,990,0
автоматизация звуков комаровой,990,0
комаровой автоматизация звука,989,0
комаров автоматизация звука,985,0
комаров автоматизация звуков,985,0
постановка автоматизация звуков,961,0
постановка звуков автоматизация,961,0
автоматизация постановки звуков,953,0
тетрадь автоматизации звуков,930,0
тетрадь автоматизация звука,930,0
тетрадь автоматизация звуков,930,0
тетради автоматизации звуков,930,0
автоматизация звука тетради,920,0
автоматизация звуков тетрадь,920,0
автоматизации звука д,876,0
автоматизацию звука д,876,0
автоматизацию звуков др,841,0
автоматизация звуков др,841,0
автоматизации звука др,822,0
упражнения автоматизация звуков,793,0
школьник автоматизация звуков,779,0
логопед автоматизация звука,736,0
автоматизация звуков логопед,729,0
упражнения автоматизации звуков,727,0
картотеки автоматизация звуков,646,0
автоматизацию звука н,643,0
автоматизация изолированных звуков,639,0
автоматизация звука конспект,619,0
автоматизация звуков конспекты,619,0
автоматизация звуков конспект,619,0
звуки г автоматизация,618,0
автоматизации звука н,616,0
автоматизация звуков н,616,0
конспект автоматизации звука,612,0
конспект автоматизация звука,612,0
конспект автоматизация звуков,612,0
конспекты автоматизация звука,612,0
конспекты автоматизации звуков,612,0
конспекты автоматизация звуков,612,0
автоматизация звука скороговорки,606,0
автоматизация звуков скороговорки,606,0
автоматизация звуков изолированно,594,0
скороговорки автоматизация звуков,588,0
картотека автоматизаций звуков,573,0
картотека автоматизация звука,573,0
звук автоматизация картотека,573,0
картотеки автоматизации звуков,573,0
автоматизацию звука тр,570,0
автоматизация звуков тр,570,0
автоматизация звуков картотеки,559,0
автоматизация звука альбомы,551,0
автоматизацией звука г,536,0
автоматизации звука г,536,0
автоматизации звуков г,536,0
автоматизацию звука г,536,0
автоматизации звука х,515,0
автоматизацию звука х,515,0
автоматизация звуков х,515,0
автоматизации звука м,484,0
автоматизацию звука м,484,0
автоматизация звуков м,484,0
автоматизация звуков пособия,477,0
автоматизация звука пособие,473,0
пособия автоматизация звуков,473,0
пособие автоматизация звука,473,0
автоматизация звуков видео,465,0
автоматизации звуков ф,464,0
автоматизацию звука ф,464,0
автоматизация звуков бесплатно,456,0
бесплатно автоматизация звуков,456,0
видео автоматизации звуков,440,0
видео автоматизация звуков,440,0
автоматизация звука этап,438,0
автоматизация звука вк,414,0
этап автоматизации звуков,411,0
этап автоматизация звука,411,0
вк автоматизация звука,401,0
автоматизации звука ф,396,0
автоматизация звукам ф,396,0
автоматизация звуки ф,396,0
автоматизация звуков ф,396,0
рассказы автоматизация звуков,386,0
рассказы автоматизация звука,386,0
шипящие автоматизация звуков,363,0
автоматизации шипящих звуков,357,0
автоматизация звука шипящие,357,0
автоматизация звука шипящих,357,0
автоматизацию звука сь,356,0
автоматизация звука онлайн,351,0
автоматизация звуков а,338,0
автоматизации звука б,337,0
автоматизацию звука б,337,0
онлайн автоматизация звука,336,0
игровая автоматизация звуков,305,0
автоматизации свистящих звуков,303,0
автоматизация звука свистящих,303,0
автоматизация звук как,302,0
правильная автоматизация звуков,286,0
автоматизация звука фразы,286,0
автоматизации звука п,245,0
автоматизация звуки п,245,0
автоматизация звуков п,245,0
автоматизация звука 1,235,0
автоматизация звука логопедия,233,0
автоматизация звуков логопедии,233,0
автоматизация звуков логопедия,233,0
автоматизация звуков ть,225,0
автоматизации звука ть,224,0
тема автоматизация звуков,222,0
цели автоматизации звука,220,0
цель автоматизация звуков,220,0
логопедия автоматизация звуков,219,0
логопедия автоматизацию звуков,219,0
логопедия автоматизация звука,219,0
логопедия звук автоматизация,219,0
автоматизация звука раскраска,217,0
автоматизация звуков раскраска,217,0
автоматизация звуков раскраски,217,0
автоматизация звука цель,213,0
автоматизация звуков цель,213,0
автоматизация звуков цели,213,0
автоматизация звука дорожка,211,0
автоматизация звука дорожки,211,0
автоматизация звука раскраски,207,0
раскраски автоматизация звуков,207,0
раскраска автоматизация звуков,207,0
раскраска автоматизация звука,207,0
автоматизация ранних звуков,204,0
автоматизация звука a,197,0
автоматизация звук это,189,0
тренажер автоматизация звуков,186,0
автоматизация звуков тренажер,186,0
автоматизации звука зь,183,0
автоматизация звуков зь,183,0
стихотворение автоматизация звука,181,0
автоматизация поставленных звуков,171,0
автоматизация поставленного звука,170,0
автоматизации звука ы,163,0
автоматизацию звука ы,163,0
автоматизация звуки ы,163,0
автоматизация звуков ы,163,0
книга автоматизация звука,163,0
книги автоматизации звуков,163,0
автоматизация звука книга,162,0
автоматизация звука стихотворениях,162,0
автоматизация звуков стихотворения,162,0
звукопроизношение автоматизация звуков,159,0
автоматизации поставленного звука,154,0
автоматизации звука это,151,0
автоматизацию этого звука,151,0
автоматизация звука сонорных,149,0
автоматизация сонорный звуков,149,0
лист автоматизации звуков,149,0
сонорные звуки автоматизация,148,0
звук е автоматизация,138,0
автоматизация звуков план,137,0
план автоматизации звука,137,0
план автоматизации звуков,137,0
план автоматизация звуков,137,0
автоматизация звуков е,135,0
автоматизация сложных звуков,135,0
автоматизация звука прием,134,0
автоматизация звуков приемы,131,0
автоматизация звука план,129,0
звук автоматизация дра,128,0
матыкина автоматизация звука,126,0
купить автоматизация звука,125,0
купить автоматизация звуков,125,0
автоматизация звука купить,124,0
автоматизация звуков дра,124,0
автоматизация звуков купить,124,0
автоматизация звука из,124,0
автоматизация звуков родителям,120,0
автоматизации звука й,119,0
автоматизацию звука й,119,0
автоматизация звуков й,119,0
автоматизации звуков родителями,117,0
автоматизация звуков родителями,117,0
автоматизация разных звуков,114,0
автоматизации звука кь,113,0
автоматизация звука твердого,110,0
автоматизация звука стишки,105,0
автоматизация звуков кь,104,0
перегудова автоматизация звука,104,0
архипова автоматизация звука,103,0
автоматизация звуков стишки,102,0
автоматизация звуков перегудова,101,0
перегудова автоматизация звуков,100,0
перегудов автоматизация звуков,100,0
автоматизация звуков гласные,94,0
автоматизация гласного звука,93,0
автоматизация гласные звуков,93,0
автоматизация гласных звука,93,0
гласные звуки автоматизация,91,0
автоматизация звука дизартрия,91,0
автоматизация звуков задачи,90,0
автоматизация звуков я,90,0
задачи автоматизации звуков,90,0
автоматизация звука задачи,89,0
задачи автоматизации звука,89,0
задача автоматизации звука,89,0
улитка автоматизация звуков,85,0
улитки автоматизация звуков,85,0
нейроигра автоматизация звуков,83,0
автоматизация звука улитки,82,0
автоматизация звуков улитки,82,0
автоматизация звуков улитка,82,0
задачи автоматизация звуков,81,0
османова автоматизация звуков,78,0
автоматизация звуков контакте,77,0
нарушение автоматизации звуков,75,0
звук мь автоматизация,75,0
автоматизации звука мь,75,0
сборники автоматизации звуков,75,0
османова автоматизация звука,75,0
автоматизация звуков мь,73,0
автоматизация звуков дизартрия,72,0
дизартрия автоматизация звуков,72,0
автоматизация звука османова,71,0
автоматизация звуков нь,71,0
звук нь автоматизации,71,0
автоматизация звука консультация,69,0
автоматизация звуков консультации,69,0
автоматизация звуков консультация,69,0
методы автоматизации звуков,69,0
процесс автоматизации звука,69,0
процесс автоматизации звуков,69,0
консультация автоматизация звуков,69,0
автоматизация звуков дь,68,0
краснова автоматизация звука,66,0
программа автоматизация звука,65,0
автоматизация звука бродилки,63,0
автоматизация звуков бродилки,63,0
бродилки автоматизация звуков,63,0
егоров автоматизация звуков,62,0
егорова автоматизация звука,62,0
краснова автоматизация звуков,62,0
структура автоматизации звука,62,0
структура автоматизации звуков,62,0
автоматизация звука егорова,61,0
автоматизация звуков воспитателями,61,0
автоматизация звука богомолова,59,0
автоматизация звука примеры,59,0
автоматизация звуков примеры,59,0
богомоловой автоматизация звуков,59,0
богомолова автоматизация звука,59,0
автоматизация звука порядок,58,0
автоматизация звуков порядок,58,0
особенности автоматизации звуков,58,0
примеры автоматизации звуков,57,0
примеры автоматизации звука,57,0
автоматизация звуков сборники,57,0
автоматизация звуков фгос,57,0
богомолов автоматизация звуков,57,0
автоматизация нарушенных звуков,54,0
рекомендации автоматизация звуков,53,0
йотированные звуки автоматизация,50,0
автоматизацию йотированных звуков,50,0
автоматизация звука d,50,0
автоматизация звука йотированного,50,0
автоматизация звука йотированных,50,0
автоматизация йотированные звуки,50,0
автоматизация звука айфон,49,0
дислалия автоматизация звуков,48,0
звуки автоматизации айфона,47,0
автоматизация звука рекомендации,46,0
автоматизация звуков фь,45,0
автоматизация звука есть,43,0
про автоматизацию звуков,43,0
ходилки автоматизация звуков,42,0
автоматизация звуков мнемотаблицы,42,0
автоматизация звука дома,42,0
автоматизация звука мнемотаблицы,42,0
автоматизация звуков дома,42,0
мнемотаблицы автоматизации звуков,42,0
мнемотаблицы автоматизация звуков,42,0
школа автоматизация звука,41,0
автоматизация звука последовательность,40,0
программа автоматизации звуков,39,0
программа автоматизация звуков,39,0
теремкова автоматизация звука,38,0
автоматизация звук гь,38,0
автоматизация звуков гь,38,0
звук гь автоматизация,37,0
автоматизация звука время,37,0
автоматизация звуков вконтакте,36,0
автоматизация звуков мультики,36,0
автоматизация звуков программа,36,0
автоматизация звуков ходилки,36,0
вконтакте автоматизация звуков,36,0
технология автоматизации звуков,35,0
технология автоматизации звука,35,0
автоматизация звука авторы,35,0
лабиринт автоматизация звука,34,0
лабиринт автоматизация звуков,34,0
звук хь автоматизация,33,0
звук э автоматизация,33,0
автоматизация звука автор,33,0
автоматизация звука лабиринты,32,0
автоматизация звука лабиринт,32,0
автоматизация звуков лабиринте,32,0
автоматизация звуков лабиринт,32,0
автоматизация звуков лабиринты,32,0
автоматизация звуков технологии,32,0
время автоматизации звуков,31,0
автоматизация звуков загадки,31,0
комплексы автоматизации звуков,30,0
комплекс автоматизации звуков,30,0
веселая автоматизация звука,30,0
письменная автоматизация звуков,30,0
автоматизация звука весело,30,0
нет автоматизации звука,29,0
ринолалия автоматизация звуков,29,0
норма автоматизации звука,29,0
автоматизация звук ла,29,0
виды автоматизации звуков,28,0
автоматизация звуков быстро,28,0
автоматизация звуков играя,28,0
звук ю автоматизация,27,0
анализ автоматизации звуков,27,0
методика автоматизации звука,27,0
методики автоматизации звуков,27,0
методики автоматизации звука,27,0
автоматизация различных звуков,27,0
автоматизация звук хь,26,0
автоматизация звука песенка,26,0
автоматизация звуков ткаченко,26,0
ткаченко автоматизация звуков,26,0
автоматизация звук э,25,0
автоматизация звуков хь,25,0
автоматизация звуков папка,24,0
автоматизация звук ра,24,0
автоматизация звука начинается,24,0
автоматизация звука песенки,24,0
автоматизация звука алгоритм,23,0
автоматизация звуков алгоритм,23,0
автоматизация звуков песенки,23,0
автоматизация звуков ю,23,0
автоматизация каждого звука,23,0
звук бь автоматизация,22,0
аудио автоматизация звуков,22,0
аудио автоматизация звука,22,0
автоматизация звуков аудио,22,0
автоматизация звуков методика,22,0
таблица автоматизация звуков,22,0
быстрая автоматизация звука,21,0
автоматизация звуков шт,21,0
пазлы автоматизация звуков,21,0
видеоурок автоматизация звука,20,0
автоматизация звука видеоурок,20,0
автоматизация звуков i,20,0
автоматизация звуков видеоурок,20,0
автоматизация звуку i,20,0
быстрая автоматизация звуков,20,0
способы автоматизации звука,19,0
последовательная автоматизация звуков,19,0
автоматизация звуков бь,19,0
автоматизация звуков летом,19,0
автоматизация звуков планирование,19,0
способы автоматизации звуков,18,0
приложение автоматизация звуков,18,0
идеи автоматизации звука,18,0
нет автоматизации звуков,18,0
звук i автоматизация,18,0
гальская автоматизация звуков,18,0
лынская автоматизация звуков,18,0
автоматизация звука лынская,18,0
автоматизация звуков пазлы,18,0
автоматизация звуков таблица,18,0
таблица автоматизации звука,18,0
таблица автоматизации звуков,18,0
онр автоматизация звуков,17,0
словарь автоматизация звука,17,0
губные звуки автоматизация,17,0
лынская автоматизация звука,17,0
автоматизация звуков лынская,17,0
автоматизация звука fl,17,0
период автоматизации звуков,16,0
дубль автоматизация звуков,16,0
лазаренко автоматизация звука,16,0
лазаренко автоматизация звуков,16,0
автоматизация отработка звуков,16,0
автоматизация звука кра,16,0
автоматизация звука тд,16,0
автоматизация звуков фон,16,0
ошибки автоматизации звуков,15,0
техники автоматизации звука,15,0
схему автоматизации звуков,15,0
потешки автоматизация звуков,15,0
схема автоматизации звуков,15,0
звоночек автоматизация звуков,15,0
автоматизация звука долго,15,0
автоматизация звука филичева,15,0
автоматизация звуков весело,15,0
автоматизация звуков картинах,15,0
автоматизация звуков стена,15,0
автоматизация звуков схемы,15,0
автоматизация звуков филичева,15,0
фон автоматизация звуков,15,0
фото автоматизация звуков,15,0
логоритмика автоматизация звука,15,0
стадии автоматизации звуков,14,0
правило автоматизации звуков,14,0
дубль автоматизация звука,14,0
результат автоматизации звука,14,0
автоматизация трудных звуков,14,0
автоматизация звука правила,14,0
автоматизация звуков звоночек,14,0
автоматизация звуков правила,14,0
уровни автоматизации звуков,13,0
мнемотехника автоматизация звуков,13,0
стадия автоматизации звука,13,0
автоматизация звуков мнемотехника,13,0
автоматизация парных звуков,13,0
сфера автоматизация звуков,12,0
автоматизация звука логоритмика,12,0
автоматизация звука озон,12,0
автоматизация звуков логоритмика,12,0
автоматизация звуков фото,12,0
логоритмика автоматизация звуков,11,0
чиркина автоматизация звуков,11,0
волкова автоматизация звука,11,0
доклад автоматизация звука,11,0
автоматизация звука жукова,11,0
автоматизация звуков оформление,11,0
автоматизация звуков сайт,11,0
буклет автоматизация звуков,11,0
буклеты автоматизация звуков,11,0
литература автоматизация звуков,10,0
лото автоматизация звуков,10,0
лото автоматизация звука,10,0
техника автоматизации звуков,10,0
техника автоматизации звука,10,0
нескучная автоматизация звука,10,0
озон автоматизация звука,10,0
автоматизация звука p,10,0
автоматизация звука баскакина,10,0
автоматизация звука тря,10,0
автоматизация звуков домик,10,0
автоматизация звуков определение,10,0
автоматизация звуков принципы,10,0
автоматизация звуков ромашка,10,0
автоматизация звуков цепочки,10,0
ромашка автоматизация звуков,10,0
трудности автоматизации звуков,9,0
принцип автоматизации звуков,9,0
принципы автоматизации звуков,9,0
определение автоматизации звуков,9,0
автоматизация звука ву,9,0
автоматизация звука доклад,9,0
автоматизация звука посчитай,9,0
автоматизация звука ро,9,0
автоматизация звука юлдашева,9,0
автоматизация звуков жукова,9,0
автоматизация звуков ру,9,0
жукова автоматизация звуков,9,0
доклад автоматизации звуков,8,0
надпись автоматизация звука,8,0
автоматизация звука k,8,0
автоматизация звука значение,8,0
автоматизация звука ша,8,0
автоматизация звуков e,8,0
автоматизация звуков доклад,8,0
автоматизация звуков тря,8,0
балансир автоматизация звуков,8,0
автоматизация звука зачем,7,0
автоматизация звука литература,7,0
логопедическое домашнее задании,3373,0
логопедическая домашняя задания,4509,0
домашнее задание логопедические,4092,0
логопедические задания ребенку,5999,0
логопедическим домашним заданиям,3373,0
задание для логопедической,7744,0
логопедические задания детям,4692,0
логопедический домашние задания,3373,0
логопедические домашнее задание,3373,0
тетрадь логопедическая заданий,1015,0
логопедические задание скачать,1239,0
логопедические задания теремковой,1670,0
логопедическая группа задания,1163,0
логопедические задания 4,1457,0
моносова логопедические задания,1078,0
логопедическое домашние задание,3373,0
логопедические задание теремкова,1670,0
логопедические задания онр,1751,0
логопедические задания 6,1323,0
логопедические домашние задание,3373,0
онр логопедические задания,1751,0
логопедические задания моносова,1078,0
логопедическое задание теремкова,1670,0
логопедические домашнее задания,3373,0
тетради логопедических заданий,1015,0
школа логопедическое задание,230,0
школа логопедические задания,246,0
бесплатные логопедические задания,581,0
логопедические задания дисграфия,235,0
логопедическое занятие задания,396,0
логопедические задания р,234,0
логопедические задания купить,708,0
задания логопедической работы,405,0
логопедические задания звуки,682,0
логопедические задание распечатать,342,0
звука логопедические задания,735,0
альбом логопедических заданий,695,0
логопедическое задание р,234,0
логопедические задания бесплатно,595,0
задания логопедических тетрадях,987,0
задания логопедического обследования,174,0
письменное логопедическое задание,135,0
л логопедические задания,156,0
логопедические задания родителям,169,0
логопедические задания ответы,152,0
конспект логопедического задания,157,0
логопедические задания цель,141,0
логопедические задания дошкольники,172,0
логопедическая диагностика задания,166,0
буквы логопедические задания,171,0
конспекты логопедических заданий,157,0
логопедические задания дошкольников,172,0
логопедические задания буквы,171,0
логопедические задания игры,145,0
логопедическое обследование задания,170,0
задания логопедическое обследование,174,0
логопедические задания школьникам,103,0
найти логопедические задания,73,0
картинки логопедических заданий,74,0
логопедические задания картинка,83,0
картинки логопедические задания,74,0
дом логопедическое задание,82,0
индивидуальное логопедическое задание,73,0
виды логопедических заданий,87,0
логопедические задания картинки,83,0
логопедическое задание дом,87,0
структура логопедических заданий,75,0
логопедические дом задания,93,0
виды логопедический заданий,87,0
картинка логопедические задания,74,0
логопедические картинки задания,83,0
дома логопедическое задание,96,0
индивидуальные логопедические задания,73,0
логопедические задания выполнить,48,0
логопедические задания карточки,55,0
карточки задания логопедические,57,0
логопедические развивающие задания,52,0
тематические логопедические задания,56,0
интересное логопедическое задание,49,0
картотеки логопедических заданий,62,0
задания логопедические деревья,56,0
лето логопедическое задание,61,0
о логопедические задания,55,0
задания логопедические фрукты,62,0
логопедическая картотека заданий,62,0
развивающие логопедические задания,52,0
примеры логопедических заданий,60,0
задание логопедические примеры,64,0
деревья логопедическое задание,48,0
логопедические задания воспитателю,33,0
анализ логопедического задания,40,0
логопедические задания лексика,43,0
логопедические задания фрукты,40,0
фрукты логопедические задания,40,0
предложение логопедические задания,37,0
логопедические диагностические задания,47,0
логопедические задания языком,43,0
з логопедические задания,44,0
дошкольные логопедические задания,40,0
логопедические задания з,48,0
логопедическое задание игрушки,47,0
задание человек логопедическое,39,0
логопедический сборник заданий,44,0
логопедические задания щ,48,0
логопедические задания воспитателям,33,0
презентация логопедическое задания,26,0
логопедическое задание цветы,30,0
логопедическая ритмика задания,31,0
логопедические задания огород,29,0
летние логопедические задания,30,0
логопедические задания афазия,27,0
логопедические музыкальные задания,33,0
логопедические летние задания,30,0
логопедическое задание воспитателю,33,0
логопедические задания профессия,30,0
логопедическое задание описание,33,0
логопедическое задание деревья,33,0
логопедические задания россия,28,0
деревья логопедические задания,32,0
логопедические задания презентации,33,0
логопедические задания презентация,26,0
папка логопедических заданий,19,0
игровые логопедические задания,20,0
хлеб логопедическое задание,22,0
задания игровые логопедические,20,0
логопедические игровые задания,21,0
транспорт логопедическое задание,19,0
логопедическое задание насекомые,25,0
город логопедические задания,21,0
птицы логопедические задания,25,0
хлеб логопедические задания,21,0
птица логопедические задание,25,0
логопедические задания птицы,25,0
логопедическое задание транспорт,19,0
логопедическое задание профессии,23,0
презентации логопедических заданий,26,0
человек логопедическое задание,19,0
логопедические задания шипящие,14,0
космос логопедическое задание,16,0
логопедические задания глагол,17,0
логопедические задания хлеб,15,0
транспорт логопедические задания,16,0
логопедические задания ль,14,0
космос логопедические задания,18,0
предлоги логопедическое задание,17,0
логопедическое задание ягоды,18,0
логопедические задания транспорт,16,0
задания логопедические космос,18,0
логопедические задания космос,18,0
образцы логопедических заданий,14,0
логопедическое задание космос,18,0
глагол логопедические задания,19,0
задание логопедические шипящие,13,0
логопедические задания фото,13,0
цвета логопедическое задание,13,0
365 логопедических заданий,13,0
логопедические задания весна,12,0
логопедическое задание весна,12,0
логопедическое задание рыбы,12,0
рыбы логопедические задания,12,0
рыбы задания логопедические,12,0
логопедические задания рыбы,12,0
задания логопедические весна,12,0
весна логопедические задания,12,0
логопедические задания й,11,0
логопедические задания интерактивные,11,0
логопедические задания мебель,11,0
логопедические задания москва,11,0
логопедические задания посуда,11,0
логопедические интерактивные задания,11,0
логопедическое задание мебель,11,0
логопедическое задание посуда,11,0
посуда логопедические задания,11,0
посуда логопедическое задание,11,0
посуда задание логопедическое,11,0
мебель логопедические задания,11,0
мебель логопедическое задание,11,0
мебель задания логопедические,11,0
логопедические задания семья,10,0
логопедические задания рь,10,0
логопедическое задание семья,10,0
семья логопедические задания,10,0
семья логопедическое задание,10,0
логопедические тестовые задания,9,0
логопедические задания одежда,9,0
логопедические задания растения,9,0
тестовые логопедические задания,9,0
универсальные логопедические задания,9,0
логопедические задания распечатки,8,0
логопедические занимательные задания,8,0
групповые логопедические задания,8,0
зимние логопедические задания,7,0
зоопарк задания логопедические,7,0
логопедические зимние задания,7,0
логопедические задания вконтакте,7,0
пдд логопедические задания,7,0
занимательные логопедические задания,7,0
зоопарк логопедическое задание,6,0
почта логопедическое задание,6,0
логопедические задания зоопарк,6,0
логопедические задания инструменты,6,0
логопедические задания почта,6,0
логопедическое задание зоопарк,6,0
падежи логопедические задания,6,0
инструменты логопедическое задание,6,0
инструменты логопедические задания,6,0
задания логопедические падежи,6,0
бердышева логопедические задания,5,0
посмотреть логопедические задания,5,0
логопедические задания коноваленко,5,0
логопедические задания моторика,5,0
графические логопедические задания,5,0
жуков логопедические задания,5,0
форум логопедические задания,5,0
азова логопедические задания,5,0
логопедические задания обувь,4,0
логопедические задания ребусы,4,0
логопедические задания тело,4,0
логопедические творческие задания,4,0
логопедическое задание лабиринты,4,0
логопедические задания гомзяк,4,0
обувь логопедическое задание,4,0
обувь логопедические задания,4,0
логопедическая комиссия задания,3,0
логопедические графические задания,3,0
логопедические задания агранович,3,0
логопедический садик задание,3,0
лучшие логопедические задания,3,0
местоимения логопедические задания,3,0
ателье логопедическое задание,3,0
диск логопедические задания,3,0
графическое логопедическое задание,3,0
агранович логопедические задания,3,0
коммуникация задания логопедические,3,0
задания логопедической комиссии,3,0
буквоед логопедические задания,3,0
веселое логопедическое задание,3,0
веселые логопедические задания,3,0
зима логопедические задания,2,0
зима логопедическое задание,2,0
антонимы логопедическое задание,2,0
антонимы логопедические задания,2,0
творческие логопедические задания,2,0
новогоднее логопедическое задание,2,0
новогодние логопедические задания,2,0
логопедические задания обобщение,2,0
логопедическая арифметика задания,2,0
логопедические задание почта,2,0
логопедические задания антонимы,2,0
логопедические задания зима,2,0
логопедические новогодние задания,2,0
логопедическое задание почта,2,0
логопедическое исследование задания,2,0
логопедическое задание азбука,2,0
логопедическое задание зима,2,0
логопедическое задание качели,2,0
готовые логопедические задания,2,0
задание логопедическая арифметика,2,0
логопедическая задания для детей,5250,0
логопедические задание для детей,4386,0
логопедический задания для детей,4386,0
задание логопедические для детей,4275,0
логопедическое задание 5 лет,3317,0
логопедические задание 7 лет,2954,0
задания 5 лет логопедическое,2609,0
логопедические домашние задания для,2502,0
домашние задания для логопедических,2444,0
логопедические домашние задания детей,2181,0
логопедические домашние задания детям,2181,0
задания с онр логопедические,2142,0
домашние логопедические задания детям,2137,0
логопедические задания с ребенком,2076,0
логопедические домашние задания с,1737,0
логопедические задания с онр,1706,0
логопедические домашние задания онр,1686,0
логопедические домашни задания теремкова,1596,0
логопедические домашнее задание теремкова,1596,0
теремков логопедические домашние задания,1576,0
логопедических заданий задание 6,1323,0
логопедические задание 6 лет,1166,0
задание логопедическое 6 лет,1141,0
логопедические задания 3 лет,684,0
альбом логопедических домашних заданий,655,0
альбом логопедические домашние задания,655,0
логопедическое домашнее задание скачать,654,0
скачать домашнее задание логопедическое,654,0
скачать логопедическое домашнее задание,654,0
задания логопедические старшая группа,552,0
теремкова логопедические задания скачать,546,0
скачать логопедические задания теремковой,546,0
логопедические задания теремкова скачать,546,0
задания для логопедических групп,538,0
задание для логопедической группы,538,0
тетрадь логопедических задании бардышева,526,0
тетрадь логопедических заданий бардышевой,526,0
тетради логопедических заданий бардышева,526,0
тетради логопедических заданий бардышевой,526,0
тетради логопедических заданий бардышев,525,0
логопедические домашние задания альбом,452,0
скачать бардышева логопедические задания,450,0
скачать логопедические задания бардышева,450,0
логопедические задания бардышева скачать,450,0
домашнее задание логопедическая группа,446,0
домашние задания логопедическая группа,446,0
домашние задания логопедической группе,446,0
альбом логопедического домашнего задания,423,0
бардышева логопедические задания скачать,415,0
логопедический альбом с заданиями,400,0
логопедические задания по темам,376,0
логопедические задания старшая группа,353,0
логопедических заданий старшая группа,353,0
задание в логопедической группе,324,0
логопедические задания по группам,321,0
логопедические задания для тетрадей,315,0
задание для логопедических тетрадей,307,0
задания для логопедических тетрадей,307,0
задания для логопедической тетради,307,0
логопедическое домашнее задании по,304,0
скачать бесплатно логопедические задания,296,0
скачать бесплатно логопедические задание,296,0
логопедические задание скачать бесплатно,296,0
логопедические задания скачать бесплатно,296,0
моносова тетрадь логопедических заданий,290,0
тетрадь логопедических заданий моносова,290,0
логопедические задания распечатать бесплатно,280,0
распечатать логопедические задания бесплатно,280,0
логопедический задания 1 класс,275,0
тетради логопедические домашние задания,273,0
логопедическая тетрадь домашних заданий,273,0
логопедические тетради домашние задания,273,0
логопедические тетради домашних заданий,273,0
логопедические задания н теремкова,269,0
логопедическое задание 1 класса,251,0
логопедические задания 2 класса,224,0
логопедический задания 2 класс,224,0
купить логопедические задания теремковой,223,0
логопедические задания теремкова купить,223,0
логопедические задания теремковой купить,223,0
теремкова логопедические задания купить,223,0
логопедические задания для речи,207,0
какой какая логопедическое задание,193,0
логопедическое задание 2 класс,187,0
логопедические задания 3 класса,180,0
задание 2 класс логопедические,178,0
логопедическое задание звук р,176,0
логопедическом задании звук р,176,0
логопедические задания 1 классу,175,0
задание логопедическое 3 класс,174,0
логопедическое задание 3 класс,174,0
задания для логопедической работы,165,0
логопедические задания для дошкольника,156,0
рабочая тетрадь логопедических заданий,156,0
логопедические домашние задания крупенчук,149,0
логопедический задания 4 класс,148,0
детский сад логопедические задания,148,0
тетради логопедических заданий скачать,145,0
тетрадь логопедические задания скачать,145,0
логопедические задания 3 5,144,0
логопедические задания на р,143,0
задания на р логопедические,139,0
логопедические задания звука с,131,0
крупенчук логопедические домашние задания,130,0
развитие речи логопедические задания,122,0
логопедические задания для родителей,120,0
домашние логопедические задания родителям,118,0
логопедические задания для развития,118,0
логопедическое домашнее задание родителям,118,0
звук и логопедические задания,115,0
логопедические задания звук и,115,0
логопедические задания детском саду,112,0
логопедическое задание звук с,112,0
логопедические упражнения и задания,110,0
логопедические задания и упражнения,110,0
логопедические задания для диагностики,106,0
логопедические задания для занятий,106,0
логопедическое задание 4 класс,104,0
задания логопедические звук с,103,0
звук с логопедические задания,103,0
логопедические задание для взрослых,102,0
логопедические задания для школьника,100,0
логопедические игры и задания,99,0
задания в логопедическом саду,98,0
задание логопедическое звук л,96,0
логопедическая работа домашнее задание,95,0
логопедический задания для школьников,84,0
логопедическое задание для школьников,84,0
логопедические задания 5 класс,83,0
задания логопедическое обследование детей,81,0
звук ш задания логопедические,80,0
звук ш логопедические задания,80,0
задания логопедические в школе,79,0
логопедические задания звуки ш,78,0
логопедические задания слоговая структура,72,0
логопедические занятия домашнее задание,72,0
логопедические занятия домашние задания,72,0
домашние задания логопедические занятия,71,0
домашнее задание логопедические занятия,71,0
выполнение логопедических домашних заданий,69,0
выполнение домашнего логопедического задания,69,0
логопедические задания с ответами,68,0
купить тетрадь логопедических заданий,65,0
обучение грамоте логопедические задания,65,0
тетради логопедических заданий купить,65,0
тетрадь логопедических заданий купить,65,0
логопедическая карточка с заданием,64,0
задания на л логопедические,63,0
логопедические задания для логопеда,63,0
логопедические задания с ш,61,0
логопедическое задание с ш,61,0
логопедические тетради с заданиями,60,0
логопедические задания на буквы,60,0
тетрадь с логопедическими заданиями,60,0
логопедические задания в школе,58,0
логопедические задания в тетрадь,58,0
логопедические задания в тетради,58,0
логопедические задания в тетрадях,58,0
логопедические задания для зпр,58,0
логопедические домашние задания бесплатно,57,0
логопедические задания на л,56,0
тетрадь логопедических заданий бесплатно,55,0
задание в логопедической тетради,54,0
задание в логопедическую тетрадь,54,0
задания в логопедических тетрадях,54,0
задания в логопедической тетрадей,54,0
задания в логопедическую тетрадь,54,0
задания на логопедическом занятии,53,0
звук ж логопедические задания,52,0
задания на логопедических занятиях,50,0
задания на логопедические занятия,50,0
задания по логопедическим тетрадям,49,0
логопедические задания звук ж,47,0
логопедические задания на занятиях,47,0
логопедические задания новый год,45,0
логопедический задания на развитие,45,0
большой маленький логопедические задания,44,0
задания логопедические новый год,44,0
логопедические задание новый год,44,0
логопедические задания на развитие,44,0
карточки с заданием логопедические,44,0
карточки с логопедическим заданием,44,0
карточки с логопедическими заданиями,44,0
тема фрукты логопедические задания,43,0
логопедический учебник с заданиями,42,0
логопедические задания на ш,42,0
логопедические карточки с заданием,42,0
логопедические задания умственная отсталость,41,0
картинки для логопедических заданий,40,0
новый год логопедические задания,39,0
новый год логопедическое задание,39,0
тема лето логопедическое задание,39,0
звук щ логопедические задания,39,0
логопедическое задание новый год,39,0
логопедические задания звук щ,39,0
логопедические задания младшая группа,39,0
логопедические игры с заданиями,39,0
логопедические домашние задания дошкольников,38,0
буква и логопедические задания,37,0
логопедическое задание деревья осенью,37,0
логопедическое задание осень деревья,37,0
логопедические домашние задания ответы,37,0
логопедические задание буква р,37,0
мой моя логопедические задания,36,0
звук з логопедическое задание,36,0
задания буква р логопедическое,36,0
логопедические задания звук з,36,0
логопедическое задание буква р,36,0
логопедическое задание звук з,36,0
осень логопедическое домашнее задание,35,0
логопедическое домашнее задание осень,35,0
фрукты логопедическое домашнее задание,34,0
логопедические задание буква и,34,0
логопедические задания буква и,34,0
логопедические задания по дисграфии,34,0
домашнее задание фрукты логопедическое,34,0
логопедическое задание на лето,33,0
логопедическое задания на лето,33,0
буква и задания логопедические,32,0
звук з логопедические задания,32,0
пособия для логопедических заданий,31,0
логопедические упражнения игры задания,31,0
логопедические задания на автоматизацию,31,0
звук щ логопедическое задание,31,0
логопедические задания со звуками,31,0
логопедические игры упражнения задания,31,0
звук к логопедические задания,31,0
звук ч логопедические задания,29,0
логопедические задания для зрр,28,0
логопедические задания звук к,28,0
логопедические задания тема фрукты,28,0
логопедическое задание ж ш,28,0
логопедическая картотека домашних заданий,28,0
ответы на логопедические задания,27,0
логопедические задания звук ч,27,0
логопедические задания сад огород,27,0
сад огород логопедические задания,27,0
тема игрушки логопедические задания,26,0
картотека домашних логопедических заданий,26,0
картотеки логопедических домашних заданий,26,0
картотека логопедических домашних заданий,26,0
логопедические задания ж ш,26,0
логопедические задания и крупенчук,26,0
логопедическое задание звук ч,26,0
звук д логопедические задания,25,0
задания из логопедического альбома,25,0
логопедические задания для чтения,24,0
логопедические задания на ж,24,0
логопедическое задание домашние животные,24,0
логопедические задания с буквами,24,0
задания к логопедическим занятиям,24,0
конспект индивидуального логопедического задания,23,0
домашние животные логопедическое задание,23,0
конспекты индивидуальных логопедических заданий,23,0
логопедические задание на дом,23,0
логопедические задания на дому,23,0
логопедическое задание на дом,23,0
задания логопедические с буквами,22,0
задание логопедические фрукты овощи,22,0
тема грибы логопедическое задания,22,0
тема грибы логопедические задания,22,0
тема посуда задания логопедические,22,0
логопедические задания тема грибы,22,0
логопедический задания звук ц,22,0
тема деревья логопедические задания,21,0
логопедическое домашнее задание игрушки,21,0
логопедические домашние задания игрушки,21,0
логопедические задания буква с,21,0
логопедические задания звук д,21,0
логопедические задания теремковой ответы,21,0
тетрадь логопедических заданий теремкова,20,0
домашнее задание логопедическое посуда,20,0
логопедические задания русский язык,20,0
логопедические задания теремкова ответы,20,0
логопедические задания буква л,20,0
буква л логопедические задания,20,0
буква в логопедические задания,20,0
логопедические задания для начинающих,19,0
конспект фронтального логопедического задания,18,0
распечатать логопедические домашние задания,18,0
овощи логопедическое домашнее задание,18,0
логопедические задания на дифференциацию,18,0
логопедические домашние задания распечатать,18,0
логопедические задания для воспитателя,18,0
логопедические задания для воспитателей,18,0
теремкова логопедические дом задания,17,0
тема профессии логопедические задания,17,0
тема ягоды логопедические задания,17,0
домашнее логопедическое задание лето,17,0
начальная школа логопедические задания,17,0
задания воспитателю логопедической группы,17,0
логопедические дом задания теремкова,17,0
логопедическое обследование школьников задания,17,0
логопедические домашние задания лето,17,0
логопедические домашние задания фрукты,17,0
логопедическое домашнее задание лето,17,0
логопедические задания по лето,17,0
логопедическое домашнее задание фрукты,17,0
логопедические задания тема профессия,17,0
логопедические задания тема профессии,17,0
логопедические задания черно белые,17,0
лето логопедическое домашнее задание,17,0
тема насекомые логопедические задания,16,0
домашнее задание овощи логопедическое,16,0
домашнее логопедическое задание фрукты,16,0
логопедические задания р л,16,0
логопедические задания тема насекомые,16,0
ягоды логопедическое домашнее задание,15,0
осень деревья логопедические задания,15,0
логопедическое домашнее задание ягоды,15,0
логопедические домашние задания картинки,15,0
логопедические домашние задания онлайн,15,0
логопедические домашние задания ягоды,15,0
логопедические задания для афазии,15,0
логопедические задания на ц,15,0
логопедические задания по русскому,15,0
логопедические задания с картинками,15,0
перелетные птица логопедическое задание,14,0
перелетные птицы логопедические задания,14,0
игрушки логопедические домашние задания,14,0
игрушки логопедическое домашнее задание,14,0
домашние логопедические задания игрушки,14,0
картинки логопедические домашние задания,14,0
задание логопедические задание весна,14,0
логопедические задания перелетные птицы,14,0
логопедическое задание один много,14,0
логопедическое задания перелетные птицы,14,0
оформление домашних логопедических заданий,13,0
тетрадь логопедических заданий скрипторий,13,0
о логопедических домашних заданиях,13,0
гласные звуки логопедическое задание,13,0
гласные звуки логопедические задания,13,0
логопедические задания для неговорящих,13,0
логопедические задания по звукопроизношению,13,0
логопедические задания с видео,13,0
логопедические домашние задания грибы,13,0
логопедическое домашнее задание грибы,13,0
логопедическое задание грибы ягоды,13,0
логопедическое задание для первоклассников,13,0
логопедическое задание сад огород,13,0
картинки с логопедическими заданиями,13,0
теремкова логопедические задания распечатать,12,0
пособие логопедические домашние задания,12,0
домашние логопедические задания грибы,12,0
логопедические задания тема цветы,12,0
логопедическое домашнее задание птицы,12,0
логопедическое задание домашние птицы,12,0
планы индивидуальных логопедических заданий,12,0
буква ш логопедические задания,12,0
интересные логопедические домашние задания,12,0
хлеб логопедическое домашнее задание,11,0
логопедические домашние задания профессии,11,0
логопедические домашние задания хлеб,11,0
логопедические задания грибы ягоды,11,0
логопедические задания звук рь,11,0
логопедические задания по профессиям,11,0
логопедические задания тема посуда,11,0
логопедическое домашнее задание профессии,11,0
неговорящие дети логопедические задания,11,0
профессии логопедическое домашнее задание,11,0
профессии домашние задания логопедические,11,0
домашнее логопедическое задание материалы,11,0
логопедические задания для учащихся,10,0
логопедические задания звук н,10,0
логопедические задания пальчиковая гимнастика,10,0
логопедические задания по лексике,10,0
логопедические задания при алалии,10,0
логопедические задания тема космос,10,0
логопедические задания тема транспорт,10,0
логопедические задания школьные принадлежности,10,0
логопедические задания шипящие звуки,10,0
логопедические домашние задания нищева,10,0
логопедические задания буква ш,10,0
логопедическое домашнее задание индивидуальное,10,0
логопедическое задание школьные принадлежности,10,0
тема космос логопедические задания,10,0
тема мебель логопедические задания,10,0
тема транспорт логопедические задания,10,0
школьные принадлежности логопедические задания,10,0
нищева логопедические домашние задания,10,0
понимание речи логопедические задания,10,0
предлог на логопедические задания,10,0
индивидуальное логопедическое домашнее задание,10,0
индивидуальные логопедические домашние задания,10,0
домашнее логопедическое задание профессии,10,0
домашние логопедические задания нищевой,10,0
мой город логопедические задания,10,0
логопедические карточки и задания,9,0
логопедическое домашнее задание весна,9,0
логопедическое домашнее задание космос,9,0
логопедическое домашнее задание образец,9,0
логопедическое домашние задание космос,9,0
логопедическое задание тема одежда,9,0
логопедические домашние задание весна,9,0
логопедические домашние задания весна,9,0
логопедические домашние задания космос,9,0
логопедические домашние задания насекомые,9,0
логопедические задания в доу,9,0
логопедические задания звук о,9,0
логопедические задания крупенчук купить,9,0
логопедические задания наша родина,9,0
логопедические задания тема мебель,9,0
логопедические задания теремкова осень,9,0
образец логопедических домашних заданий,9,0
насекомые логопедические домашние задания,9,0
насекомые логопедическое домашнее задание,9,0
теремкова логопедические задания онлайн,9,0
тема одежда логопедические задания,9,0
книги с логопедическими заданиями,9,0
космос логопедическое домашнее задание,9,0
весна логопедическое домашнее задание,9,0
домашнее задание логопедическое космос,9,0
домашнее логопедическое задание весна,9,0
домашнее логопедическое задание космос,9,0
домашнее логопедическое задание насекомые,9,0
домашние логопедические задания весна,9,0
индивидуальная тетрадь логопедических заданий,9,0
задания логопедические тема весна,9,0
задания для логопедической недели,9,0
звук о логопедические задания,9,0
посуда логопедические домашние задания,8,0
посуда логопедическое домашнее задание,8,0
звук ль логопедические задания,8,0
звук б логопедическое задание,8,0
части тела логопедическое задание,8,0
логопедические задания звук ль,8,0
логопедические задания на презентации,8,0
логопедические задания начальная школа,8,0
логопедические задания с предлогами,8,0
логопедические задания с глаголами,8,0
логопедические домашние задания посуда,8,0
логопедическое домашнее задание насекомые,8,0
логопедическое домашнее задание посуда,8,0
тема рыбы логопедические задания,8,0
тема семья логопедические задания,8,0
семья логопедическое домашнее задание,8,0
весна логопедические домашние задания,8,0
домашнее задание логопедическое дом,8,0
домашние логопедические задания посуда,8,0
задания для заикающихся логопедические,8,0
задания с предлогами логопедические,8,0
мебель домашнее задание логопедическое,7,0
звук у логопедические задания,7,0
звук у логопедическое задание,7,0
звук м логопедические задания,7,0
логопедическая раскраска с заданиями,7,0
логопедические раскраски с заданием,7,0
логопедические домашние задания мебель,7,0
логопедические задания для распечатки,7,0
логопедические задания звук б,7,0
логопедические задания звук м,7,0
логопедические задания комнатные растения,7,0
логопедические задания имя существительное,7,0
логопедические задания на карточках,7,0
логопедические задания на цвета,7,0
логопедические задания по математике,7,0
логопедические задания по предлогам,7,0
логопедические задания с решением,7,0
логопедические задания теремкова озон,7,0
логопедические задания тема зоопарк,7,0
логопедическое задание дикие животные,7,0
виды спорта логопедические задания,7,0
комнатные растения логопедические задания,7,0
комнатные растения логопедическое задание,7,0
парные согласные логопедические задания,7,0
слова звуком р,8518,0
звуки р слова,8518,0
слова звуки р,7233,0
постановка звуке р,6212,0
постановка звукам р,6212,0
постановка звуков р,6212,0
постановка звуку р,6212,0
постановка р звуков,6212,0
постановкам звука р,6212,0
постановке звука р,6212,0
постановку звука р,6212,0
артикуляционная звука р,5418,0
звук р артикуляционная,5277,0
артикуляционный звук р,5241,0
звука р л,5193,0
звук ребенка р,4869,0
звук р детям,4502,0
звук р ребенок,4502,0
звуки дети р,4502,0
дети звуки р,4502,0
ребенок звук р,4496,0
задание звука р,3207,0
звуки р задания,3207,0
поставил звук р,2868,0
поставили звук р,2868,0
поставит звук р,2789,0
упражнение звука р,2573,0
р согласные звуки,2486,0
звук р логопедические,2353,0
логопедические звук р,2333,0
звуками р рь,2313,0
упражнения звука р,2285,0
звуки р упражнения,2281,0
звук р предложениях,2163,0
звуки р предложения,2163,0
предложение звук р,2163,0
логопедические звуки р,2090,0
согласные звуки р,1955,0
логопед звука р,1908,0
р какие звуки,1808,0
чистоговорки звука р,1698,0
чистоговорки звуки р,1698,0
чистоговорки звуком р,1698,0
звука р картинки,1638,0
звуки р дифференциация,1585,0
звук р дошкольник,1551,0
звук р дошкольников,1551,0
занятия звука р,1551,0
дошкольник звук р,1551,0
дифференциации звука р,1543,0
дифференциации звуков р,1543,0
дифференциацию звука р,1543,0
звук р слогах,1541,0
слоги звука р,1541,0
звуки р картинки,1535,0
картинки звука р,1535,0
картинки звуки р,1535,0
картинки звуков р,1535,0
картинки звуком р,1535,0
картинками звук р,1535,0
картинке звук р,1535,0
звуки лета р,1526,0
р звуки лета,1524,0
язык звук р,1481,0
текст звука р,1459,0
текст звуком р,1459,0
звук р язык,1452,0
звук р стихах,1434,0
произношение звуков р,1416,0
произношения звука р,1416,0
стихи звука р,1406,0
стихи звуком р,1406,0
звук р произношение,1401,0
звуки р мягкий,1362,0
занятие звука р,1357,0
звука р занятие,1357,0
звуки р игры,1323,0
игры звуком р,1323,0
игры звука р,1323,0
звуки игры р,1323,0
р звуки игры,1318,0
скороговорка звука р,1293,0
скороговорки звука р,1293,0
скороговорки звуки р,1293,0
скороговорки звукам р,1293,0
звук р 1,1271,0
р гласный звук,1155,0
мягким звук р,1145,0
мягкий звуки р,1145,0
мягкого звука р,1145,0
мягкие звуки р,1142,0
звук р начало,1134,0
звук р взрослым,1127,0
звук мягкая р,1126,0
звук р мягкого,1126,0
звуки р мягкие,1124,0
звук р материал,1102,0
взрослым звука р,1085,0
звук р взрослому,1085,0
звук р взрослые,1085,0
звук р тетради,982,0
звуки т р,982,0
р твердый звуки,953,0
твердая р звук,953,0
твердые звуки р,953,0
о звуке р,945,0
звук р тверд,935,0
звуки презентации р,925,0
звуки р презентации,925,0
звука р презентация,925,0
презентация р звука,920,0
презентации звука р,920,0
презентации звуки р,920,0
презентация звука р,920,0
звук р п,920,0
произнеси звук р,854,0
звуки р тетрадь,844,0
тетрадь звука р,829,0
др звук р,824,0
тр звук р,805,0
правильно звук р,801,0
правильный звук р,801,0
звук р тр,798,0
горлового звука р,790,0
горловое звук р,790,0
звук горловое р,790,0
звук р горловое,790,0
звука р горловой,790,0
горловой звука р,790,0
звук р др,766,0
р обозначает звук,741,0
произнести звук р,740,0
произносить звук р,740,0
р звук звонка,658,0
р звуки звонка,658,0
гласные звук р,650,0
звуки звонка р,627,0
звук звонка р,627,0
конец р звук,620,0
звук конец р,620,0
р звук конец,612,0
звонкие звуки р,605,0
звук р рассказ,596,0
словосочетание звука р,574,0
говорим звуки р,560,0
говорит звук р,560,0
звуки р стечения,544,0
рассказ звук р,544,0
р интересные звуки,543,0
интересные звуки р,543,0
ставим звука р,539,0
ставлю звук р,539,0
звука р логопедия,497,0
р сколько звуков,494,0
звуки р ль,492,0
вставить звук р,492,0
говорить звук р,487,0
говорим звук р,487,0
звук р конспекты,486,0
звук р конспект,486,0
конспект звук р,486,0
конспекты звук р,486,0
конспекты звука р,486,0
конспект звука р,486,0
парные звук р,473,0
звук р быстро,469,0
звук р сонорные,457,0
р сонорные звуки,457,0
звук р парная,443,0
звук р парное,443,0
артикуляцию звука р,435,0
русская р звук,426,0
звуки р логопедия,422,0
найди звука р,422,0
логопедии звук р,413,0
логопедия звука р,413,0
логопедия звуки р,413,0
логопедия звуке р,413,0
звук записать р,413,0
записать звук р,413,0
уроки звука р,354,0
р звуки комаров,349,0
комаров звук р,344,0
звуки комаров р,344,0
урок звук р,333,0
звук р урок,330,0
звук р уроки,330,0
выговаривает звук р,329,0
где звук р,326,0
норкина звука р,316,0
выговаривать звук р,307,0
звук р выговаривать,307,0
выговорил звук р,306,0
стихотворение звука р,300,0
стихотворения звук р,300,0
звук р исправить,294,0
исправить звук р,294,0
звук р непарный,293,0
звук р стихотворения,291,0
звук р безударный,287,0
позиции звука р,287,0
сонорного звука р,286,0
сонорные звуки р,286,0
звук р азов,284,0
отработка звуков р,283,0
характеристику звуков р,272,0
характеристику звуку р,272,0
звуки р характеристика,272,0
нарушения звуков р,272,0
нарушение звук р,272,0
нарушение звуков р,272,0
р звук вопроса,269,0
р без звука,264,0
звук р нарушение,263,0
звук вопроса р,252,0
без звука р,252,0
научить звуку р,251,0
научиться звук р,250,0
автоматизированный звук р,241,0
чтение звуки р,240,0
чтение звука р,240,0
звук р возраст,238,0
звуки р раскраска,238,0
азова звуки р,237,0
автоматизировали звук р,234,0
карточка звука р,232,0
получается звук р,230,0
получаться звук р,230,0
фонематический звук р,228,0
звук р индивидуальное,227,0
изолированные звук р,227,0
р звуки люди,226,0
р звук непарный,225,0
р непарный звук,225,0
легкий звук р,218,0
звуки люди р,217,0
звуки р люди,217,0
звуки короткие р,215,0
короткие звуки р,215,0
короткий звук р,215,0
короткие р звуки,215,0
р короткие звуки,215,0
р короткий звук,215,0
звук р карточка,213,0
карточки звука р,213,0
характеристику звука р,212,0
характеристика звукам р,212,0
характеристика звуков р,212,0
характеристика звуку р,212,0
характеристики звук р,212,0
характеристики звуку р,212,0
характеристик звука р,212,0
звук р произнесение,210,0
произнесения звука р,210,0
звук р произносится,209,0
правило звука р,206,0
звук р характеристики,203,0
закрепления звука р,202,0
раскраска звука р,201,0
картотека звука р,191,0
картотека звуки р,191,0
звонкость звука р,190,0
трава звук р,187,0
положение звука р,186,0
р звуки голосов,186,0
звуки голосов р,185,0
имя звук р,184,0
тема звуки р,183,0
тема звук р,183,0
произнесение звука р,182,0
определить звук р,179,0
песня звук р,176,0
звук р научиться,174,0
р звук листа,174,0
научился звук р,172,0
научиться звуку р,172,0
звук р песня,170,0
звук р положение,170,0
звук листа р,167,0
этапы звука р,161,0
замена звук р,161,0
замена звука р,161,0
замены звуков р,161,0
развить звук р,158,0
звук р музыка,155,0
звук р дра,152,0
р звуки дома,148,0
звукопроизношение звук р,148,0
стишок звука р,143,0
звуки дома р,143,0
звук письма р,139,0
р звук письма,138,0
звук р небо,137,0
р шипящий звук,137,0
учимся звук р,136,0
учимся звуку р,136,0
звукопроизношение звука р,135,0
звук р правило,135,0
звук р уздечка,134,0
р любимый звук,134,0
любимый звук р,134,0
звук р шипящий,133,0
читаем звук р,133,0
дра звук р,133,0
звук р бывает,132,0
коррекции звука р,131,0
коррекция звук р,131,0
коррекция звуков р,131,0
звуков р песни,128,0
р песни звуков,128,0
песни звук р,128,0
песня звука р,128,0
песни р звуков,128,0
дорожка звука р,126,0
виды звуков р,126,0
песенки звук р,126,0
открытый звук р,125,0
звук р всегда,121,0
цвета звук р,120,0
звук р вибрация,119,0
звуки вибрации р,119,0
звук вибрации р,119,0
дефект звука р,119,0
дефекты звук р,119,0
дефекты звука р,119,0
вибрация звука р,119,0
цель звука р,118,0
звук р e,117,0
игровые звуки р,116,0
завести звук р,115,0
заводим звук р,115,0
звук р ра,115,0
звук р китайский,114,0
китайский звук р,114,0
р звук вибрации,113,0
р звуки вибрации,113,0
р звуки школы,113,0
р игровые звуки,113,0
моторчик звука р,113,0
звук р книги,112,0
звук р цель,112,0
звук р книга,112,0
звук р фонетика,112,0
книга звук р,112,0
книги звук р,112,0
загадка звука р,110,0
загадка звук р,110,0
звуки школы р,110,0
таблица звука р,109,0
звук р играть,108,0
фразы звуки р,108,0
цвет звука р,108,0
р фразы звуки,108,0
р звуки фразы,108,0
профили звук р,107,0
профили звука р,107,0
профили звуков р,107,0
звуки ночи р,107,0
звук ночи р,107,0
р профили звуков,107,0
р звук двери,107,0
р звук листьев,107,0
р звуки двери,107,0
р звуки дверей,107,0
р звуки дверь,107,0
р звуки листьев,107,0
e звук р,106,0
e звука р,106,0
обучение звуков р,106,0
звуки дверей р,106,0
звуки двери р,106,0
звук двери р,106,0
звуки фразы р,106,0
звук р английском,106,0
звуки листьев р,106,0
звуки р дверь,106,0
звук листьев р,106,0
звук р фраза,106,0
звуки р двери,106,0
р звуки ночи,106,0
р звук ночи,106,0
фонетика звук р,105,0
фонетика звука р,105,0
р звук фонетика,105,0
р фонетика звуки,105,0
звук р цвет,104,0
р звуки предметов,104,0
изолировано звук р,103,0
р звуки воды,102,0
р звук воды,102,0
английская р звук,101,0
звуки предметов р,100,0
повторяем звук р,100,0
звук р песенка,99,0
песенка звук р,99,0
песенка звука р,99,0
исправления звука р,97,0
исправление звуков р,97,0
звуки р вода,95,0
звук воды р,95,0
звуки воды р,95,0
звуки вода р,95,0
вода звуки р,95,0
слушать звук р,95,0
схемы звука р,95,0
неправильные звуки р,94,0
пропуск звука р,94,0
пропуски звука р,94,0
типы звука р,92,0
моторчик звук р,92,0
р звуки море,91,0
море р звуки,91,0
звук р алфавит,91,0
звук р история,91,0
звук р моторчик,91,0
море звуки р,91,0
пересказы звук р,90,0
р звук карандаша,90,0
р звуки карандаша,90,0
спивак звуки р,90,0
дизартрия звук р,89,0
р звук дерева,89,0
р звуки деревьев,89,0
р звуки дерева,89,0
звуки море р,89,0
звуки карандаша р,89,0
звук карандаша р,89,0
увулярный звука р,88,0
перегудова звуки р,87,0
подготовка звука р,87,0
разные звуки р,86,0
разное звуки р,86,0
тра звук р,86,0
р звук разные,86,0
р звуки разное,86,0
р звуки разные,86,0
р разное звуки,86,0
р разные звуки,86,0
р разные звук,86,0
звуки разные р,86,0
обучение звук р,85,0
обучение звука р,85,0
звук р слушать,85,0
дизартрия звука р,84,0
р звуки мира,84,0
звук дерева р,84,0
звуки дерева р,84,0
звуки деревьев р,84,0
р звуки земли,83,0
звук р отсутствие,83,0
звук р последний,82,0
значение звуков р,81,0
значение звука р,81,0
сыр звук р,81,0
звук р значение,81,0
звуки животный р,81,0
р звуки животный,81,0
карандаш звук р,80,0
звуки земли р,80,0
р звуки телевизора,80,0
звуки мира р,79,0
звук р описание,79,0
ткаченко звуки р,79,0
много звуков р,78,0
р много звуков,78,0
французское р звук,78,0
французские звук р,78,0
французские звуки р,78,0
р детские звуки,77,0
р звуки детские,77,0
р звуки кухни,77,0
звук р зарядка,77,0
раскатистого звука р,77,0
раскатистые звуки р,77,0
звуки телевизора р,76,0
звук р дизартрия,75,0
звуки детские р,74,0
детские звуки р,74,0
р звуки полей,73,0
р звуки сада,73,0
звуки кухни р,73,0
признаки звука р,73,0
сказать звук р,72,0
р звуки птицы,72,0
птицы звуки р,72,0
обведи звук р,71,0
звуки сада р,71,0
звук р звучание,70,0
звучание звука р,70,0
азбука звуки р,69,0
сказка звук р,69,0
сказка звука р,69,0
проблемы звука р,69,0
проблема звука р,69,0
звуки полей р,69,0
ракета звук р,69,0
оригинальные звуки р,68,0
улитка звука р,68,0
диагностика звук р,68,0
р оригинальные звуки,68,0
восприятие звук р,67,0
звук р сказки,67,0
звук р сказка,67,0
звуки птицы р,67,0
лабиринты звук р,66,0
лабиринт звука р,66,0
причины звука р,66,0
р последний звук,66,0
р звуки поля,66,0
консультация звук р,65,0
немецкие звуки р,65,0
образование звука р,65,0
р немецкие звуки,65,0
тренажер звука р,65,0
написание слов звуками,9975,0
слова проверить звуки,9686,0
звук слова ряд,9531,0
слово ряд звуками,9531,0
звук прилагательное слово,9462,0
звуков однокоренные слова,9457,0
первый звук слов,9439,0
первый звук слова,9439,0
первые звуки слов,9439,0
слова звук е,9414,0
звуки л слова,9318,0
слово где звуками,9272,0
звук л словах,9120,0
слова звука л,9121,0
слово звуки задания,9099,0
слово звук глагол,9056,0
слова звуками листья,9009,0
слово 10 звуков,8915,0
слово 6 звуков,8831,0
слово звуками листья,8747,0
слово листья звуками,8747,0
слова звуком a,8641,0
звуки слово от,8637,0
слово звук анализ,8594,0
звуки первых слов,8576,0
слово звук существительное,8555,0
звук е слова,8579,0
звуки т слова,8447,0
задания звук слово,8385,0
слова меньше звуков,8330,0
мало звука слова,8329,0
значение слова звука,8270,0
звук a слова,8234,0
слово другие звуки,8157,0
глагол слова звук,8050,0
слово каждый звуки,7955,0
слово звуки транскрипция,7938,0
транскрипция слов звук,7938,0
звук слова мал,7910,0
слова 9 звуков,7762,0
объяснил слово звуками,7714,0
слово объяснил звуками,7714,0
другие слова звук,7658,0
слова различаются звуками,7621,0
слова различающиеся звуками,7621,0
слова звуки н,7602,0
примеры слов звуками,7557,0
звуков без слов,7484,0
слова звуки правила,7482,0
слова звуком л,7420,0
звук у слова,7347,0
звуки у словах,7345,0
правописание слов звуками,7318,0
звук произносится слово,7305,0
слова звуками лист,7212,0
слово листья звуки,7120,0
слово вид звуки,7091,0
звук произношения слов,6978,0
произношение слов звук,6978,0
произношение слова звук,6978,0
звуки подобрать слова,6837,0
звук примеры слов,6785,0
звуки примеры слов,6785,0
слова звуков з,6722,0
постановка звука слова,6650,0
звуки слово письмо,6648,0
звук слова правильно,6638,0
звук слово правильно,6638,0
звук произношения слова,6533,0
звуки произношения слов,6533,0
слово где звуков,6520,0
слова где звуков,6520,0
произношение слов звуки,6533,0
звуки ш слова,6457,0
слова звуки ш,6457,0
проверить слово звук,6363,0
звук г слова,6325,0
звуки котов словами,6309,0
слова 8 звуков,6307,0
звук слова кота,6308,0
слова звуком з,6277,0
число слова звук,6265,0
звуки слова листья,6232,0
звуки слово листья,6232,0
звуки проверочные слова,6199,0
проверочное слово звука,6199,0
слово ее звуки,6143,0
слово ей звуки,6143,0
слово без звуков,6127,0
слово без звука,6127,0
слово 9 звуков,6121,0
парный звук слово,6090,0
слова ребенка звук,6057,0
слово звуки род,6016,0
звуки д слова,6001,0
звук проверочные слова,6008,0
звук слова английский,5981,0
английские слова звуков,5981,0
английские слова звука,5981,0
слово тетради звуками,5980,0
тетради звуками слово,5980,0
тетрадь слово звуки,5981,0
слова звуками английский,5981,0
слова английский звук,5981,0
звук слово презентация,5938,0
падеж слова звуку,5887,0
слово нет звуком,5861,0
звуки слов дети,5825,0
слово звуками ряд,5840,0
слово годы звуками,5776,0
звук слова тетрадь,5751,0
звуки слова ее,5701,0
звуки слова она,5701,0
звуки слово ее,5701,0
место звука слова,5667,0
слово мира звуки,5664,0
слова непроизносимые звуки,5658,0
звук слова кот,5652,0
звуки кота словами,5652,0
звуки слова кота,5652,0
однокоренное слово звук,5645,0
однокоренные слова звуки,5645,0
звуки слова листы,5645,0
звуки слов ряд,5627,0
звуки слова ряд,5627,0
звуки слова краска,5623,0
слова звуки краски,5621,0
транскрипции слов звуков,5593,0
транскрипция слов звуки,5593,0
транскрипция слова звуки,5593,0
транскрипция слова звуком,5593,0
транскрипция слова звуками,5593,0
звуки слов английский,5564,0
состав слова звук,5557,0
слово 7 звуков,5532,0
орфограмма слова звук,5505,0
слово звуки орфограмма,5505,0
нос звуками слово,5506,0
слово звук словосочетание,5508,0
орфограмма слова звуки,5505,0
слово яблоко звуками,5415,0
слова звуками яблоко,5415,0
звук род слова,5371,0
звуки слова если,5323,0
суффикс слова звук,5313,0
звук н словах,5276,0
слово время звуками,5244,0
слово лес звуками,5218,0
лес слово звуками,5218,0
звук слова следующий,5200,0
списывать слова звуками,5200,0
чередующиеся звуки слова,5160,0
слово звук значение,5157,0
слово звуки значение,5157,0
слова звуки значение,5157,0
слово нос звуками,5108,0
годы звуками слово,5111,0
звуки слова яблоки,5077,0
слово яблоки звуки,5077,0
звуки однокоренные слова,5036,0
звук однокоренное слово,5036,0
звуки транскрипция слова,5023,0
правило звуки слов,5018,0
код звуки слов,4980,0
звук обозначение слова,4978,0
слова обозначение звука,4978,0
звуки слов несет,4952,0
звуки лета словами,4945,0
слово листы звуками,4927,0
презентация слова звуки,4909,0
слово голоса звуками,4910,0
слово солнце звуками,4904,0
звук слова такого,4876,0
составить слово звуков,4882,0
спряжение слова звуки,4874,0
звук ч словах,4859,0
звук слова время,4851,0
звуки слова время,4851,0
слово бьет звуками,4856,0
голос звук слова,4817,0
слова звуком ш,4805,0
слово звук суффикс,4814,0
обозначение звуков словами,4800,0
обозначение слова звуками,4800,0
звук слова лес,4771,0
звуками слово лес,4771,0
звуки леса словами,4762,0
звуки разобрать слово,4756,0
звуков разобрать слово,4756,0
звук п словах,4727,0
деревья звуки слова,4731,0
звук слова пою,4713,0
слово свой звуки,4699,0
звуки слово поют,4680,0
слово поет звуками,4680,0
слово имя звуки,4672,0
проверочное слово звуками,4650,0
проверочное слово звуках,4650,0
проверочное слова звуки,4652,0
проверочное слова звук,4652,0
проверочные слова звуки,4652,0
проверочные слова звук,4652,0
мысли звуки слова,4630,0
слове произносится звук,4629,0
звук слова ель,4566,0
звуки слове ель,4566,0
звуков слове ель,4566,0
слово звук мысль,4562,0
слово мысль звуки,4562,0
форма слова звук,4528,0
формы слова звук,4522,0
разобрать слово звукам,4484,0
разобрать слово звуков,4486,0
звука т словах,4479,0
слова произносит звуки,4462,0
слово группа звуками,4468,0
значение слов звуков,4463,0
звуки значения слова,4462,0
звуки значение слова,4462,0
значение слова звуки,4462,0
значения слова звук,4462,0
значение слово звук,4462,0
слово пою звуками,4450,0
друзья звуки слова,4434,0
звуки слов правила,4435,0
звуков слова друзья,4428,0
поет звуки слова,4420,0
поющий слово звуками,4420,0
слово второй звуками,4423,0
слово поющий звуками,4420,0
звуки слова мысль,4411,0
слова звуками тетрадь,4399,0
слово тетрадь звуки,4402,0
звук слова ю,4380,0
слово звуки фонетический,4369,0
схемы звуков слова,4368,0
слово 8 звуков,4367,0
слово деревья звуками,4322,0
произношение звуков слова,4325,0
слово дерево звуки,4320,0
слова песни звуками,4296,0
слова звук песня,4287,0
песня звук слова,4287,0
звук песня слова,4287,0
звуками слово осень,4277,0
слово осень звуками,4277,0
друг звуки слова,4270,0
звуками слово второй,4266,0
второй слово звуками,4266,0
звук слова друзья,4255,0
слова друзья звуками,4255,0
слово no звук,4246,0
звук фонетика слова,4247,0
слова скачать звуки,4230,0
звук слово скачать,4229,0
скачать звук словами,4230,0
слово разными звуками,4211,0
слово звук д,4206,0
чтобы звуки слова,4202,0
звук своими словами,4203,0
звук ж словах,4196,0
звука проверочное слово,4188,0
слова три звука,4177,0
скачать звук словом,4182,0
скачать слова звуки,4182,0
три звука слова,4177,0
слова звуком й,4142,0
жизни звуки слова,4132,0
напиши слово звуками,4125,0
слова написать звуками,4121,0
написать звуками слова,4121,0
написать слова звуками,4121,0
слова написанные звуками,4122,0
звука схема слов,4106,0
звуком схема слова,4106,0
слова звуки схемы,4102,0
звук схемы слово,4102,0
звуки образуют слова,4103,0
звук образовать слова,4103,0
звуки осени словами,4070,0
звуки слова тетрадь,4037,0
звуки слово тетрадь,4037,0
слова з звуками,4029,0
слова з звуком,4029,0
звук формы слова,4020,0
слова звука з,4023,0
звуки слова начинается,3998,0
звуки слова начнется,3998,0
сделать звуки слова,3966,0
слово сделать звуки,3966,0
звуки написанные словами,3949,0
место звуки слова,3955,0
фонетика звук слова,3934,0
звуки произношение слов,3928,0
скачать звук слово,3908,0
слова звуки скачать,3909,0
скачать звуки слова,3909,0
звуки слова чтобы,3899,0
звуки словами д,3893,0
слова нет звуком,3869,0
звуки слова скачать,3860,0
сочетание звуков слове,3812,0
слово сочетание звуков,3812,0
слово образует звук,3797,0
слова песни звук,3760,0
слова песни звуки,3760,0
слова звуками английские,3740,0
слова звуки английского,3740,0
звук з словами,3732,0
звуки слова сделать,3717,0
звуки слово нет,3698,0
звуки слова нет,3698,0
слова звуками вьюга,3676,0
обозначение звуками слова,3664,0
обозначение звуков слова,3664,0
обозначение слов звуками,3664,0
обозначение слова звук,3664,0
обозначения звуков словами,3664,0
состав слова звуков,3672,0
звуки слова песни,3654,0
звук слова песни,3654,0
звуки песен словами,3650,0
звуки слов песнею,3646,0
слово звук схема,3641,0
слово звуки схема,3641,0
слова звук схема,3641,0
слова схемы звуки,3637,0
слова звуком ч,3618,0
слово стоят звуки,3600,0
слова звуками ночью,3589,0
звук анализ слов,3584,0
звука анализ слова,3584,0
звуки анализ слова,3584,0
звуки слово анализ,3584,0
слово шьет звуками,3549,0
звуки слова яркие,3538,0
звуки слова ярко,3538,0
слово мою звуки,3521,0
слово год звуки,3522,0
слова яма звуками,3495,0
слово время звуки,3494,0
анализ звуков слова,3435,0
анализ слов звук,3435,0
анализ слова звуки,3435,0
слово лестница звуками,3422,0
звуки слова столбик,3414,0
петь звуки слова,3399,0
слова звук п,3388,0
звук состав слова,3331,0
слово друг звуки,3319,0
поют звуки слова,3313,0
слово таблица звуки,3279,0
звуки слова год,3267,0
звуки английского слов,3239,0
звуки английский слова,3239,0
звуки английского слова,3239,0
звук слова английского,3239,0
звук английский слова,3239,0
звук английских слов,3239,0
звук английского слова,3239,0
звук п слова,3222,0
слова семья звуками,3223,0
слово семья звуками,3223,0
слово звуков разобрать,3212,0
разобрать слово звуки,3210,0
звук слова картинки,3209,0
про чистоговорки,1571,0
со чистоговорки,2187,0
чистоговорки звуки,7973,0
чистоговорки со,2043,0
чистоговорки для,5792,0
чистоговорки про,1571,0
чистоговорки звука,7973,0
чистоговорки детей,2860,0
чистоговорки и,1765,0
звуки чистоговорки,8125,0
чистоговорки класс,927,0
буквам чистоговорки,919,0
чистоговорки буква,919,0
чистоговорки сад,851,0
чистоговорки буквы,827,0
чистоговорки букв,827,0
чистоговорки букву,827,0
буква чистоговорки,807,0
буквах чистоговорки,807,0
буквы чистоговорки,807,0
дифференциация чистоговорки,547,0
чистоговорки дифференциация,530,0
логопедическое чистоговорки,526,0
чистоговорки картинках,487,0
чистоговорки 2,481,0
2 чистоговорки,480,0
по чистоговорки,453,0
чистоговорки стихами,446,0
слово чистоговорки,423,0
чистоговорки слова,422,0
чистоговорки слово,422,0
чистоговорки взрослых,421,0
чистоговорки взрослые,421,0
чистоговорки речь,416,0
речь чистоговорки,416,0
чистоговорки речи,415,0
слова чистоговорки,394,0
чистоговорки чтение,351,0
чтение чистоговорки,351,0
чистоговорки дикция,304,0
чистоговорки малыша,295,0
чистоговорки малышей,276,0
чистоговорки а,264,0
чистоговорки логопед,263,0
логопед чистоговорки,263,0
а чистоговорки,248,0
чистоговорки все,208,0
чистоговорки чем,207,0
все чистоговорки,203,0
чистоговорки что,193,0
чистоговорки о,192,0
презентации чистоговорки,168,0
чистоговорки презентации,168,0
чистоговорки цели,165,0
цели чистоговорки,165,0
карточка чистоговорки,137,0
чистоговорки шипящих,132,0
чистоговорки школьникам,131,0
речевые чистоговорки,131,0
чистоговорки поговорки,129,0
поговорки чистоговорки,129,0
чистоговорки потешки,128,0
потешки чистоговорки,128,0
чистоговорки как,127,0
как чистоговорки,124,0
чистоговорки школьники,106,0
чистоговорки школьников,106,0
пословицы чистоговорки,103,0
чистоговорки пословицы,103,0
тексты чистоговорки,87,0
чистоговорки тексты,87,0
чистоговорки текстом,85,0
чистоговорки этот,84,0
ть чистоговорки,75,0
упражнение чистоговорки,75,0
задания чистоговорки,73,0
чистоговорки бесплатно,71,0
чистоговорки ть,70,0
есть чистоговорки,70,0
чистоговорки урок,68,0
чистоговорки возраст,68,0
такой чистоговорки,68,0
чистоговорки загадки,67,0
загадки чистоговорки,66,0
чистоговорки есть,63,0
проговаривание чистоговорки,60,0
урок чистоговорки,58,0
придумай чистоговорки,57,0
овощи чистоговорки,57,0
чистоговорки разучивание,57,0
чистоговорки овощи,57,0
стихотворения чистоговорки,56,0
чистоговорки день,55,0
чистоговорки придуманные,54,0
чистоговорки ел,52,0
чистоговорки занятие,52,0
чистоговорки язык,52,0
чистоговорки был,51,0
чистоговорки буду,51,0
разучивание чистоговорки,50,0
чистоговорки доу,48,0
доу чистоговорки,48,0
чистоговорки маленьких,47,0
чистоговорки гласных,47,0
чистоговорки гласные,47,0
петь чистоговорки,47,0
чистоговорки стихотворения,46,0
вь чистоговорки,45,0
чистоговорки без,44,0
гласные чистоговорки,44,0
чистоговорки русские,43,0
русские чистоговорки,43,0
без чистоговорки,43,0
чистоговорки задача,42,0
чистоговорки та,41,0
чистоговорки те,41,0
чистоговорки ту,41,0
та чистоговорки,41,0
чистоговорки музыка,40,0
чистоговорки й,40,0
музыка чистоговорки,39,0
игрушки чистоговорки,39,0
й чистоговорки,38,0
чистоговорки животных,38,0
чистоговорки длинная,38,0
произношение чистоговорки,38,0
развивающие чистоговорки,38,0
чистоговорки город,37,0
чистоговорки логопедии,36,0
чистоговорки дом,35,0
чистоговорки два,34,0
чистоговорки повторяем,34,0
чистоговорки ежи,34,0
чистоговорки онлайн,32,0
онлайн чистоговорки,32,0
дом чистоговорки,32,0
чистоговорки развивают,30,0
чистоговорки ре,30,0
ре чистоговорки,30,0
чистоговорки ары,29,0
семья чистоговорки,29,0
песенка чистоговорки,29,0
раскраска чистоговорки,28,0
да чистоговорки,28,0
чистоговорки не,28,0
чистоговорки кот,28,0
чистоговорки раскраска,28,0
грибы чистоговорки,27,0
английский чистоговорки,27,0
чистоговорки дра,27,0
чистоговорки народные,27,0
народные чистоговорки,27,0
чистоговорки дружба,26,0
чистоговорки сказки,26,0
чистоговорки сказка,26,0
чистоговорки первые,26,0
найди чистоговорки,26,0
сказки чистоговорки,26,0
первые чистоговорки,26,0
конспект чистоговорки,25,0
чистоговорки игрушки,25,0
чистоговорки лиса,25,0
чистоговорки семья,25,0
чистоговорки считалки,25,0
чистоговорки родина,25,0
лиса чистоговорки,25,0
чистоговорки печать,24,0
чистоговорки ры,24,0
чистоговорки найди,24,0
говорящие чистоговорки,24,0
ши чистоговорки,23,0
чистоговорки ли,23,0
чистоговорки ши,23,0
чистоговорки жа,22,0
чистоговорки наш,22,0
произносить чистоговорки,22,0
говорим чистоговорки,22,0
чистоговорки лес,21,0
чистоговорки оса,21,0
чистоговорки скоро,21,0
чистоговорки он,21,0
чистоговорки саша,21,0
чистоговорки виды,20,0
чистоговорки ала,20,0
чистоговорки литература,20,0
чистоговорки цветок,20,0
одежда чистоговорки,20,0
чистоговорки ал,19,0
чистоговорки одежда,19,0
чистоговорки кукушка,19,0
чистоговорки мнемотаблицы,19,0
чистоговорки кукушку,19,0
мнемотаблицы чистоговорки,19,0
разминка чистоговорки,19,0
чистоговорки гриб,18,0
чистоговорки грибы,18,0
чистоговорки повторения,18,0
чистоговорки ритмы,18,0
чистоговорки хлеб,18,0
чистоговорки ее,18,0
чистоговорки театральные,18,0
чистоговорки ча,18,0
чистоговорки жи,18,0
дь чистоговорки,18,0
мо чистоговорки,18,0
повторение чистоговорки,18,0
театральные чистоговорки,18,0
чистоговорки конспект,17,0
чистоговорки новиковская,17,0
чистоговорки россия,17,0
проект чистоговорки,17,0
новиковская чистоговорки,17,0
чистоговорки автор,16,0
чистоговорки маму,16,0
чистоговорки птицы,16,0
чистоговорки сахаровой,16,0
чистоговорки рассказ,16,0
чистоговорки птиц,16,0
чистоговорки су,16,0
чистоговорки ягоды,16,0
новые чистоговорки,16,0
рассказ чистоговорки,16,0
автор чистоговорки,16,0
проговаривали чистоговорки,16,0
чистоговорки му,15,0
чистоговорки заикание,15,0
учим чистоговорки,15,0
голос чистоговорки,15,0
лучшие чистоговорки,15,0
выучить чистоговорки,14,0
чистоговорки весенние,14,0
чистоговорки выучить,14,0
чистоговорки гуси,14,0
чистоговорки лучшие,14,0
чистоговорки рифмы,14,0
чистоговорки рифма,14,0
так чистоговорки,14,0
рифмы чистоговорки,14,0
весенние чистоговорки,14,0
интересные чистоговорки,14,0
мама чистоговорки,13,0
чистоговорки ас,13,0
чистоговорки забавные,13,0
чистоговорки мама,13,0
сочини чистоговорки,13,0
сочинить чистоговорки,13,0
сочиняем чистоговорки,13,0
забавные чистоговорки,13,0
папа чистоговорки,12,0
чистоговорки весну,12,0
чистоговорки весны,12,0
чистоговорки котята,12,0
чистоговорки ло,12,0
чистоговорки интересные,12,0
чистоговорки лы,12,0
чистоговорки папа,12,0
чистоговорки рассказы,12,0
чистоговорки школьные,12,0
школьные чистоговорки,12,0
кружок чистоговорки,12,0
зайцев чистоговорки,12,0
чистоговорки воробей,11,0
чистоговорки медведь,11,0
чистоговорки сахарова,11,0
чистоговорки урожай,11,0
чистоговорки заяц,11,0
сахарова чистоговорки,11,0
чистоговорки баран,10,0
чистоговорки книжка,10,0
чистоговорки коза,10,0
кошка чистоговорки,10,0
зимняя чистоговорки,10,0
чистоговорки ба,9,0
чистоговорки большие,9,0
чистоговорки береза,9,0
чистоговорки вода,9,0
чистоговорки лу,9,0
чистоговорки методика,9,0
чистоговорки космос,9,0
чистоговорки ле,9,0
чистоговорки насекомые,9,0
чистоговорки насекомых,9,0
чистоговорки па,9,0
чистоговорки определение,9,0
чистоговорки пособия,9,0
чистоговорки приветствия,9,0
чистоговорки ца,9,0
чистоговорки титульный,9,0
чистоговорки шт,9,0
чистоговорки трудноговорки,9,0
чистоговорки стрекозу,9,0
чистоговорки стрекоза,9,0
чистоговорки шу,9,0
конкурс чистоговорки,9,0
насекомые чистоговорки,9,0
космос чистоговорки,9,0
определение чистоговорки,9,0
шу чистоговорки,9,0
зайка чистоговорки,9,0
звукоподражание чистоговорки,9,0
зачем чистоговорки,8,0
чистоговорки железновой,8,0
чистоговорки железнова,8,0
чистоговорки бра,8,0
чистоговорки бр,8,0
чистоговорки актерские,8,0
чистоговорки звукопроизношение,8,0
чистоговорки инструменты,8,0
чистоговорки железновы,8,0
чистоговорки рыба,8,0
чистоговорки растения,8,0
чистоговорки природе,8,0
чистоговорки природа,8,0
чистоговорки ря,8,0
чистоговорки цыпленок,8,0
чистоговорки еда,8,0
чистоговорки друзья,8,0
чистоговорки железновых,8,0
чистоговорки зачем,8,0
мь чистоговорки,8,0
мнемотехника чистоговорки,8,0
прочитай чистоговорки,8,0
железнова чистоговорки,8,0
железновы чистоговорки,8,0
прочитать чистоговорки,8,0
инструменты чистоговорки,8,0
актерские чистоговорки,8,0
звуковые чистоговорки,7,0
динозавры чистоговорки,7,0
чистоговорки гь,7,0
чистоговорки горы,7,0
чистоговорки ка,7,0
чистоговорки кошка,7,0
чистоговорки звукоподражание,7,0
чистоговорки звукоподражания,7,0
чистоговорки история,7,0
чистоговорки название,7,0
чистоговорки пдд,7,0
чистоговорки нь,7,0
название чистоговорки,7,0
чистоговорки юл,7,0
чистоговорки шары,7,0
книжка чистоговорки,7,0
красивые чистоговорки,7,0
сухина чистоговорки,7,0
сухин чистоговорки,7,0
закончить чистоговорки,7,0
яблоко чистоговорки,7,0
трудные чистоговорки,6,0
чистоговорки зайчик,6,0
чистоговорки безопасность,6,0
чистоговорки болталки,6,0
чистоговорки бу,6,0
чистоговорки бь,6,0
чистоговорки мнемотехника,6,0
чистоговорки надо,6,0
чистоговорки фольклорные,6,0
чистоговорки трудные,6,0
чистоговорки шо,6,0
чистоговорки этикет,6,0
чистоговорки составить,6,0
болталки чистоговорки,6,0
мнемотехники чистоговорки,6,0
шо чистоговорки,6,0
буклет чистоговорки,6,0
составить чистоговорки,6,0
значение чистоговорки,5,0
чистоговорки даль,5,0
чистоговорки значение,5,0
чистоговорки месяцы,5,0
чистоговорки ко,5,0
чистоговорки мультфильм,5,0
чистоговорки мультфильмы,5,0
чистоговорки рыбки,5,0
чистоговорки схемы,5,0
чистоговорки яблоко,5,0
чистоговорки театр,5,0
чистоговорки фь,5,0
чистоговорки ютуб,5,0
мультфильмы чистоговорки,5,0
мультфильм чистоговорки,5,0
театр чистоговорки,5,0
зайчик чистоговорки,5,0
альбом чистоговорки,5,0
флаг чистоговорки,5,0
20 чистоговорки,5,0
чистоговорки жо,4,0
чистоговорки d,4,0
чистоговорки бабочка,4,0
чистоговорки где,4,0
чистоговорки кит,4,0
чистоговорки мульт,4,0
чистоговорки лэ,4,0
чистоговорки машины,4,0
чистоговорки муравей,4,0
чистоговорки машина,4,0
чистоговорки мульты,4,0
чистоговорки рак,4,0
чистоговорки словарь,4,0
чистоговорки самолет,4,0
чистоговорки шоссе,4,0
чистоговорки сусусу,4,0
чистоговорки ща,4,0
чистоговорки чебурашка,4,0
чистоговорки доброта,4,0
чистоговорки закончить,4,0
посмотреть чистоговорки,4,0
подберите чистоговорки,4,0
ютуб чистоговорки,4,0
медвежонка чистоговорки,4,0
мульт чистоговорки,4,0
список чистоговорки,4,0
жукова чистоговорки,4,0
кит чистоговорки,4,0
голосовые чистоговорки,4,0
роль чистоговорки,4,0
сусусу чистоговорки,3,0
носки чистоговорки,3,0
рисунок чистоговорки,3,0
чистоговорки жук,3,0
чистоговорки жуки,3,0
чистоговорки аист,3,0
чистоговорки белка,3,0
чистоговорки барабан,3,0
чистоговорки баба,3,0
чистоговорки ауди,3,0
чистоговорки ах,3,0
чистоговорки ворона,3,0
чистоговорки волк,3,0
чистоговорки вайлдберриз,3,0
чистоговорки ку,3,0
чистоговорки море,3,0
чистоговорки мебель,3,0
чистоговорки лопата,3,0
чистоговорки москва,3,0
чистоговорки ой,3,0
чистоговорки способствуют,3,0
чистоговорки список,3,0
чистоговорки ферма,3,0
чистоговорки хомяк,3,0
чистоговорки тата,3,0
чистоговорки черепаха,3,0
чистоговорки черепахи,3,0
чистоговорки ударение,3,0
чистоговорки часы,3,0
чистоговорки тренажер,3,0
чистоговорки зайцева,3,0
чистоговорки звери,3,0
мебель чистоговорки,3,0
баба чистоговорки,3,0
ни чистоговорки,3,0
корабль чистоговорки,3,0
ха чистоговорки,3,0
стихотворные чистоговорки,3,0
старые чистоговорки,3,0
мнемосхема чистоговорки,3,0
дразнилки чистоговорки,2,0
озвученные чистоговорки,2,0
математические чистоговорки,2,0
смешанные чистоговорки,2,0
рамка чистоговорки,2,0
распевки чистоговорки,2,0
рарара чистоговорки,2,0
богомолова чистоговорки,2,0
ау чистоговорки,2,0
белорусские чистоговорки,2,0
чистоговорки бабушки,2,0
чистоговорки бабушка,2,0
чистоговорки бумага,2,0
чистоговорки ау,2,0
чистоговорки военные,2,0
чистоговорки го,2,0
чистоговорки ги,2,0
чистоговорки вечером,2,0
чистоговорки ки,2,0
чистоговорки лебедь,2,0
чистоговорки лагздынь,2,0
чистоговорки коноваленко,2,0
чистоговорки картушиной,2,0
чистоговорки лягушка,2,0
чистоговорки малина,2,0
чистоговорки мох,2,0
чистоговорки пирата,2,0
чистоговорки поезд,2,0
чистоговорки пение,2,0
чистоговорки озон,2,0
чистоговорки рисунки,2,0
чистоговорки птички,2,0
чистоговорки репка,2,0
чистоговорки рисунок,2,0
четверостишье чистоговорки,2,0
чистоговорки распевки,2,0
чистоговорки рифмовки,2,0
чистоговорки ус,2,0
чистоговорки ха,2,0
чистоговорки считалочки,2,0
чистоговорки четверостишья,2,0
чистоговорки теория,2,0
чистоговорки шапка,2,0
чистоговорки февраль,2,0
чистоговорки электроприборы,2,0
чистоговорки четверостишия,2,0
чистоговорки физминутки,2,0
чистоговорки чашка,2,0
чистоговорки щи,2,0
чистоговорки четверостишие,2,0
чистоговорки чуковский,2,0
чистоговорки эмоции,2,0
чистоговорки жукова,2,0
чистоговорки чуковского,2,0
чистоговорки дразнилки,2,0
май чистоговорки,2,0
электроприборы чистоговорки,2,0
папка чистоговорки,2,0
необычные чистоговорки,2,0
небольшие чистоговорки,2,0
рифмовки чистоговорки,2,0
лого чистоговорки,2,0
известные чистоговорки,2,0
написать чистоговорки,2,0
улитки чистоговорки,2,0
ис чистоговорки,2,0
волков чистоговорки,2,0
слоговая дорожка на звук,19,0
слоговая дорожка на звуки,19,0
чтение слоговых дорожек,19,0
слоговая дорожка со звуком с,6,0
слоговая дорожка звук р,9,0
слоговые дорожки картинки,10,0
слоговые дорожки звук в,9,0
слоговая дорожка звук ш,10,0
слоговые дорожки звук к,7,0
слоговые дорожки для чтения распечатать,13,0
картинки слоговые дорожки,10,0
слоговые дорожки для автоматизации звука,12,0
звук р слоговые дорожки,9,0
слоговые дорожки ш,16,0
слоговые дорожки л,13,0
слоговая дорожка звук к,7,0
слоговая дорожка звук л,12,0
слоговая дорожка ш,18,0
слоговые дорожки для автоматизации звуков,6,0
слоговые дорожки на л,3,0
слоговые логопедические дорожки,3,0
слоговая дорожка на звук л,3,0
слоговые дорожки звук ж,3,0
слоговые дорожки для логопедов,3,0
логопедическая слоговая дорожка,3,0
дорожки слоговые звук р,5,0
слоговые и звуковые дорожки,3,0
слоговые дорожки рь,4,0
игра слоговые дорожки,3,0
слоговые дорожки звук р,5,0
слоговые дорожки м,4,0
логопедические слоговые дорожки,3,0
слоговая дорожка на звук р,3,0
слоговые дорожки для автоматизации звуков р,5,0
слоговые дорожки на звук рь,2,0
слоговые дорожки на звук с,2,0
слоговые дорожки ль,2,0
игра слоговая дорожка,2,0
логопедия слоговые дорожки,2,0
слоговая дорожка на звук с,2,0
слоговая дорожка логопедия,2,0
слоговые дорожки в картинках,2,0
слоговая дорожка скачать,2,0
слоговая дорожка на звук рь,2,0
слоговая дорожка на звук в,2,0
логопед распечатать,711,0
распечатать картинку для логопеда,43,0
распечатать для логопеда,326,0
логопед картинки распечатать,62,0
распечатать картинки для логопеда,43,0
распечатать логопеду,711,0
логопеду распечатать,605,0
задания логопеда распечатать,46,0
картинки для логопеда распечатать,43,0
распечатать занятия с логопедом,19,0
игры логопед распечатать,26,0
распечатать занятия логопеда,33,0
паровозик пособие для логопеда распечатать,26,0
занятия логопеда распечатать,31,0
пишем вместе с логопедом косинова распечатать,40,0
занятия логопед распечатать,31,0
пособия логопеда распечатать,39,0
логопед игры распечатать,26,0
косинова пишем вместе с логопедом распечатать,40,0
логопед занятия распечатать,40,0
игры логопеда распечатать,25,0
пособия для логопеда распечатать,34,0
пишем вместе с логопедом косинова распечатать скачать,42,0
задание для логопеда распечатать,18,0
логопед буква р распечатать,4,0
настольные игры для логопеда распечатать,9,0
распечатать бесплатно для логопеда,14,0
табличка кабинет логопеда распечатать,9,0
распечатать игры для логопеда,12,0
логопед раскраска распечатать,5,0
игры для логопедов распечатать,17,0
материалы для логопеда распечатать,12,0
игры для логопеда распечатать,15,0
карточки для логопеда распечатать,10,0
занятия с логопедом распечатать,18,0
занятие с логопедом распечатать,16,0
распечатать задания логопеда для дошкольников,7,0
журналы логопеда распечатать,14,0
задания для логопеда распечатать,18,0
распечатать для логопеда со звуком р,4,0
артикуляционные карточки для логопеда распечатать,4,0
распечатать для логопеда расписание занятий,4,0
расписание для учителя логопеда распечатать,4,0
картинки для занятий с логопедом распечатать,3,0
картинки для логопеда школы распечатать,3,0
распечатать наглядный материал логопеда,3,0
задания для логопеда распечатать для детей,3,0
распечатать картинки для занятий с логопедом,3,0
задания логопеда для детей 6 7 лет распечатать,2,0
альбом логопеда распечатать,2,0
распечатать картинки для логопеда на звуки,2,0
занятия коняхиной логопед с пособиями распечатать,2,0
картинки для логопеда детского сада распечатать шаблон,2,0
цифровой рабочий лист,9050,0
лист рабочего времени,8544,0
листы рабочего времени,8538,0
лист рабочего задания,8159,0
время рабочие листы,7833,0
ответы рабочий лист,7081,0
часть рабочего листа,7012,0
рабочий лист учащихся,6785,0
рабочий лист учащегося,6507,0
рабочие книги листы,6270,0
рабочая книга листы,6270,0
листы рабочей книги,6270,0
лист рабочей книги,6277,0
лист рабочей программы,5697,0
программа рабочий лист,5697,0
лист рабочего дня,5465,0
таблица рабочий лист,4914,0
буквам рабочий лист,4699,0
наука рабочий лист,4677,0
рабочие лист это,4489,0
рабочие листы корни,4126,0
работа рабочими листами,4037,0
город рабочий лист,3972,0
культура рабочий лист,3882,0
рабочие листы обществознание,3649,0
метод рабочих листов,3554,0
живой рабочий лист,3328,0
живые рабочие листы,3320,0
лист рабочая тетрадь,2955,0
рабочий лист пословица,2871,0
звука рабочий лист,2854,0
рабочая лист это,2810,0
рабочие листы детям,2803,0
рабочие листы детей,2803,0
рабочие листы дошкольников,2770,0
рабочие листы дошкольниками,2770,0
рабочие листы дошкольника,2770,0
рабочий лист дошкольника,2770,0
не рабочий лист,2410,0
рабочие листы французский,2279,0
рабочие листы приставка,2105,0
пример рабочих листов,2095,0
алгебра рабочий лист,2051,0
лист рабочей тетради,2032,0
листа рабочая тетрадь,2032,0
рабочая тетрадь лист,2032,0
листов рабочей тетради,1990,0
листы рабочей тетради,1990,0
листы рабочих тетрадей,1990,0
больничный лист рабочего,1979,0
больничный лист рабочих,1979,0
лист рабочего места,1903,0
рабочие листы слоги,1816,0
испанские рабочие листы,1817,0
рабочий лист глаголы,1813,0
глаголы рабочие листы,1812,0
глагол рабочие листы,1812,0
рабочие листы глаголы,1812,0
рабочие листы глагол,1812,0
рабочие листы прилагательные,1779,0
рабочий лист письма,1703,0
лист рабочий стол,1698,0
рабочего листа табель,1695,0
рабочий лист фгос,1674,0
рабочий лист химия,1650,0
рабочая лист excel,1590,0
имя рабочего листа,1585,0
рабочие листы испанский,1571,0
животные рабочие листы,1562,0
город рабочие листы,1551,0
элемент рабочего листа,1542,0
бланк рабочий лист,1513,0
миф рабочий лист,1493,0
рабочая документация лист,1482,0
рабочий стол лист,1481,0
религия рабочий лист,1481,0
рабочая документация листы,1471,0
рабочий лист бланк,1463,0
рабочий лист личность,1457,0
функции рабочих листов,1384,0
рабочий лист понятие,1362,0
понятие рабочего листа,1362,0
понятие рабочий лист,1362,0
листья рабочий стол,1357,0
рабочий стол листья,1357,0
рабочие листы excel,1306,0
рабочего листа excel,1306,0
листы рабочей документации,1306,0
лист учета рабочих,1298,0
листа учета рабочего,1298,0
название рабочего листа,1253,0
структура рабочего листа,1217,0
структура рабочих листов,1215,0
рабочий лист анализа,1206,0
сделать лист рабочим,1172,0
рабочие листы часы,1146,0
ячейки рабочего листа,1099,0
рабочие листы конструктор,1075,0
рабочие часы лист,1011,0
рабочий лист ученика,970,0
функция рабочего листа,931,0
определение рабочего листа,905,0
лес рабочий лист,876,0
рабочий лист стихотворение,873,0
модуль рабочего листа,857,0
формирование рабочего листа,848,0
формирование рабочих листов,847,0
шаблон рабочих листов,841,0
рабочие листы алфавит,803,0
вода рабочий лист,782,0
объекты рабочего листа,778,0
интересные рабочие листы,771,0
элементы рабочего листа,770,0
листы рабочего стола,757,0
открытый рабочий лист,730,0
рабочими листами называются,719,0
дом рабочий лист,695,0
суффикс рабочие листы,677,0
рабочие размеры листа,675,0
интерактивными рабочими листами,670,0
искусство рабочий лист,662,0
рабочие листы диаграммы,647,0
рабочий лист величины,645,0
интерактивного рабочего листа,641,0
рабочие листы школьникам,635,0
обж рабочий лист,630,0
рабочий лист общение,600,0
общение рабочий лист,600,0
ударение рабочего листа,585,0
упражнения рабочие листы,576,0
рабочий лист производство,572,0
формат рабочего листа,553,0
организация рабочего листа,544,0
рабочий лист орфограмма,544,0
африка рабочие листы,537,0
африка рабочий лист,537,0
рабочий лист сайт,529,0
рабочий путевой лист,516,0
обои рабочий лист,510,0
прием рабочий лист,507,0
рисунки рабочего листа,506,0
рабочий лист синтаксис,501,0
синтаксис рабочий лист,501,0
рабочий лист образование,500,0
образование рабочий лист,500,0
рабочие листы площадь,497,0
рабочий лист реки,488,0
праздники рабочий лист,475,0
формула рабочего листа,473,0
формулы рабочего листа,473,0
реки рабочий лист,472,0
рабочий лист работника,471,0
рабочих листов агрегатов,437,0
рабочая лист эксель,430,0
лист рабочего агрегата,429,0
рабочего листа агрегата,429,0
рабочий лист агрегату,429,0
рабочие листы агрегата,429,0
рабочий лист агрегатов,429,0
рабочие листы проекта,429,0
рабочие листы проект,429,0
рабочий лист агрегат,429,0
рабочие листы горизонты,428,0
связь рабочих листов,424,0
инструменты рабочий лист,422,0
лист рабочих чертежей,417,0
праздники рабочие листы,414,0
рабочая область листа,413,0
рабочий лист ем,404,0
горизонты рабочие листы,399,0
столбцы рабочего листа,391,0
рабочий лист операции,388,0
рабочим листом называется,385,0
рабочие листы эксель,378,0
математические рабочие листы,368,0
лист рабочих iptv,363,0
рабочий лист периметр,357,0
выделение рабочего листа,357,0
выделение рабочем листе,357,0
бразилия рабочий лист,351,0
рабочий лист й,338,0
й рабочий лист,338,0
рабочий лист оценки,333,0
управление листами рабочей,329,0
управление рабочими листами,329,0
рабочий лист сотрудника,326,0
рабочий лист луна,320,0
рабочие листы й,321,0
единый рабочий лист,320,0
рабочий лист лягушка,314,0
рабочий чистый лист,310,0
рабочий лист чертежа,297,0
рабочие листы family,291,0
выбор рабочих листов,291,0
руки рабочие листы,284,0
рабочие листы грибы,275,0
месяцы рабочие листы,274,0
рабочий плей лист,274,0
рабочие плей листы,274,0
рабочий лист ислам,272,0
рабочий лист гор,269,0
выделить рабочий лист,262,0
рабочий лист логопеда,259,0
список рабочего листа,253,0
рабочая листа с8,253,0
склонение рабочий лист,253,0
23 рабочий лист,251,0
фон рабочего листа,245,0
моря рабочий лист,233,0
рабочий лист конфликт,232,0
конфликт рабочий лист,232,0
лист простоя рабочего,230,0
погода рабочие листы,228,0
рабочие листы деревья,224,0
крым рабочий лист,201,0
рабочий лист генератора,195,0
активный рабочий лист,192,0
собственность рабочий лист,186,0
рабочие листы овощи,186,0
компоненты рабочего листа,183,0
рабочий лист логика,183,0
рабочий лист ознакомления,178,0
рабочие листы птицы,176,0
рабочий лист водителя,176,0
птицы рабочие листы,176,0
рабочий лист архикаде,173,0
естествознание рабочий лист,173,0
рабочий лист австралия,169,0
австралия рабочий лист,169,0
печать рабочий лист,168,0
защита рабочих листов,166,0
защита рабочего листа,166,0
рабочий лист фото,164,0
фото рабочего листа,164,0
построение рабочего листа,162,0
рабочий лист питание,159,0
индивидуальный рабочий лист,158,0
рабочий прайс лист,155,0
диапазон рабочего листа,154,0
лист стажировки рабочего,153,0
рабочий лист worksheets,151,0
синоним рабочий лист,150,0
крылов рабочий лист,147,0
рабочие листы фрукты,146,0
грибы рабочие листы,146,0
фото рабочие листы,146,0
рабочий лист предпринимательства,145,0
рабочие листы фразеологизмы,144,0
фразеологизмы рабочие листы,144,0
авторский рабочий лист,142,0
рабочий лист кнопка,142,0
антонимы рабочие листы,141,0
икона рабочий лист,140,0
рабочие листы стратегии,138,0
рабочий лист икона,137,0
рабочий лист гражданин,137,0
печать рабочих листов,137,0
печать рабочего листа,137,0
рабочий лист дерево,136,0
магазин рабочих листов,136,0
рабочий лист изменчивость,131,0
надпись рабочий лист,130,0
собаки рабочие листы,128,0
рабочий лист шар,127,0
рабочий лист автомобили,127,0
мама рабочий лист,121,0
переместить рабочий лист,116,0
рабочий лист весна,114,0
пожарный рабочий лист,113,0
рабочий лист звери,112,0
переименуйте рабочий лист,111,0
стажировочный лист рабочего,110,0
скопировать рабочий лист,110,0
рабочий лист автомобиля,108,0
рабочий лист портфель,106,0
доли рабочий лист,105,0
рабочий лист первичный,105,0
рабочий лист доли,104,0
рабочий лист перенос,103,0
рабочие листы весна,102,0
рабочий лист рыбки,101,0
потребности рабочий лист,101,0
лист фотографии рабочего,101,0
размножение рабочий лист,100,0
рабочий лист некрасов,93,0
тургенев рабочий лист,91,0
рабочий лист тургенев,91,0
рабочий лист домики,90,0
спорт рабочий лист,89,0
рабочие листы космос,89,0
рабочий лист масштаб,89,0
рабочий лист студента,88,0
статья рабочий лист,83,0
компьютерный рабочий лист,83,0
компьютерного рабочего листа,83,0
иванова рабочие листы,82,0
h рабочий лист,81,0
рабочие листы рыбы,81,0
рабочий лист промышленность,81,0
рабочий лист художника,81,0
мышь лист рабочий,78,0
лист нетрудоспособности рабочего,77,0
медведь рабочий лист,77,0
рабочие листы ивановой,77,0
рабочие листы иванова,77,0
рабочие листы ревизор,77,0
рабочие листы хобби,77,0
рабочий лист грамматика,76,0
рабочий лист кислоты,75,0
молодежь рабочий лист,72,0
рабочие убирающие листья,72,0
рабочие листы дыхание,70,0
перевести рабочий лист,69,0
обходного листа рабочего,69,0
рабочий лист перевести,69,0
рабочий обходной лист,69,0
рабочий лист барто,67,0
музыкант рабочий лист,65,0
ярлыки рабочих листов,65,0
обратный рабочий лист,64,0
рабочие листы дошкольный,64,0
рабочий лист деревня,64,0
рабочий лист хлеб,63,0
кошка рабочий лист,62,0
рабочие листы пропорция,62,0
рабочий лист вов,62,0
рабочие листы ягоды,61,0
рабочий лист архитектура,61,0
рифма рабочий лист,60,0
дошкольное рабочие листы,60,0
недостатки рабочих листов,60,0
рабочие листы abc,59,0
муравьи рабочий лист,58,0
рабочий лист биосфера,57,0
параметры рабочего листа,57,0
рабочий лист 47,56,0
рабочий лист потребление,55,0
рабочий лист котенок,54,0
биосфера рабочий лист,54,0
6002210 рабочий лист,53,0
маршак рабочий лист,52,0
рабочий лист маршак,52,0
рабочий лист экскурсии,50,0
рабочий лист астафьев,50,0
рабочий лист це,50,0
мораль рабочий лист,49,0
лист рабочего стандарта,49,0
растениеводство рабочий лист,49,0
железо рабочий лист,49,0
рабочие листы рождество,49,0
япония рабочий лист,48,0
автокад рабочие листы,48,0
рабочий лист растениеводство,48,0
статусы рабочего листа,48,0
perfect рабочие листы,47,0
сбор рабочих листов,46,0
оценочный лист рабочего,46,0
методика рабочего листа,45,0
методика рабочих листов,45,0
редактирование рабочего листа,45,0
редактирование рабочих листов,45,0
рабочий лист автокад,44,0
рабочие листы нод,43,0
рабочие листы ккт,42,0
рабочий лист ккт,42,0
рабочий лист возрождение,42,0
рабочий лист 95,42,0
игровой рабочий лист,42,0
автокад лист рабочая,41,0
папа рабочий лист,40,0
рабочий лист папа,40,0
рабочего лист юриста,40,0
рабочий лист созвездия,40,0
500 рабочих листов,39,0
стандартные рабочие листы,39,0
рабочие листы деревня,39,0
еда рабочие листы,38,0
аннулирование рабочего листа,38,0
рабочий лист преступление,38,0
скрыть рабочий лист,37,0
ярлычок рабочего листа,37,0
рабочий лист лебедушка,36,0
еда рабочий лист,36,0
удаления рабочего листа,36,0
рабочий лист реклама,35,0
рабочий лист программирование,35,0
специальность рабочего листа,35,0
рабочий лист евразия,34,0
рабочий ip лист,34,0
рабочие ip листы,34,0
евразия рабочий лист,34,0
мышцы рабочий лист,33,0
рабочий лист снежинка,33,0
электричество рабочий лист,33,0
лист аттестации рабочего,33,0
алюминий рабочий лист,32,0
лист адаптации рабочего,32,0
рабочий лист маяковский,31,0
ip листы рабочие,31,0
рабочие листы доклад,30,0
рабочий лист мхи,30,0
рабочий лист снежинки,30,0
рабочий лист менеджера,30,0
совесть рабочий лист,30,0
google рабочие листы,30,0
perfect рабочий лист,30,0
саша рабочий лист,28,0
рабочий лист монополия,28,0
рабочие листы бабочка,28,0
рабочий лист бухгалтера,28,0
рабочий ип лист,27,0
рабочий лист christmas,27,0
рабочий лист чебурашка,27,0
понедельник рабочий лист,27,0
лист рабочих прокси,27,0
коре рабочий лист,26,0
рабочий лист мишка,26,0
рабочие листья винограда,26,0
рабочий лист углеводы,26,0
рабочий лист папоротники,26,0
canva рабочие листы,26,0
гугл рабочий лист,25,0
кавказ рабочий лист,25,0
марш рабочий лист,25,0
рабочие листы гугл,25,0
рабочие новогодние листы,25,0
новогодние рабочие листы,25,0
новогодний рабочий лист,25,0
заповеди рабочий лист,23,0
гугл рабочие листы,23,0
дневной рабочий лист,23,0
рабочий лист аннулировать,22,0
рабочий лист симметрия,22,0
рабочий лист m3u,22,0
рабочий m3u лист,22,0
индустриализация рабочий лист,22,0
рабочий лист live,21,0
рабочий лист макроэволюция,21,0
рабочий лист валентность,21,0
группировка рабочих листов,20,0
пчела рабочий лист,20,0
рабочий лист липиды,20,0
глобализация рабочий лист,19,0
рабочий лист администратора,19,0
рабочий лист болото,19,0
рабочие айпи лист,19,0
кожа рабочий лист,19,0
отображение рабочего листа,19,0
бородино рабочий лист,19,0
рабочие листы мебель,18,0
копирование рабочего листа,17,0
копирование рабочих листов,17,0
нидерланды рабочий лист,17,0
рабочий лист снегурочка,17,0
облачный рабочий лист,16,0
рабочий лист ежик,16,0
рабочий лист арктика,16,0
рабочий лист библия,16,0
рабочий лист пресмыкающиеся,16,0
липиды рабочий лист,16,0
food рабочий лист,15,0
рабочий лист мышцы,15,0
рабочий лист покрытосеменные,15,0
рабочий лист печи,15,0
рабочий лист принтера,15,0
рабочий лист хвоинки,15,0
archicad рабочий лист,14,0
archicad рабочие листы,14,0
поволжье рабочий лист,14,0
завод листа рабочие,14,0
рабочие листы зоопарк,14,0
рабочий лист арены,14,0
рабочий лист 92,14,0
рабочий лист продавца,14,0
рабочий лист liveworksheets,14,0
рабочий лист обувь,14,0
лист хронометража рабочего,13,0
витамины рабочий лист,13,0
рабочий лист кадета,13,0
аттестационные рабочие листы,12,0
аттестационный лист рабочего,12,0
улитка рабочий лист,12,0
тайга рабочий лист,12,0
250 рабочих листов,12,0
достоевский рабочий лист,12,0
фосфор рабочий лист,12,0
toys рабочие листы,12,0
рабочие листы ворк,12,0
рабочий лист правоотношения,12,0
рабочий лист лего,12,0
рабочий лист фосфор,12,0
рабочий лист достоевский,12,0
рабочий лист маткад,12,0
рабочий лист самооценки,11,0
рабочий лист сми,11,0
рабочий лист 98,11,0
рабочий лист соцветия,11,0
листы хронометража рабочего,11,0
переименование рабочего листа,11,0
переименования рабочих листов,11,0
world рабочие листы,11,0
horizonte рабочие листы,10,0
лист хор рабочих,10,0
рабочий лист мцыри,10,0
рабочий лист электролиз,10,0
дифференциация звуки в,2690,0
дифференциации звука в,3192,0
дифференциация звуков и,3849,0
звук в дифференциация,3192,0
дифференциации звука с,3746,0
дифференциации звука ш,2779,0
звук и дифференциация,3849,0
звуки с дифференциация,4456,0
звук с дифференциация,3746,0
дифференциации звуков с,4704,0
звук ш дифференциация,2779,0
дифференциация звука и,3849,0
дифференциация звуков в,2690,0
дифференциация звук ж,1118,0
дифференциации звук л,1759,0
звук з дифференциация,1399,0
дифференциация звуков з,1399,0
дифференциация звука на,2096,0
дифференциации звуков л,1826,0
для дифференциации звуков,2154,0
дифференциации звука л,1856,0
дифференциация звук з,1399,0
дифференциация звуки л,1759,0
дифференциации в звуке,2690,0
дифференциация звуку ж,1118,0
слова дифференциация звуков,758,0
материал дифференциация звуков,911,0
дифференциация звук к,932,0
звуковая дифференциация звуков,826,0
дифференциации звука к,932,0
дифференциация звуков по,783,0
дифференциация звуков дошкольники,1024,0
дифференциации звуков к,932,0
дифференциация звуков к,932,0
дифференциация звуков материал,931,0
дифференциация звуков дошкольника,1024,0
звук к дифференциация,986,0
дифференциация звуков слова,785,0
дифференциация к звукам,932,0
звук ж дифференциация,1118,0
дифференциация группы звуков,732,0
дифференциация звуков занятие,581,0
дифференциация звука игры,590,0
игры дифференциация звука,644,0
дифференциацию звуков игры,590,0
дифференциация звуков ль,609,0
дифференциация звуков занятия,581,0
дифференциация звука т,713,0
игры дифференциации звуков,634,0
звук т дифференциация,713,0
развитие дифференциации звуков,604,0
дифференциации звуков речи,724,0
дифференциация звуков т,713,0
дифференциации звуков игры,590,0
дифференциации звука т,713,0
дифференциация звук речи,724,0
занятие дифференциация звуков,581,0
дифференциации звука ц,405,0
картинка дифференциация звуков,452,0
дифференциация звуков картинка,471,0
картинки дифференциации звуков,452,0
звук рь дифференциация,457,0
картинки дифференциацию звуков,452,0
дифференциация звук ч,503,0
дифференциация звук рь,467,0
звук д дифференциация,475,0
дифференциация звука рь,457,0
дифференциация звуков детьми,542,0
ч звук дифференциация,501,0
дифференциацию звуков картинки,452,0
дифференциации звуков картинки,471,0
занятия дифференциация звуков,581,0
звук ц дифференциация,405,0
звук щ дифференциация,353,0
постановка дифференциация звуков,368,0
конспекты дифференциация звуков,378,0
постановка звуков дифференциации,368,0
конспект дифференциация звука,378,0
дифференциация звуков этапы,354,0
дифференциация звуков конспект,378,0
конспект дифференциация звуков,378,0
дифференциация звука конспект,378,0
дифференциация звуков этап,373,0
развитие дифференциации звуки,398,0
дифференциация звуков конспекты,378,0
дифференциация звука этап,354,0
конспект дифференциации звуков,378,0
развитие дифференциации звука,398,0
дифференциация звук щ,353,0
упражнения дифференциация звуков,334,0
фонематическая дифференциация звуков,339,0
этап дифференциация звука,344,0
фонематическое дифференциация звуков,339,0
этапы дифференциации звука,344,0
упражнение дифференциацию звуков,334,0
звук б дифференциация,346,0
этапы дифференциация звуков,344,0
дифференциация звуков б,346,0
этап дифференциации звука,344,0
дифференциация звука щ,353,0
дифференциация звук б,346,0
дифференциация звуков упражнения,335,0
этап дифференциация звуков,344,0
дифференциация звуках щ,353,0
нарушения дифференциации звуков,312,0
стихи дифференциации звуков,249,0
звук буква дифференциация,258,0
дифференциация звуков г,268,0
презентации дифференциация звуков,256,0
дифференциация звука презентация,259,0
дифференциации согласных звуков,252,0
звук г дифференциация,306,0
дифференциации звука это,261,0
дифференциация звука ть,268,0
дифференциация звуков презентации,259,0
дифференциация звука п,310,0
дифференциация звуков ть,268,0
презентации дифференциации звуков,256,0
дифференциация звука г,268,0
нарушение дифференциации звука,312,0
дифференциация звуков стихи,248,0
стихи дифференциация звуков,245,0
дифференциации гласных звуков,229,0
дифференциация звуков ф,228,0
дифференциация звука что,228,0
слуховая дифференциации звуков,227,0
слуховой дифференциации звуков,227,0
цели дифференциации звуков,221,0
дифференциация звука н,218,0
дифференциация звук н,218,0
дифференциация звуков н,218,0
дифференциация звук буква,217,0
дифференциация звуков текст,210,0
дифференциация звуков школьники,201,0
дифференциация звуков что,195,0
дифференциация звуков 3,191,0
цель дифференциации звука,190,0
дифференциация звука сь,188,0
гласные звуки дифференциация,181,0
дифференциация гласных звуков,181,0
дифференциация звуков гласных,181,0
коррекция звуков дифференциация,179,0
скачать дифференциация звуков,177,0
скачать дифференциация звука,177,0
дифференциация звука цель,177,0
дифференциация звуков цели,177,0
скороговорки дифференциация звуков,175,0
дифференциация звуков м,173,0
дифференциация звуков скачать,168,0
дифференциации шипящих звуков,167,0
дифференциация звуков й,167,0
чтение дифференциация звуков,163,0
дифференциации смешиваемых звуков,159,0
дифференциация звуков нищева,157,0
тема дифференциация звуков,153,0
дифференциация звуков дисграфия,152,0
дифференциация звуков c,148,0
нищева дифференциация звуков,145,0
дисграфия дифференциация звуков,141,0
дифференциации свистящих звуков,140,0
дифференциации свистящих звука,140,0
свистящие звуки дифференциация,139,0
дифференциации звука х,137,0
формирование дифференциации звуков,134,0
дифференциации оппозиционных звуков,133,0
дифференциация звуков скороговорки,128,0
задачи дифференциация звуков,126,0
дифференциация звука о,124,0
дифференциация звуков о,124,0
дифференциация звука задачи,121,0
дифференциация звуков задачи,121,0
задачи дифференциации звуков,121,0
последовательность дифференциации звуков,119,0
последовательность дифференциации звука,119,0
последовательность дифференциация звуков,119,0
дифференциация звуков логопед,114,0
дифференциация звуков последовательность,112,0
дифференциации неречевых звуков,106,0
логопед дифференциация звуков,105,0
дифференциация изолированного звука,102,0
дифференциация звука е,102,0
дифференциация звуков е,102,0
дифференциация звуков изолированно,101,0
дифференциация со звуков,100,0
логопедия дифференциация звуков,98,0
дифференциация звуков логопедия,97,0
дифференциация звонких звуков,88,0
дифференциация звуков виды,88,0
карточки дифференциации звуков,87,0
виды дифференциации звуков,74,0
пособия дифференциации звуков,72,0
план дифференциации звуков,71,0
анализ дифференциация звука,68,0
дифференциация разных звуков,66,0
дифференциация звуков план,65,0
дифференциация звуков планы,65,0
дифференциация звуков разных,64,0
процесс дифференциации звуков,64,0
дифференциация звука ы,63,0
дифференциацию звуков проводят,59,0
понятие дифференциация звуков,57,0
дифференциация звуков понятие,53,0
дифференциации сонорных звуков,52,0
дифференциацию звуков диктант,52,0
диктант дифференциации звуков,52,0
зпр дифференциация звуков,49,0
трудности дифференциации звуков,49,0
сонорные звуки дифференциация,48,0
дифференциация звука зь,48,0
дифференциация звуков зь,48,0
дифференциация звуков варианты,46,0
дифференциация звуков онлайн,45,0
звук я дифференциация,45,0
варианты дифференциации звуков,43,0
определение дифференциации звуков,43,0
определение дифференциация звуков,43,0
дифференциация звуков диктант,42,0
особенности дифференциации звуков,42,0
альбом дифференциации звуков,41,0
дифференциация звука определение,41,0
дифференциация звуков определение,41,0
дифференциация звуков распечатать,41,0
дифференциация звуков альбомы,40,0
дифференциация звуков сложных,39,0
дифференциация сложных звуков,39,0
дифференциация звуков купить,39,0
азова дифференциация звуков,39,0
альбом дифференциация звуков,37,0
дифференциация направления звука,36,0
дифференциация звука то,36,0
направления дифференциации звуков,36,0
дифференциация звука мь,35,0
особенности дифференциация звуков,35,0
дифференциация звуков книги,32,0
урок дифференциация звуков,32,0
книги дифференциация звуков,32,0
дифференциация звуков пример,31,0
дифференциация звука ю,30,0
дифференциация звуков альбом,30,0
кинестетическая дифференциация звуков,29,0
дифференциация звуков приемы,29,0
дифференциация сходных звуков,28,0
егорова дифференциация звуков,26,0
дифференциация звуков егорова,26,0
дифференциация звуков кь,26,0
дифференциация звуков нь,26,0
дифференциация звука кь,26,0
дифференциация звука нь,26,0
дифференциация звуков языка,24,0
дифференциация двух звуков,24,0
доу дифференциация звуков,23,0
дифференциация звуков доу,23,0
методика дифференциации звуков,22,0
методика дифференциация звуков,22,0
методики дифференциации звуков,22,0
раскраска дифференциация звуков,22,0
дифференциация звуков методика,22,0
дифференциация звуков методики,22,0
дифференциация звуков пары,21,0
дифференциация поставленных звуков,20,0
дифференциация звуков под,20,0
дифференциация звуков раскраска,20,0
дифференциация звука раскраски,20,0
дифференциация звуков обязательна,19,0
дифференциация пары звуков,19,0
дифференциация звука дь,19,0
дифференциация звуков видео,19,0
дислалия дифференциация звуков,19,0
дифференциация звуков домики,18,0
дифференциация звуков обследование,18,0
дифференциация звуков стишки,18,0
обследование дифференциация звуков,17,0
дифференциация звуков описание,16,0
символы дифференциации звуков,16,0
дифференциация звука др,15,0
карта дифференциации звуков,15,0
дифференциация звуков спб,14,0
дифференциация звуков видеоурок,13,0
дифференциация звука i,13,0
дифференциация звука э,13,0
дифференциация звуков авторы,13,0
звук э дифференциация,13,0
таблица дифференциации звуков,12,0
таблицы дифференциации звуков,12,0
дифференциация звука пь,12,0
дифференциации звуков сш,12,0
дифференциация звуков бь,12,0
дифференциация звука дт,11,0
комплекс дифференциация звуков,10,0
смирнова дифференциация звуков,10,0
дифференциация звука за,10,0
дифференциация звуков ей,10,0
список дифференциация звуков,10,0
дифференциация звуков порядок,9,0
дифференциация звуков поэтапно,9,0
дифференциация звуков программа,9,0
порядок дифференциация звуков,9,0
инструменты звук дифференциация,9,0
резниченко дифференциация звуков,9,0
дифференциация звуков ша,8,0
дифференциации звуков таблица,8,0
e дифференциация звуков,7,0
дифференциация звуков e,7,0
дифференциация звука фь,7,0
слухопроизносительной дифференциации звуков,7,0
дифференциация заднеязычных звуков,6,0
дифференциация звуков заднеязычных,6,0
дифференциация звуков список,6,0
необходимость дифференциации звуков,6,0
дифференциация звука p,5,0
дифференциация звука хь,5,0
логоритмика дифференциация звуков,5,0
ткаченко дифференциация звуков,5,0
фомичева дифференциация звуков,5,0
методы дифференциации звуков,4,0
дифференциация взрывных звуков,4,0
дифференциации взрывных звуков,4,0
дифференциация звуков дома,4,0
дифференциация звуков методы,4,0
дифференциация звуков начинается,4,0
дифференциация звуков планирование,4,0
дифференциация звука гь,4,0
дифференциация звуков гь,4,0
дифференциация йотированных звуков,4,0
слухопроизносительная дифференциация звуков,4,0
курсовая дифференциация звуков,4,0
актуализация дифференциации звуков,4,0
учебник дифференциация звуков,3,0
дифференциации заднеязычных звуков,3,0
дифференциация автоматизированных звуков,3,0
дифференциация звука o,3,0
дифференциация звуков соколова,3,0
дифференциация звуков богомолова,3,0
дифференциация звуков отзывы,3,0
богомолова дифференциация звуков,3,0
проверка дифференциация звуков,3,0
прописи дифференциация звуков,3,0
причина дифференциации звуков,3,0
соколова дифференциация звуков,3,0
проект дифференциация звуков,2,0
звуки сзц дифференциация,2,0
схемы дифференциация звуков,2,0
схема дифференциации звуков,2,0
пробы дифференциации звуков,2,0
способы дифференциации звуков,2,0
комарова дифференциация звуков,2,0
дифференциации звуков v,2,0
дифференциация звуков проверка,2,0
дифференциация звуков кит,2,0
дифференциация звуков комарова,2,0
дифференциация звука ре,2,0
дифференциация звука кит,2,0
дифференциация звуки k,2,0
дифференциация звуков обложка,2,0
дифференциация звуков вконтакте,2,0
дифференциация звука кт,2,0
дифференциация звука v,2,0
дифференциация трудных звуков,2,0
техника дифференциация звуков,2,0
технологии дифференциации звуков,2,0
технология дифференциации звуков,2,0
дифференциацией звуков с ш,2402,0
дифференциацию звуков с ш,2228,0
дифференциацию звук с ш,2228,0
звук л дифференциация звука,1826,0
дифференциация звуков звука л,1759,0
дифференциацию звука р л,1115,0
дифференциации звуков р л,1073,0
дифференциации звуков л р,1073,0
дифференциацию звуков л р,1073,0
дифференциация звуков с и,1055,0
дифференциация звуков для дошкольников,994,0
дифференциация и автоматизация звук,930,0
автоматизации и дифференциации звуков,898,0
автоматизацию и дифференциацию звуков,898,0
задания для дифференциации звуков,891,0
дифференциацию звуков с з,820,0
дифференциацию звуков з с,820,0
дифференциация звуков и ш,803,0
дифференциация звуков ш и,803,0
речевой материал дифференциации звуков,793,0
дифференциация на звук с,620,0
дифференциация звуков в слове,580,0
дифференциация звука в словах,580,0
звук ж дифференциация ш,577,0
звук ш ж дифференциация,546,0
звук ж ш дифференциация,546,0
дифференциации звука ш ж,546,0
дифференциация звук ж ш,546,0
дифференциация звук ш ж,546,0
дифференциация звуком ш ж,546,0
задания дифференциация звуков с,512,0
дифференциация звуков и л,485,0
дифференциация на звук ш,484,0
дифференциации звуков л в,465,0
дифференциация звуки л в,465,0
звуки л в дифференциация,465,0
дифференциация звука в речи,444,0
дифференциация звуков в речь,444,0
звук с задания дифференциация,440,0
дифференциация звука л ль,434,0
дифференциация звука ль л,434,0
звуки л ль дифференциация,434,0
дифференциация звуков какие звуки,422,0
звук и слово дифференциация,409,0
звук ц дифференциация звука,405,0
дифференциация звуков ш в,404,0
дифференциация звуков ш задания,403,0
задания дифференциация звука ш,403,0
дифференциации звуков р рь,395,0
игра на дифференциацию звука,389,0
игры на дифференциация звуков,389,0
звук д т дифференциация,386,0
игры на дифференциации звуков,353,0
игра на дифференциация звуков,353,0
игр на дифференциацию звука,353,0
автоматизация постановка дифференциация звуков,344,0
дифференциация звука в предложениях,329,0
дифференциация звуков в предложении,329,0
автоматизация дифференциация звука в,328,0
материал для дифференциации звуков,322,0
звуки т д дифференциация,320,0
звуки д т дифференциация,320,0
дифференциации звуков д т,320,0
дифференциации звуков т д,320,0
дифференциация звуки т д,320,0
дифференциации звуков к т,301,0
дифференциация звуков конспект занятия,295,0
дифференциация звуков конспекты занятий,295,0
конспект занятий дифференциация звуков,295,0
конспекты занятий дифференциация звуков,295,0
конспект занятия дифференциация звуков,295,0
дифференциации звуков ц с,276,0
дифференциация звука р в,275,0
дифференциации звуков у детей,274,0
дифференциация для звука л,272,0
работа по дифференциация звуков,265,0
дифференциация звук п б,265,0
звуки с ц дифференциация,261,0
звуки ц с дифференциация,261,0
дифференциации звуков с ц,261,0
дифференциация звуки с ц,261,0
работы по дифференциации звуков,242,0
дифференциация звуков у детей,235,0
дифференциация звуков з задания,234,0
развитие речи дифференциация звуков,224,0
дифференциации звуков к г,224,0
дифференциация звуков старшая группа,223,0
занятие по дифференциации звуков,220,0
занятие по дифференциация звуков,220,0
занятия по дифференциации звуков,220,0
постановка и дифференциация звуков,215,0
дифференциация звуков для детей,208,0
дифференциация звука с занятием,203,0
дифференциация звука с занятие,203,0
занятие дифференциация звука с,203,0
дифференциация звуков с словах,200,0
автоматизация дифференциация звуков с,199,0
слова с дифференциацией звуков,199,0
звуки г к дифференциация,196,0
звуки к г дифференциация,196,0
звук к г дифференциация,196,0
дифференциации звуков г к,196,0
дифференциацию звука к г,196,0
дифференциацию звуков г к,196,0
дифференциация звука т и,196,0
дифференциация звуки г к,196,0
дифференциация на звук л,195,0
дифференциация звука в слогах,193,0
дифференциации звуков в слогах,191,0
нарушение дифференциации звуков речи,186,0
дифференциация звука с ж,184,0
нарушения дифференциации звуков речи,179,0
логопедическое занятие дифференциации звуков,179,0
логопедическое занятие дифференциация звука,179,0
игры дифференциацию звука с,178,0
дифференциация звука и буквы,178,0
дифференциация звука с игры,178,0
дифференциация звуки и буквы,178,0
дифференциация звуки ч щ,178,0
дифференциацию звуков ч щ,178,0
звуки ч щ дифференциация,178,0
звуки щ ч дифференциация,178,0
дифференциация звуков логопедическое занятие,176,0
дифференциация звуков логопедические занятия,176,0
звук в ф дифференциация,176,0
звуки ч ть дифференциация,174,0
упражнение на дифференциацию звука,165,0
дифференциация звуков с детьми,165,0
дифференциация на звук р,163,0
дифференциация на звуки р,162,0
дифференциация звуков с картинками,160,0
дифференциация звуков с картинки,160,0
картинки дифференциация звуков с,160,0
звуки в ф дифференциация,156,0
дифференциации звуков рь ль,156,0
дифференциация звук в ф,156,0
дифференциация звука в ф,156,0
дифференциация звука ф в,156,0
дифференциация звуки в ф,156,0
дифференциация звука з ш,155,0
дифференциация звука ш з,155,0
звуки рь ль дифференциация,153,0
дифференциации звуков в картинках,153,0
дифференциации звуков ль рь,153,0
дифференциация звука в картинках,153,0
дифференциация звука ль рь,153,0
дифференциация звука рь ль,153,0
дифференциация звуков в произношении,153,0
конспект дифференциации звука с,145,0
конспект звук с дифференциация,145,0
конспекты по дифференциации звуков,140,0
конспект по дифференциации звуков,140,0
конспект по дифференциации звука,140,0
дифференциация звуков ч и,139,0
звук ш щ дифференциация,137,0
дифференциацию звуков ш щ,137,0
звуки р дифференциация задания,136,0
дифференциация звука ш игры,136,0
дифференциация звуков ш игры,136,0
дифференциация звуков c a,135,0
дифференциация звуков a c,135,0
дифференциация звуков этапы работы,135,0
упражнения на дифференциацию звука,134,0
упражнение на дифференциацию звуков,134,0
автоматизация дифференциация звуков ш,133,0
автоматизация звука ш дифференциация,133,0
дифференциация звуков твердые мягкие,133,0
дифференциация твердых мягких звуков,133,0
индивидуальное занятие дифференциация звуков,133,0
игра для дифференциации звука,132,0
этапы работы дифференциация звуков,130,0
этапы работы дифференциации звуков,130,0
презентация дифференциация звука с,129,0
картинки на дифференциация звуков,128,0
группы звуков для дифференциации,127,0
дифференциации звуков ш щ,126,0
дифференциация звуки ш щ,126,0
звуки ш щ дифференциация,126,0
игры для дифференциация звуков,125,0
игры для дифференциации звука,125,0
игры для дифференциации звуков,125,0
игр для дифференциации звуков,125,0
звук ль й дифференциация,124,0
дифференциации звуков й ль,124,0
дифференциация звуков и н,122,0
логопедические игры для,2734,0
логопедическое игры,9274,0
логопедический игры,9274,0
логопедическая игра игры,9274,0
игры логопедический,9231,0
логопедическая игры,9274,0
логопедических игры,9274,0
логопедических игр,9274,0
логопедическая игра детям,1765,0
логопедический игры онлайн,588,0
игра логопедические онлайн,596,0
игра логопедическая речь,940,0
логопедические игра онлайн,588,0
логопедические игры звук,724,0
логопедическая игры онлайн,588,0
игры логопедические детей,1749,0
логопедические игры развитие,822,0
игры на логопедические,1470,0
игры логопедический онлайн,596,0
логопедические игры детям,1765,0
логопедические игры в,1501,0
логопедические игр онлайн,588,0
логопедические игры на,1467,0
логопедические игры детей,1765,0
логопедические онлайн игра,588,0
логопедические игры занятия,367,0
логопедическое занятие игра,367,0
логопедические игры дошкольников,393,0
логопедические занятия игры,367,0
логопедические игры дошкольниками,393,0
логопедическая игра занятие,367,0
скачать логопедическая игры,519,0
логопедические игры дошкольника,393,0
логопедические игра скачать,519,0
логопедическая игра бесплатно,377,0
скачать логопедическую игру,519,0
логопедическая игры скачать,519,0
логопедические занятия игра,367,0
скачать логопедическая игр,519,0
логопедические упражнения игра,569,0
логопедическое занятие игры,367,0
развивающая логопедическая игра,283,0
игры логопедические автоматизация,291,0
игры занятия логопедические,352,0
игры развивающее логопедические,290,0
логопедические игры 4,343,0
развивающими логопедическими играми,283,0
игры логопедических занятиях,352,0
игра логопедические занятия,352,0
занятия логопедические игры,352,0
логопедические игры автоматизация,291,0
5 логопедических игр,356,0
игры логопедические занятия,352,0
игра логопедическая развивающая,290,0
игры логопедических занятий,352,0
логопедический занятия игр,367,0
развивающая логопедические игры,283,0
развивающие логопедические игр,283,0
развивающая игра логопедическая,283,0
логопедическая развивающая игра,283,0
логопедические игры логопеда,273,0
дидактически игры логопедические,269,0
дидактическая игра логопедический,269,0
дидактическая логопедические игры,269,0
логопедические игры логопедов,268,0
логопед логопедические игры,268,0
логопеду логопедические игры,268,0
работы логопедическая игра,267,0
игра логопедической работе,267,0
игры логопедической работе,267,0
логопедическая дидактические игры,267,0
логопедический дидактический игра,267,0
игры пособия логопедические,246,0
пособие логопедические игры,242,0
пособия логопедические игры,242,0
пособия логопедических игр,242,0
логопедические игры пособия,242,0
логопедические игры пособие,242,0
логопедические пособия игры,242,0
речевые игры логопедические,237,0
логопедические игры руками,227,0
логопедические игры речевые,225,0
логопедические речевые игры,214,0
речевые логопедические игры,214,0
цель игры логопедической,195,0
ролевая логопедическая игра,191,0
ролевая игра логопедическая,191,0
логопедическая ролевая игра,191,0
логопедические ролевые игры,191,0
игры логопедические цель,191,0
игры логопедические цели,191,0
логопедическая игра цель,190,0
логопедическая игра цели,190,0
логопедическая игры купить,190,0
логопедические игр купить,190,0
логопедические игры цели,190,0
логопедические игры цель,190,0
логопедический игры купить,190,0
цели логопедических игр,190,0
цель логопедические игры,190,0
цель логопедических игр,190,0
цель логопедической игры,190,0
л логопедические игры,189,0
логопедические игры словами,185,0
логопедические игры слов,185,0
логопедические игры своими,183,0
логопедические игры р,176,0
логопедическая картотека игр,175,0
логопедические игры картотеки,175,0
логопедические картотеки игры,175,0
логопедические игры л,172,0
логопедическая детская игра,165,0
логопедическую игру презентацию,164,0
игра логопедическая презентация,164,0
использование логопедических игр,148,0
логопедический настольные игры,147,0
настольная игры логопедические,147,0
игры логопедические сады,139,0
подготовительные логопедические игры,136,0
логопедическая презентация игры,133,0
логопедические игры карточки,133,0
логопедические игры презентаций,133,0
логопедические карточки игры,133,0
презентация логопедический игра,133,0
презентация логопедических игр,133,0
презентация логопедической игры,133,0
презентации логопедических игр,133,0
презентации логопедической игры,133,0
детская логопедическая игра,133,0
игра детская логопедическая,133,0
карточки логопедические игры,129,0
игра логопедические карточки,128,0
театрализованные логопедические игры,127,0
картинки логопедические игры,125,0
картинки игры логопедические,125,0
игры логопедические картинки,125,0
картинки логопедических игр,125,0
картинка логопедическая игра,125,0
книги логопедические игры,124,0
книга логопедических игр,124,0
логопедическая книга игра,121,0
логопедические игры книги,121,0
логопедическая игра картинки,119,0
логопедические игры картинки,119,0
логопедические игры картинках,119,0
логопедическая игра распечатать,110,0
логопедические игры доу,110,0
логопедические игры распечатай,110,0
распечатай логопедические игры,110,0
логопедические игры родителям,106,0
логопедические игр диалоги,105,0
логопедические игры диалоги,105,0
тетрадь логопедические игры,103,0
пальчиковая игра логопедическая,103,0
логопедическая пальчиковая игра,100,0
музыкально логопедические игры,98,0
музыкальная логопедическая игра,98,0
логопедическая музыкальная игра,98,0
логопедическая игра школа,97,0
логопедические игры школе,97,0
логопедические игры школа,97,0
игры логопедические школа,96,0
какая логопедическая игра,94,0
сюжетные логопедические игры,88,0
буквы логопедическая игра,87,0
логопедическая программа игры,85,0
логопедическая программа игра,85,0
программа логопедические игры,85,0
программы логопедических игр,85,0
логопедические игры виды,74,0
логопедическая игра играть,73,0
логопедические игры играть,73,0
логопедический компьютерная игра,71,0
игрушки логопедические игры,71,0
логопедическая игра фонарик,69,0
логопедические игры гимнастика,69,0
фонарики логопедическая игра,69,0
дошкольные логопедические игры,69,0
игра логопедическая играть,68,0
играть логопедическая игра,68,0
играть логопедические игры,68,0
игры логопедические играть,68,0
обучение логопедические игры,66,0
логопедические квест игры,65,0
логопедические компьютерная игра,65,0
логопедические компьютерные игр,65,0
логопедические компьютерный игры,65,0
логопедический компьютерные игры,65,0
логопедическое компьютерные игры,65,0
логопедическая игра компьютерная,65,0
логопедическая компьютерная игра,65,0
логопедическая компьютерные игра,65,0
логопедическая компьютерные игры,65,0
компьютерная игра логопедическая,62,0
компьютерная логопедическая игра,62,0
компьютерная логопедическая игры,62,0
компьютерная логопедические игры,62,0
компьютерные логопедическая игра,62,0
компьютерные логопедические игр,62,0
компьютерные логопедических игр,62,0
игра логопедическая компьютерная,62,0
компьютерны логопедические игры,62,0
компьютерный логопедические игры,62,0
компьютерный логопедический игры,62,0
логопедические игры школьников,61,0
логопедические игры школьники,61,0
логопедические игры школьника,61,0
игры логопедическая ритмика,60,0
конструктор логопедических игр,60,0
шаблон логопедические игры,60,0
логопедическая ритмика игры,60,0
логопедические игрушки игры,58,0
логопедические игры материал,58,0
100 логопедические игры,58,0
материалы логопедические игры,58,0
игра логопедическая игрушки,57,0
логопедические фонематические игры,57,0
дифференциация логопедические игры,57,0
задачи логопедических игр,55,0
звуковая логопедическая игра,55,0
логопедическая игра задачи,54,0
логопедические игры задачи,54,0
звуковые игры логопедические,53,0
звуковые логопедические игры,53,0
система логопедических игр,52,0
комплекс логопедических игр,52,0
логопедические игры самообразование,52,0
логопедические игры шаблоны,52,0
логопедическая игра дом,51,0
артикуляционные логопедические игры,50,0
контакты логопедические игры,50,0
контакт логопедические игры,50,0
логопедические игры контакте,50,0
логопедические игры контакт,50,0
логопедические игры михайловой,50,0
виды логопедической игры,48,0
индивидуальные логопедические игры,48,0
логопедические игры коммуникативные,47,0
логопедические коммуникативные игры,47,0
логопедические звуковые игры,46,0
найди логопедические игры,45,0
коммуникативные логопедические игры,45,0
логопедическая игра знакомство,45,0
грамматические игры логопедические,44,0
нищева логопедические игры,43,0
логопедические игры малышам,43,0
логопедические игры нищева,43,0
логопедические игры нищевой,43,0
сайты логопедические игры,42,0
сайты логопедических игр,42,0
сайт логопедических игр,42,0
про логопедические игры,42,0
логопедический сайт игры,42,0
логопедические игры сайты,42,0
логопедические сайт игр,42,0
рассказ логопедический игра,42,0
веселая логопедическая игра,41,0
логопедическая игра виды,41,0
логопедические игры дифференциация,41,0
логопедические игры онр,41,0
игры логопедические предлоги,40,0
игры логопедического кабинета,40,0
игры логопедического уголка,40,0
логопедическая артикуляционная игра,40,0
логопедические артикуляционные игры,40,0
логопедические грамматические игры,40,0
логопедические игры грамматические,40,0
логопедические игры лексика,40,0
логопедический уголок игра,40,0
логопедический уголок игры,40,0
грамматические логопедические игры,39,0
логопедические игры постановка,39,0
логопедические домашние игры,38,0
логопедические игры баскакина,38,0
логопедические игры дыхание,38,0
логопедические игры содержание,38,0
игры логопедический сайт,38,0
игры дыхание логопедические,38,0
игра логопедический рассказ,38,0
логопедические игры звукопроизношение,37,0
логопедические игры лето,37,0
логопедические игры летом,37,0
найти логопедические игры,36,0
игры логопедические онр,36,0
логопедической мышление игры,36,0
логопедическая игра прогулка,36,0
игры логопедического воздействия,35,0
логопедические игры т,35,0
основные логопедические игры,34,0
правила логопедической игры,34,0
дерево логопедическая игра,34,0
фрукты логопедическая игра,33,0
логопедические игра тигра,33,0
логопедические игры тигра,33,0
логопедические игры тигры,33,0
логопедические игры это,33,0
логопедическая игра тигры,33,0
комплект логопедических игр,33,0
тигр логопедическая игра,33,0
словесный логопедические игры,32,0
игры тигры логопедические,32,0
игры тигра логопедические,32,0
игры логопедические тигры,32,0
логопедическая видео игра,32,0
логопедическая игра видео,32,0
название игр логопедических,31,0
деревья логопедические игры,31,0
игра логопедические кубики,31,0
слоги логопедические игры,31,0
логопедические слоги игры,31,0
логопедические игры консультация,31,0
логопедические игры слоги,31,0
профессии логопедические игры,30,0
коррекционные логопедические игры,30,0
видео логопедическая игра,30,0
сделать логопедическую игру,30,0
новая логопедическая игра,30,0
игры логопедическое лото,30,0
игры логопедический массаж,30,0
игра логопедический массаж,30,0
логопедическое лото игры,30,0
логопедическая игра д,30,0
логопедическая игра лото,30,0
логопедический массаж игра,30,0
логопедический массаж игры,30,0
набор игр логопедических,29,0
гласные логопедические игры,29,0
логопедические игры гласные,29,0
логопедические кубики игра,29,0
логопедический кубик игра,29,0
нищев логопедические игры,29,0
консультация логопедические игры,28,0
логопедическая сказка игра,28,0
логопедические игры сказка,28,0
логопедические игры сказки,28,0
логопедические сказка игра,28,0
логопедические сказки игры,28,0
план логопедических игр,28,0
конспекты логопедических игр,27,0
конспект логопедических игр,27,0
конспект логопедической игры,27,0
лынская логопедические игры,27,0
логопедические игры конспекты,27,0
логопедические игры конспект,27,0
логопедические игры лынская,27,0
логопедические методические игры,27,0
логопедическая игра домик,27,0
логопедическая игра домики,27,0
логопедическая игра конспект,27,0
логопедическая игра фрукты,27,0
описание логопедических игр,26,0
описание логопедической игры,26,0
методика логопедических игр,26,0
методика логопедической игры,26,0
название логопедических игр,26,0
названия логопедические игры,26,0
названия логопедических игр,26,0
набор логопедических игр,26,0
логопедический набор игр,26,0
логопедические игра профессии,26,0
логопедические игры методика,26,0
логопедические игры описание,26,0
логопедические игры профессии,26,0
логопедические игры тнр,26,0
логопедические коррекционные игры,26,0
логопедическая игра профессии,26,0
игры логопедические сказки,26,0
игра логопедическая профессии,26,0
сделать логопедические игры,25,0
логопедические игры домик,25,0
логопедические игры песочницы,25,0
логопедические игры сделать,25,0
игра логопедический домик,25,0
различные логопедические игры,24,0
лого игры логопедические,24,0
логопедические игры деревья,24,0
логопедические игры животные,24,0
логопедические игры ль,24,0
логопедическая игра дерево,24,0
логопедическая игра деревья,24,0
логопедические распевки игра,24,0
логопедическая распевка игра,24,0
первые логопедические игры,24,0
игры летом логопедические,24,0
игры бродилки логопедические,23,0
предлоги игры логопедические,23,0
бродилки логопедические игры,23,0
логопедические игры зпр,23,0
логопедические игры рь,23,0
серия логопедических игр,22,0
разработки логопедических игр,22,0
разработка логопедических игр,22,0
предлоги логопедические игры,22,0
наглядные логопедические игры,22,0
школьные логопедические игры,22,0
логопедический игры пазлы,22,0
логопедические игры дисграфия,22,0
логопедическая игра пазл,22,0
логопедическая игра пазлы,22,0
логопедические игры наглядные,22,0
логопедические игры пазлы,22,0
логопедические игры предлоги,22,0
логопедическая наглядная игра,22,0
логопедические наглядные игры,22,0
логопедические пазлы игра,22,0
логопедические пазлы игры,22,0
обучающая логопедическая игра,21,0
игра логопедическая логопедия,21,0
аэробол логопедическая игра,21,0
логопедическая игра бродилки,21,0
логопедическое обследование игра,21,0
игра логопедические пазлы,20,0
игра логопедический магазин,20,0
игры пазлы логопедические,20,0
деловая логопедическая игра,20,0
деловые логопедические игры,20,0
логопедическая деловая игра,20,0
логопедические сенсорные игры,20,0
давай логопедические игры,19,0
селиверстова логопедические игры,19,0
игры воскобовича логопедические,19,0
игры дубль логопедические,19,0
применение логопедических игр,19,0
дубль логопедические игры,19,0
организация логопедических игр,19,0
логопедия игры логопедические,19,0
логопедия логопедические игры,19,0
логопедическая игра зеркало,19,0
логопедические игры воскобовича,19,0
логопедическая игра слушать,19,0
логопедические игры магазин,19,0
логопедические игры слушать,19,0
логопедические игры языком,19,0
логопедические игры эстафеты,19,0
лучшая логопедическая игра,19,0
c логопедические игры,19,0
c логопедическая игра,19,0
грамматика логопедические игры,18,0
сенсорные логопедические игры,18,0
логопедическая игра аэробол,18,0
логопедические игры практика,18,0
определение логопедическая игра,17,0
алиса логопедические игры,17,0
игра логопедический футбол,17,0
жужжалочка логопедические игры,17,0
логопедическая песенка игра,17,0
логопедические игры грамматика,17,0
логопедическая игра песенка,17,0
селиверстов логопедические игры,16,0
смирнова логопедические игры,16,0
планирование логопедических игр,16,0
логопедическая игра селиверстов,16,0
логопедические игра футбол,16,0
логопедические игры c,16,0
логопедические игры селиверстова,16,0
логопедические игры селиверстов,16,0
логопедические игры смирновой,16,0
логопедические игры собирать,16,0
хорошие логопедические игры,16,0
шипелочка логопедические игры,15,0
пдд логопедические игры,15,0
учебные логопедические игры,15,0
направление логопедических игр,15,0
электронная логопедическая игра,15,0
логопедические игры колокольчик,15,0
логопедические игры компьютере,15,0
логопедические игры компьютер,15,0
логопедические игры коробок,15,0
логопедические игры пдд,15,0
логопедические игры рыбалка,15,0
логопедические интернет игры,15,0
логопедическая игра компьютер,15,0
логопедический сундучок игра,15,0
игра логопедические диски,14,0
интернет игры логопедические,14,0
авторская логопедическая игра,14,0
создать логопедическую игру,14,0
логопедические игры воробьев,14,0
логопедический футбол игра,14,0
логопедическая шкатулка игры,14,0
логопедические математические игры,14,0
телефон логопедическая игра,13,0
символы логопедических игр,13,0
статья логопедические игры,13,0
игра логопедическая кухня,13,0
игра логопедические дорожки,13,0
сборники логопедических игр,13,0
сборник логопедических игр,13,0
логопедические игры дорожки,13,0
логопедические игры рекомендации,13,0
логопедическая игра радуга,13,0
логопедическая игра телефон,13,0
логопедические игры статья,13,0
логопедические игры телефон,13,0
логопедические игры дизартрия,13,0
логопедическое развлечение игра,13,0
ритм логопедическая игра,13,0
радуга игра логопедическая,13,0
игра логопедические лабиринты,12,0
игра логопедические ходилки,12,0
игры лабиринты логопедические,12,0
игра лабиринт логопедическая,12,0
игра поезд логопедическая,12,0
логопедическая игра лабиринт,12,0
логопедическая игра лабиринты,12,0
логопедические игры лабиринт,12,0
логопедические игры лабиринты,12,0
логопедические игры песочная,12,0
лабиринт логопедическая игра,12,0
лабиринт логопедические игры,12,0
подбор логопедических игр,12,0
литература логопедические игры,11,0
логопедические игра приложение,11,0
логопедические игры васильева,11,0
логопедические игры дыхательные,11,0
логопедические игры литература,11,0
логопедические игры логоритмика,11,0
логопедические игры мебель,11,0
логопедические игры машины,11,0
логопедические игры печатные,11,0
логопедические игры приложения,11,0
логопедические игры раскраски,11,0
логопедические игры рыбы,11,0
логопедические игры устно,11,0
логопедические игры шариками,11,0
логопедические игры шарики,11,0
логопедический цветок игра,11,0
логопедическая электронная игра,11,0
логопедическая игра поезд,11,0
логопедическая игра рыбы,11,0
логопедическая игра раскраска,11,0
логопедические раскраски игры,11,0
печатные логопедические игры,11,0
альбом логопедических игр,11,0
пример логопедической игры,11,0
примеры логопедических игры,11,0
игры логопедические пятибратовой,11,0
игры логопедические современные,11,0
игра логопедическая мебель,11,0
авторы логопедических игр,11,0
поезд логопедическая игра,11,0
поезд игра логопедическая,11,0
стол логопедических игр,11,0
мебель логопедические игры,11,0
мебель игры логопедические,11,0
логопедические игры насекомые,10,0
логопедические игры тигренок,10,0
логопедические игры цвета,10,0
логопедическая игра насекомые,10,0
логопедическая игра шарики,10,0
логопедическая игра цвета,10,0
логопедические игры автор,10,0
логопедические игры авторы,10,0
логопедические игры крупенчук,10,0
пятибратова логопедические игры,10,0
насекомые логопедическая игра,10,0
насекомые логопедические игры,10,0
рыбы логопедические игры,10,0
игры логопедического характера,10,0
васильева логопедические игры,10,0
фетр логопедические игры,10,0
дыхательные логопедические игры,10,0
математические логопедические игры,10,0
крупенчук логопедические игры,10,0
современные логопедические игры,10,0
логопедическая игра мебель,9,0
логопедическая игра одежда,9,0
логопедическая игра птицы,9,0
логопедическая игра пчелки,9,0
логопедические игры самомассаж,9,0
логопедические идеи игры,9,0
логопедические игры заикание,9,0
логопедические игры зуевой,9,0
логопедические игры комаровой,9,0
логопедические игры одежда,9,0
одежда логопедические игры,9,0
компоненты логопедической игры,9,0
идеи логопедических игр,9,0
игры логопедические образца,9,0
игры логопедические одежда,9,0
игры логопедические образцы,9,0
игра логопедическая одежда,9,0
полезные логопедические игры,9,0
картины логопедических игр,9,0
зима логопедические игры,8,0
логопедическая игра песня,8,0
логопедическая игра птица,8,0
логопедические зимние игры,8,0
логопедические игры зимние,8,0
логопедические игры лебедева,8,0
логопедические игры овчинников,8,0
логопедические игры песни,8,0
логопедические игры понимание,8,0
логопедические игры птицы,8,0
логопедические игры хомякова,8,0
логопедическая игра бабочка,8,0
логопедическая игра дорога,8,0
отзыв логопедическую игру,8,0
улитки логопедическая игра,8,0
психолог логопедическое игра,8,0
игры логопедические зима,8,0
игра логопедические улитки,8,0
игротека логопедических игр,8,0
лебедева логопедические игры,8,0
васильев логопедические игры,8,0
лягушка логопедическая игра,7,0
логопедические игра шипящие,7,0
логопедические игры алфавит,7,0
логопедические игры весна,7,0
логопедическая игра алфавит,7,0
логопедическая игра лягушка,7,0
логопедическая игра машинка,7,0
логопедическая игра машинки,7,0
логопедические игры классификация,7,0
логопедическая игра паровозик,7,0
логопедическая игра паровозики,7,0
логопедические игры лед,7,0
логопедическая игра друзья,7,0
логопедическая игра фото,7,0
логопедическая игра цветы,7,0
логопедическая игра цветок,7,0
логопедическая игра часы,7,0
логопедические игры обзор,7,0
логопедические игры свистящие,7,0
логопедические игры соколова,7,0
логопедические игры технологии,7,0
логопедические игры цветок,7,0
логопедические игры шипящих,7,0
логопедические игры шипящие,7,0
логопедические игры щ,7,0
логопедические игры язычок,7,0
логопедическая технология игра,7,0
технологии логопедических игр,7,0
классификация логопедической игры,7,0
игры логопедическая азбука,7,0
игры логопедические весна,7,0
игра логопедическая азбука,7,0
игра логопедическая паровозик,7,0
игра логопедические пары,7,0
игра логопедический куб,7,0
игра логопедический цветок,7,0
игра паровозик логопедическая,7,0
игра алфавит логопедическая,7,0
весна логопедические игры,7,0
фото логопедических игр,7,0
логопедические лего игры,6,0
логопедические игры powerpoint,6,0
логопедическая игра наоборот,6,0
логопедическая игра подарки,6,0
логопедические игры головоломки,6,0
логопедическая игра теней,6,0
логопедическая игры путешествие,6,0
логопедические игры зимой,6,0
логопедические игры жуковой,6,0
логопедические игры зима,6,0
логопедические творческие игры,6,0
логопедические игры путешествия,6,0
логопедические игры список,6,0
логопедические игры спорт,6,0
цоколочка логопедические игры,6,0
творческие логопедические игры,6,0
курсы логопедические игры,6,0
жукова логопедические игры,6,0
валдберис логопедические игры,6,0
игра логопедическая часы,6,0
игра логопедические часы,6,0
игра логопедическая кукла,6,0
список логопедические игры,6,0
список логопедических игр,6,0
речедвигательные логопедические игры,6,0
маша логопедические игры,5,0
зимние логопедические игры,5,0
зимние игры логопедические,5,0
логопедическая игра глаголы,5,0
логопедическая игра капельки,5,0
логопедическая игра колобок,5,0
логопед задание,6328,0
задания логопедов,6237,0
задания с логопедам,919,0
задание логопеда детям,946,0
задания от логопедов,1143,0
логопед задание с,932,0
логопед задания детям,967,0
задания с логопедом,919,0
звука задание логопеда,1171,0
с задание логопеда,1006,0
задание от логопедов,1143,0
логопед задание детям,967,0
задание на логопеда,1279,0
задание по логопеду,1149,0
задания с логопедами,919,0
задание от логопеда,1143,0
задания на логопеда,1316,0
задание с логопедом,919,0
логопед задание 1,269,0
задания логопеда воспитателю,466,0
логопед задания воспитателям,481,0
задание логопеда воспитателю,466,0
задания логопеда родителям,474,0
задание учителя логопеда,269,0
логопед дошкольник задания,652,0
задания родителям логопеда,474,0
логопед задания родителям,491,0
задание логопеда родителям,474,0
задания логопеда дошкольники,652,0
дошкольник логопед задания,639,0
задание логопеда воспитателям,466,0
логопед задания воспитателю,481,0
задания по логопеду,910,0
задания логопеда школьникам,245,0
скачать задания логопеда,143,0
л задания логопеда,167,0
задания логопеда р,197,0
задания логопеда л,167,0
задания логопеда дом,181,0
школа задание логопеда,144,0
логопед тетрадь задание,211,0
буквы задания логопеда,190,0
лексические задания логопеда,209,0
школа задания логопеда,168,0
тетрадь задания логопеда,211,0
тетрадь заданий логопеда,211,0
логопед дом задание,147,0
логопед задание р,204,0
задания учителя логопеда,237,0
скачать задание логопеда,143,0
лето задания логопед,83,0
задания логопеда ответы,99,0
выполнение заданий логопеда,138,0
задания логопеда картинка,97,0
задания выполнять логопед,129,0
животные задания логопеда,85,0
дом задание логопед,141,0
задания к логопеду,132,0
дом задания логопеда,141,0
речевые задания логопеда,100,0
задание логопеда дома,141,0
дом задания логопедов,141,0
осень задание логопеда,96,0
дом задания логопед,141,0
логопед задания скачать,143,0
логопед онр задание,82,0
задания логопеда дефектолога,66,0
задание логопеда грамота,69,0
задание логопеда дефектолога,66,0
логопед грамматические задания,68,0
логопеда дефектолога задание,73,0
задания фрукты логопед,69,0
логопед еженедельные задания,70,0
игры задания логопеда,74,0
задание логопеда звукопроизношение,72,0
диагностические задания логопеда,63,0
логопед фрукты задания,69,0
задание овощи логопед,80,0
задание рекомендация логопеда,54,0
птицы задания логопеда,43,0
задания карточки логопеда,43,0
логопед интересные задания,46,0
задания логопеда птицы,43,0
задание логопеда грамматика,45,0
карточки задания логопеда,43,0
логопед овощи задание,52,0
предложение задания логопеда,51,0
грамматика задания логопеда,44,0
овощи задания логопеда,52,0
овощи логопед задания,52,0
птицы задание логопеда,43,0
задание логопеда семья,48,0
овощи задания логопед,52,0
логопед распечатки заданий,43,0
логопед инструкция задания,36,0
задания логопеда профессии,38,0
игрушки задание логопеда,39,0
школьный логопед задания,38,0
профессии задания логопеда,38,0
задание профессии логопед,37,0
практические задания логопеда,42,0
профессии логопед задание,38,0
фрукты задание логопеда,42,0
задание логопеда профессии,38,0
задание логопеда фрукты,42,0
фрукты задания логопед,42,0
профессии задание логопеда,38,0
фрукты логопед задания,42,0
карточки заданий логопеда,43,0
развивающие задания логопеда,36,0
ягоды задания логопеда,27,0
деревья задания логопеда,28,0
задание логопеда ягоды,34,0
деревья задание логопеда,28,0
задание логопеда деревья,28,0
задание логопед грибы,27,0
письменные задания логопеда,34,0
вечерние задания логопеда,30,0
задания логопед ягоды,34,0
деревья логопед задание,28,0
логопед задания профессии,35,0
ягоды логопед задание,34,0
задание логопеда грибы,27,0
человек логопед задания,34,0
развивающие задания логопед,36,0
ягоды задание логопеда,27,0
логопед задание листья,22,0
город задания логопеда,23,0
сказки задания логопеда,23,0
зима логопед задание,23,0
задания логопед зима,23,0
зима задания логопеда,23,0
город задание логопеда,25,0
задание логопеда зима,23,0
сайт логопеда задания,24,0
методические задания логопеда,23,0
летнее задание логопеда,26,0
логопед задания зима,24,0
логопед зима задания,23,0
задание логопеда город,23,0
задание ягоды логопед,26,0
грибы задание логопеда,22,0
задание логопеда транспорт,19,0
задания транспорт логопед,20,0
задание транспорт логопед,20,0
задания логопед транспорт,20,0
задания логопеда онлайн,20,0
задания логопед весна,19,0
глаголы задания логопеда,21,0
уроки логопеда задания,20,0
человек задания логопеда,21,0
насекомые логопед задание,20,0
зимние задания логопеда,21,0
человек задание логопеда,21,0
логопед задание транспорт,19,0
семья задание логопеда,21,0
зимние логопед задания,21,0
логопед задания весна,19,0
продукты задание логопеда,17,0
весна логопед задание,19,0
тестовые задания логопед,19,0
задания логопеда транспорт,19,0
задания логопеда весна,19,0
логопед задания онлайн,17,0
транспорт задание логопеда,19,0
весна задание логопеда,19,0
весна задания логопеда,19,0
задание логопед весна,19,0
транспорт задания логопеда,19,0
задание логопеда весна,19,0
слог задания логопеда,18,0
весна логопед задания,19,0
транспорт логопед задания,19,0
логопед задания насекомые,16,0
логопед задание цветы,16,0
книги задания логопеда,16,0
логопед используемые задания,16,0
задания логопеда насекомые,16,0
задание насекомые логопед,16,0
насекомые задания логопеда,16,0
задания логопед чтение,16,0
задания цветок логопеда,16,0
продукты задания логопеда,15,0
задание логопеда чтение,15,0
словообразование задание логопеда,14,0
словообразование задания логопеда,14,0
цветы задание логопеда,13,0
цветы задания логопеда,13,0
одежда задание логопеда,13,0
одежда задания логопеда,13,0
игровые задания логопеда,13,0
логопед задания одежда,13,0
лес задания логопеда,13,0
одежда логопед задание,12,0
пдд задание логопеда,12,0
логопед задание одежда,12,0
мебель логопед задания,12,0
мебель задание логопеда,12,0
мебель задания логопеда,12,0
задания логопеда цветы,12,0
задание логопед одежда,12,0
задание логопеда пдд,12,0
инструменты логопед задания,12,0
задания логопеда пушкин,11,0
задания мебель логопед,11,0
задание логопеда мебель,11,0
задания мебель логопеду,11,0
задания логопеда спорт,11,0
логопед задания домой,10,0
рыбы задание логопеда,10,0
рыбы задания логопеда,10,0
задание логопед вк,10,0
задание логопеда рыбы,10,0
хлеб задания логопеда,9,0
хлеб логопед задание,9,0
техническое задание логопеда,9,0
уголок заданий логопеда,9,0
инструменты задания логопеда,9,0
задания логопеда инструменты,9,0
задание логопеда инструменты,9,0
логические задания логопеда,8,0
логопед задание 25,8,0
логопед логические задания,8,0
задание логопеда хлеб,8,0
обувь задание логопеда,7,0
обувь задания логопеда,7,0
обувь логопед задания,7,0
дружба задания логопеда,7,0
задание логопеда обувь,7,0
фронтальные задания логопеда,6,0
россия задания логопеда,6,0
задание логопеда видео,6,0
задание логопеда петербург,6,0
задания логопеда литература,6,0
задания логопеда фото,6,0
посуда логопед задание,5,0
посуда логопед задания,5,0
посуда задание логопеда,5,0
посуда задания логопеда,5,0
логопед задание посуда,5,0
логопед задания видео,5,0
логопед задания космос,5,0
космос задание логопеда,5,0
космос логопед задание,5,0
космос задания логопеда,5,0
видео задания логопеда,5,0
задание логопеда посуда,5,0
задания логопеда космос,5,0
задания логопеда посуда,5,0
задания логопед посуда,5,0
задание космос логопед,5,0
задания логопеда почта,5,0
задание посуда логопед,5,0
задание логопеда космос,5,0
почта задания логопеда,4,0
дидактические задания логопеда,4,0
логопед задания армия,4,0
фронтальное задание логопеда,4,0
задание логопеда почта,4,0
задание логопеда местоимения,4,0
штриховка задание логопеда,4,0
первоцветы задания логопед,3,0
первоцветы задание логопеда,3,0
логопед ателье задания,3,0
ателье задания логопеда,3,0
наглядные задания логопеда,3,0
графические задания логопеда,3,0
задания логопеда дистанционно,3,0
ударение задания логопеда,3,0
ударение задание логопеда,3,0
умные задания логопеда,3,0
сложные задания логопеда,2,0
зоопарк задание логопеда,2,0
здоровье задание логопеда,2,0
банк заданий логопеда,2,0
аутизм логопед задания,2,0
эмоции задания логопеда,2,0
невыполнение заданий логопеда,2,0
фонетика задания логопед,2,0
задание логопеда гармошка,2,0
задание логопеда пословицы,2,0
задание логопеда для детей,680,0
логопед для детей задания,596,0
логопед задания для детей,596,0
логопед задание для дошкольников,589,0
задание детям для логопеда,579,0
задания для детей логопеду,579,0
задания для детей логопед,579,0
задания логопед для детей,579,0
логопед для дошкольников задания,575,0
задания для дошкольников логопед,575,0
задания логопеда для дошкольников,497,0
задание для дошкольников логопед,497,0
задание логопеда для дошкольников,497,0
задания для дошкольников логопеда,497,0
логопед задания для дошкольников,495,0
логопед задания на звуки,463,0
задания логопеда по темам,306,0
задания логопеда для родителей,265,0
задание логопеда для родителей,265,0
задания для родителей логопеда,265,0
задания логопеда средняя группа,251,0
логопед задания средняя группа,251,0
логопед задание 2 класс,233,0
логопед задания 5 лет,232,0
5 лет задания логопед,232,0
задания логопеда воспитателю группы,231,0
задание логопеда 2 класс,221,0
автоматизация звуков задания логопеда,215,0
звук с задание логопеда,206,0
звук с логопед задания,206,0
звуки с задание логопеда,206,0
задание звук с логопед,206,0
задания логопеда лексическим темам,206,0
задания звук с логопед,206,0
звук с задания логопеда,199,0
звук с логопед задание,199,0
звук с задания логопед,199,0
в помощь логопеду задания,199,0
задания в помощь логопеду,199,0
задания логопеда звук с,199,0
логопед звук с задания,198,0
звук в логопед задания,194,0
задание логопеда 1 класс,191,0
звук р задание логопеда,188,0
задание звук р логопед,188,0
задания логопеда звук р,188,0
задания логопеда 2 класс,186,0
логопед задания для воспитателя,182,0
логопед задания для воспитателей,182,0
задания логопеда старшая группа,176,0
задания логопеда для воспитателей,175,0
задания для воспитателей логопеда,175,0
задание логопеда для воспитателей,175,0
задания логопеда для воспитателя,175,0
задание логопеда средняя группа,174,0
звук в задание логопеда,173,0
1 класс логопед задание,172,0
задания логопеда для школьников,164,0
задание звук ш логопед,164,0
задание от логопеда детям,163,0
задания детям от логопеда,163,0
задание логопеда звук р,161,0
задания логопеда звук ш,161,0
звук р задания логопеда,161,0
звук ш задания логопеда,161,0
звук ш задание логопеда,159,0
задания от логопеда воспитателям,157,0
задание воспитателю от логопеда,157,0
задание воспитателям от логопеда,157,0
задания воспитателям от логопеда,157,0
задания логопед 3 класс,145,0
задание логопед 3 класс,145,0
4 класс логопед задания,145,0
логопед 3 класс задания,144,0
логопед задание 3 класс,144,0
задание звук л логопед,141,0
задания звук л логопед,141,0
логопед задание звук л,141,0
звук л задание логопеда,141,0
звук л логопед задания,141,0
задания логопед 4 класс,138,0
логопед задания 4 класс,138,0
тетрадь для заданий логопеда,134,0
занимательные задания для логопеда,132,0
логопед 2 года задания,132,0
звук и задание логопеда,128,0
логопед 4 класс задания,127,0
логопед задания звук л,125,0
логопед звук л задания,125,0
логопед в школе задания,124,0
тетради для заданий логопеда,123,0
развитие речи логопед задания,123,0
детский сад задания логопеда,121,0
логопед развитие речи задания,116,0
логопед задания 3 класс,114,0
задания от логопеда родителям,113,0
звук и задания логопеда,110,0
3 класс логопед задания,110,0
логопед задание в школе,103,0
задания логопеда по звукам,100,0
задания логопеда в доу,99,0
задания логопеда в тетрадь,91,0
задания в тетради логопеда,91,0
задания логопеда в тетради,91,0
задания в тетрадь логопед,91,0
задания для работы логопеда,90,0
логопед задание тема осень,89,0
работа по заданию логопеда,87,0
задания родителям от логопеда,77,0
задание от логопеда родителям,77,0
задания логопеда воспитателю индивидуальные,76,0
логопед задание на дом,75,0
логопед задания на дом,75,0
логопед на дому задания,75,0
задания на дом логопед,74,0
задание на дом логопед,74,0
задание на дом логопеда,74,0
задание логопеда на дом,74,0
занятия с логопедом задания,73,0
занятия по заданию логопеда,73,0
индивидуальные задания логопеда воспитателю,71,0
индивидуальные задания логопеда воспитателям,71,0
задания занятия с логопедом,71,0
логопед еженедельные задания логопеда,70,0
обучение грамоте задания логопеда,70,0
занимательные задания логопеда скачать,67,0
задания логопеда по звукопроизношению,64,0
индивидуальные задания логопеда детям,61,0
тетрадь логопеда с заданиями,58,0
звук з логопед задания,57,0
задание логопеда на лето,56,0
задание на лето логопед,56,0
задание на лето логопеда,56,0
буква в задание логопеда,55,0
занятия для логопеда задания,55,0
логопед задание на лето,54,0
логопед задания на развитие,54,0
логопед задания на лето,54,0
буква в задания логопеда,53,0
звук к задания логопедов,53,0
задание логопеда тема осень,52,0
звук з задания логопеда,52,0
с ш задание логопеда,50,0
тетрадь с заданиями логопеда,50,0
лексико грамматические задания логопеда,49,0
лексико грамматические задания логопед,49,0
задания на к логопед,49,0
выполнение заданий логопеда родителями,46,0
картинки заданий для логопеда,45,0
картинки задания для логопедов,45,0
ребенок выполняет задание логопеда,44,0
звук ж задания логопеда,42,0
логопед 7 класс задания,40,0
буква и логопед задания,36,0
звук ч задание логопеда,36,0
звук ч задания логопеда,36,0
логопед дает задание воспитателю,36,0
задания логопеда воспитателю нищева,33,0
задания логопеда скачать бесплатно,33,0
картинка задания от логопеда,33,0
тема игрушки задания логопеда,32,0
гласные звуки задание логопеда,32,0
звук у задания логопеда,32,0
какие задания дает логопед,31,0
постановка р задания логопеда,31,0
задание логопеда в картинках,30,0
задания логопед слоговая структура,30,0
задание логопеда звук т,30,0
слоговая структура задания логопед,30,0
автоматизация л задания логопеда,30,0
звук а задания логопеда,30,0
звук т задания логопед,30,0
логопед задание в картинках,30,0
логопед задания в картинках,30,0
логопед задания скачать бесплатно,30,0
вечернее задание логопеда воспитателю,28,0
вечерние задания логопеда воспитателю,28,0
вечерние задания логопеда воспитателям,28,0
задание логопеда 5 класс,28,0
практические задания для логопеда,27,0
практические задания для логопедов,27,0
практическое задание для логопедов,27,0
буква и задание логопеда,26,0
буква и задания логопеда,26,0
тема овощи задания логопеда,25,0
задание логопеда тема школа,25,0
задания для логопеда дефектолога,25,0
интересные задания для логопеда,24,0
буква с задания логопеда,24,0
логопед задания буква с,24,0
тема фрукты задания логопеда,23,0
гласные звуки задания логопеда,22,0
задание тема зима логопед,22,0
задание логопеда гласные звуки,22,0
заданий логопеда тема лето,22,0
задание логопеда тема лето,22,0
задания логопеда тема лето,22,0
тема зима задания логопеда,22,0
тема семья задания логопеда,21,0
звук ц задания логопеда,21,0
задание от учителя логопеда,21,0
задания логопеда доу родителям,21,0
задания осень для логопеда,21,0
тетрадь заданий логопеда воспитателю,20,0
тетрадь заданий логопеда воспитателям,20,0
новый год логопед задание,20,0
новый год задания логопеда,20,0
новый год задание логопеда,20,0
задание логопеда новый год,20,0
задания логопеда новый год,20,0
логопед новый год задания,20,0
автоматизация ш задания логопеда,20,0
дикие животные логопед задания,19,0
тема профессии задания логопеда,19,0
звук ль логопед задания,19,0
звук ль задание логопеда,19,0
звук ль задания логопеда,19,0
задание логопеда буква р,19,0
задания логопеда дикие животные,19,0
задания логопеда буква р,19,0
задания буква р логопед,19,0
задания логопед буква р,19,0
задание логопеда мелкая моторика,19,0
задания логопеда по заиканию,19,0
логопед дикие животные задания,19,0
логопед задания буква р,19,0
звук ф задания логопеда,18,0
зачем логопед задает задания,18,0
задания логопеда звук рь,18,0
задания для обследование логопеда,18,0
логопед задания новый год,18,0
дикие животные задание логопеда,17,0
дикие животные задания логопеда,17,0
грибы ягоды задания логопеда,17,0
задание логопеда дикие животные,17,0
задания логопеда на моторику,17,0
задания логопед дикие животные,17,0
буква р логопед задания,17,0
умственная отсталость задания логопеда,16,0
вечерние задания учителя логопеда,16,0
зимующие птицы логопед задания,16,0
карточки задания для логопедов,16,0
карточки задания для логопеда,16,0
задания для альбома логопеда,16,0
логопед задания дикие животные,16,0
логопед зимующие птицы задания,16,0
какие задания задает логопед,16,0
автоматизация р задания логопеда,16,0
продукты питания логопед задания,15,0
тема птицы задания логопеда,15,0
грибы задания от логопеда,15,0
буква д задание логопеда,15,0
буква р задания логопеда,15,0
задание буква д логопед,15,0
задания логопеда по грамматике,15,0
логопед задания по грамматике,15,0
тема весна задания логопеда,14,0
задание логопеда продукты питания,14,0
задание логопеда тема весна,14,0
задания тема весна логопед,14,0
задание логопеда тема семья,14,0
задания логопеда при заикании,14,0
тестовые задания для логопедов,13,0
грамматический строй задания логопеда,13,0
логопед задания продукты питания,13,0
задание логопеда тема грибы,13,0
задание логопеда звук ц,13,0
продукты питания задание логопеда,12,0
продукты питания задания логопеда,12,0
комнатные растения задание логопеда,12,0
комнатные растения задания логопеда,12,0
тетрадь по заданию логопеда,12,0
тема ягоды задания логопеда,12,0
как выполнить задания логопеда,12,0
как выполнять задания логопеда,12,0
грибы ягоды логопед задания,12,0
предмет и задания логопедом,12,0
буква а задание логопеда,12,0
буква а задания логопеда,12,0
задания логопеда зимующие птицы,12,0
задание логопеда тема деревья,12,0
задание логопеда ж ш,12,0
звук щ задания логопеда,12,0
зимующие птицы задания логопеда,12,0
зимующие птицы задание логопеда,12,0
различные задания логопеда детям,12,0
развивающие задания для логопеда,11,0
логопед задания зимние забавы,11,0
моя страна задание логопеда,11,0
овощи фрукты задание логопеда,11,0
овощи фрукты задания логопеда,11,0
перелетные птицы задания логопеда,11,0
перелетные птицы логопед задание,11,0
перелетные птицы логопед задания,11,0
перелетные птицы задание логопеда,11,0
задания логопеда зимние забавы,11,0
задание логопеда перелетные птицы,11,0
задания для логопеда профессии,11,0
задание перелетные птицы логопед,11,0
задание логопеда зимние забавы,11,0
задание овощи фрукты логопед,11,0
зимние забавы задание логопеда,11,0
зимние забавы задания логопеда,11,0
наш город задания логопеда,10,0
практические задания с логопедом,10,0
буква е задание логопеда,10,0
буква е задания логопеда,10,0
буква т задания логопеда,10,0
карточки с заданием логопеда,10,0
звук о задания логопеда,10,0
задания логопеда на карточках,10,0
задание логопеда буква е,10,0
логопед буква ш задания,9,0
профессии задания для логопеда,9,0
скачать задания с логопедами,9,0
скачать задания с логопедам,9,0
буква ш задание логопеда,9,0
буква ш задания логопеда,9,0
задания логопеда буква ш,9,0
задание логопеда наш город,9,0
задание логопеда тема одежда,9,0
задания логопеда наш город,9,0
задание буква ш логопед,9,0
мой город задания логопеда,9,0
карточки с заданиями логопеда,9,0
звук м задание логопеда,9,0
звук н задания логопеда,9,0
защитники отечества задания логопеда,8,0
звук м задания логопеда,8,0
логопед задания на внимание,8,0
логопед день победы задания,8,0
тема деревья задания логопеда,8,0
тема мебель задания логопеда,8,0
тема насекомые задания логопеда,8,0
тема одежда задание логопеда,8,0
тема человек задания логопеда,8,0
фрукты овощи задания логопеда,8,0
наше тело задания логопеда,8,0
головные уборы задания логопеда,8,0
буква ж задания логопеда,8,0
буква ю задание логопеда,8,0
буква ю логопед задание,8,0
буква у задания логопеда,8,0
моторная алалия задания логопеда,8,0
задание логопеда на лексику,8,0
задание на лексику логопед,8,0
задания на внимание логопед,8,0
задание логопеда головные уборы,8,0
задание логопеда тема мебель,8,0
задания на лексику логопед,8,0
задание логопеда моя страна,8,0
нищева еженедельные задания логопеда,7,0
правила выполнения задания логопеда,7,0
правила выполнения заданий логопеда,7,0
музыкальные инструменты задание логопеда,7,0
тема обувь задания логопеда,7,0
тема транспорт задание логопеда,7,0
тема транспорт задания логопеда,7,0
тестовые задания учителя логопеда,7,0
день победы задание логопеда,7,0
детеныши животных задания логопеда,7,0
труд врача задания логопеда,7,0
животные севера задание логопеда,7,0
животные севера логопед задания,7,0
грамматика задания для логопеда,7,0
постановке звука в,7908,0
постановка звукам в,7908,0
постановка звуку в,7908,0
постановка звуков в,7907,0
звуки для постановок,5961,0
для постановки звуков,5961,0
постановка звука для,5937,0
постановка букв звуков,5573,0
постановка звука ударения,5390,0
постановка звука из,5333,0
постановка гласных звука,4885,0
постановка звука гласного,4885,0
постановка гласные звука,4885,0
постановка гласного звука,4885,0
постановка звука гласные,4885,0
постановки гласных звуков,4885,0
звуки с постановка,4646,0
постановка звуку с,4187,0
постановкам звука с,4187,0
постановке звука с,4187,0
постановку звука с,4187,0
постановки звуков с,4186,0
постановка на звуках,3691,0
постановка на звука,3691,0
постановка на звук,3691,0
постановка и звуков,3612,0
логопеда постановка звуков,3321,0
постановка звуку и,3040,0
постановка звука логопед,3002,0
постановка звука логопедом,3002,0
логопед постановка звука,3002,0
звуки ш постановка,2727,0
постановка звуков л,2540,0
постановка звуку л,2540,0
постановка л звуков,2540,0
постановке звука л,2540,0
постановки звука л,2540,0
постановки звуков л,2540,0
постановку звука л,2540,0
постановка звуков ш,2383,0
постановка звуку ш,2383,0
постановкам звука ш,2383,0
постановке звука ш,2383,0
постановку звука ш,2383,0
занятия постановка звука,2052,0
постановка звука ребенку,1971,0
постановка звуков детей,1971,0
постановка звуков детям,1971,0
постановка звуков ребенка,1971,0
по постановке звука,1940,0
поэтапная постановка звуков,1916,0
постановка звука поэтапно,1916,0
постановка звуков поэтапно,1916,0
постановка звуков занятия,1756,0
занятие постановка звуков,1735,0
занятие постановки звука,1733,0
упражнения постановки звука,1711,0
упражнение постановка звука,1711,0
постановка звука упражнения,1711,0
постановка звуков к,1551,0
постановка звуку к,1551,0
постановка к звукам,1551,0
звук у постановка,1538,0
постановка логопедических звуков,1222,0
логопедическая постановка звуков,1222,0
звук 3 постановка,1106,0
артикуляционная постановка звуков,1066,0
постановка звуков задания,1025,0
постановка звука способы,949,0
звук сигнализации постановка,923,0
гимнастика постановка звука,915,0
звуки т постановка,913,0
постановка звука гимнастика,902,0
постановка звуков гимнастика,902,0
звук постановки сигнализации,902,0
постановка звука от,868,0
постановка звука конспект,824,0
постановка звука конспекты,824,0
постановка звуков конспект,824,0
постановка звуку конспект,824,0
способ постановки звуков,811,0
способы постановок звуков,811,0
способов постановки звуков,811,0
конспекты постановка звука,798,0
конспекты постановки звука,798,0
конспекты постановке звуков,798,0
конспекты постановки звук,798,0
конспекты постановки звуков,798,0
конспекты постановок звуков,798,0
конспект постановка звука,798,0
конспект постановка звуков,798,0
конспект постановки звука,798,0
конспект постановки звуков,798,0
постановка звуки т,797,0
постановка звуков т,797,0
постановка звуку т,797,0
постановке звука т,797,0
постановки звука т,797,0
постановка звуках д,790,0
постановка звуку д,790,0
постановки звука д,790,0
постановки звуку д,790,0
постановку звука д,790,0
постановка звуков а,779,0
постановка звуку а,779,0
постановки звука а,779,0
постановка звука a,759,0
звуки д постановка,756,0
постановка звуков год,750,0
постановка звуки г,738,0
звуки ж постановка,695,0
постановка звуков логопедии,694,0
постановки звуков логопедия,694,0
постановка звука речи,675,0
постановка звуков речи,674,0
звуки речи постановка,666,0
постановке звука г,626,0
постановки звука г,626,0
постановка звуку г,626,0
видео постановка звука,598,0
звуки постановка видео,598,0
постановка твердого звука,595,0
постановка звуков ж,593,0
постановка звуку ж,593,0
постановке звука ж,593,0
постановки звука ж,593,0
постановка звука видео,588,0
постановка звуку видео,588,0
индивидуальная постановка звука,587,0
зонд постановки звуков,583,0
зонды постановка звуков,583,0
постановка звука зондами,579,0
постановка звуков зондом,579,0
этап постановка звука,555,0
этап постановки звуков,555,0
этапа постановки звуков,555,0
постановка звука этап,555,0
постановка твердых звуков,543,0
постановка звука твердого,543,0
работа постановка звуков,533,0
о постановке звуков,533,0
постановка произношения звуков,531,0
произношение постановка звуков,531,0
постановка звуку о,526,0
постановка звуку з,507,0
постановке звука з,507,0
постановки звука з,507,0
постановки звуков з,507,0
постановку звука з,507,0
постановка звуков ч,503,0
постановка звуку ч,503,0
постановки звука ч,503,0
постановку звука ч,503,0
варианты постановки звуков,497,0
звук о постановка,497,0
постановка звука дошкольникам,494,0
постановка звуков дошкольникам,494,0
правильное постановка звуков,488,0
правильная постановка звуков,488,0
правильная постановка звука,488,0
постановка звуков ц,477,0
постановка звуку ц,477,0
постановки звука ц,477,0
постановка звука c,475,0
постановка звуку б,449,0
постановке звука б,449,0
постановки звука б,449,0
постановка звуков правила,396,0
постановка звука презентация,380,0
постановка звуков презентация,380,0
презентации постановка звука,380,0
презентации постановке звуков,380,0
презентации постановки звуков,380,0
презентация постановка звука,380,0
презентация постановка звуков,380,0
презентация постановки звуков,380,0
звуки постановка последовательность,377,0
игры постановки звуков,367,0
игры постановка звука,367,0
игры постановка звуков,360,0
постановки шипящих звуков,348,0
постановка звука последовательность,345,0
последовательность постановке звуков,345,0
последовательность постановки звука,345,0
последовательность постановок звуков,345,0
постановка звука игры,340,0
постановка звуков игра,340,0
постановка звуков игры,340,0
постановки звука рь,339,0
постановке звука ль,328,0
постановка звуков рь,321,0
постановка звуку рь,321,0
постановка звука шипящих,315,0
постановка шипящего звука,315,0
постановка шипящий звуков,315,0
постановка шипящие звуки,315,0
шипящие звуки постановка,315,0
шипящие постановка звуков,315,0
постановка звуков ль,303,0
постановка звуку ль,303,0
постановка звука дизартрии,294,0
постановка звуков ф,291,0
постановка звуку ф,291,0
постановки звука ф,291,0
приему постановки звуков,288,0
приемы постановка звуков,288,0
приемы постановки звука,288,0
постановка звуков приемы,288,0
приемы постановка звука,288,0
прием постановки звука,288,0
прием постановки звуков,288,0
дизартрия постановка звука,288,0
неправильная постановка звуков,281,0
постановка звуков щ,278,0
постановка звуку щ,278,0
постановки звука щ,278,0
постановку звука щ,278,0
правила постановки звука,277,0
свистящие постановка звуков,277,0
постановка мягких звуков,276,0
постановка мягкого звука,276,0
постановка звука мягкого,276,0
постановки свистящих звуков,269,0
постановка звука взрослым,261,0
постановка звуков взрослому,261,0
постановка звука механический,240,0
механическая постановка звука,240,0
постановка звука нормы,225,0
картинки постановка звука,218,0
картинки постановка звуку,218,0
картинки постановки звуков,218,0
e постановка звуков,214,0
e постановки звуков,214,0
план постановки звука,213,0
планы постановке звука,213,0
постановка звука план,213,0
постановка звуков план,213,0
постановка звука e,211,0
постановка звуков e,211,0
постановка звука свистящие,210,0
постановка звука картинками,209,0
постановка звука картинка,209,0
постановка звука урок,201,0
урок постановка звука,201,0
урок постановки звука,201,0
урок постановки звуку,201,0
уроки постановки звуков,201,0
уроки постановки звука,201,0
постановка горлового звука,198,0
постановка звука суть,197,0
суть постановки звука,197,0
звуки порядок постановки,192,0
постановка звуков занимает,191,0
постановка звука курсы,190,0
постановка звуков н,188,0
постановка звуку н,188,0
артикуляция звука постановка,184,0
артикуляция звуков постановка,184,0
постановка речевых звуков,183,0
постановка речевого звука,183,0
фонетика постановка звуков,183,0
постановка звуков артикуляция,181,0
постановки звука х,180,0
постановкой звука х,180,0
постановка звуков х,180,0
постановка звуку х,180,0
приму постановки звуков,177,0
постановка звуков порядок,170,0
постановка звуков скачать,170,0
порядок постановка звуков,170,0
порядок постановки звука,170,0
скачать постановка звуков,170,0
постановка звуков онтогенез,164,0
постановка звуков онтогенеза,164,0
постановка звука цели,157,0
постановка звука цель,157,0
постановка звуков цель,157,0
цель постановка звука,157,0
цель постановки звуков,157,0
цели постановки звука,157,0
программы постановки звуков,157,0
постановка звукопроизношения звука,153,0
структура постановки звуков,151,0
структура постановки звука,151,0
постановка звуков программа,147,0
программа постановки звука,147,0
программа постановка звуков,147,0
программы постановка звука,147,0
звук е постановка,146,0
постановка звуку п,144,0
постановки звука ли,140,0
постановка звука ли,140,0
постановка звуков пособие,139,0
постановка звуков таблица,138,0
таблица постановка звуков,138,0
таблица постановка звука,138,0
постановка звуков звукопроизношения,137,0
постановка звука ринолалия,133,0
постановка звуков ринолалии,133,0
ринолалия постановка звука,133,0
постановка звука o,130,0
постановки звука o,130,0
постановку звука o,130,0
после постановки звуков,129,0
тетрадь постановка звуков,126,0
постановка звуков тетрадь,126,0
согласные звуки постановка,125,0
постановки согласных звуков,125,0
определение постановки звуков,124,0
постановка звуков ы,122,0
постановке звука ы,122,0
постановки звука ы,122,0
постановка звуков м,119,0
постановка звуку м,119,0
постановке звука м,119,0
постановки звука м,119,0
постановки звуков м,119,0
постановку звука м,119,0
постановка звуков задачи,117,0
задачи постановки звуков,117,0
задачи постановки звука,115,0
постановка группы звуков,112,0
постановка звуков группами,112,0
постановка опорного звука,111,0
постановка опорных звуков,111,0
постановка звука подражанию,110,0
методики постановка звука,110,0
постановка звука задачи,109,0
постановки звуков архиповой,108,0
время постановки звуков,108,0
постановка звука архипова,106,0
постановка звуков я,104,0
постановка звуку я,104,0
постановка звук е,101,0
постановка звуку е,101,0
постановки звука й,100,0
постановка звуков й,100,0
постановка звуку й,100,0
постановка звука книга,97,0
постановка звуков книги,97,0
книги постановка звуков,96,0
книга постановка звука,96,0
постановка звука определение,94,0
постановка звуков определение,94,0
определение постановка звука,94,0
технологии постановки звуков,93,0
технология постановки звука,93,0
особенности постановки звуков,93,0
голос звук постановка,92,0
методика постановка звуков,89,0
методика постановки звука,89,0
постановка звука методика,89,0
постановка звуков методика,89,0
постановка русских звуков,89,0
постановка звука методы,87,0
методы постановки звука,87,0
метод постановки звука,87,0
метод постановки звуков,87,0
постановка звука онлайн,85,0
постановка звуку онлайн,85,0
постановка звука понятие,84,0
понятие постановка звука,84,0
понятие постановка звуков,84,0
звук сь постановка,84,0
постановка звуков материал,81,0
постановка звуков материалы,80,0
постановка звука схема,79,0
сонорные звуки постановка,78,0
постановка звук сь,78,0
картотеки постановки звуков,76,0
картотека постановок звуков,76,0
картотека постановка звука,76,0
картотека постановки звука,76,0
картотека постановка звуков,76,0
картотека постановки звуков,76,0
постановка звука картотека,75,0
постановка звуков картотека,75,0
постановка изолированного звука,75,0
постановка межзубных звуков,73,0
постановка звуков схемы,72,0
схемы постановки звуков,72,0
схемы постановки звука,72,0
схема постановки звуков,72,0
схема постановки звука,72,0
постановка звука изолированно,69,0
постановка звуков когда,68,0
постановка звуков альбом,67,0
альбом постановка звуков,66,0
альбом постановки звука,66,0
постановка звука дома,66,0
карточки постановки звуков,66,0
постановка звука обучение,65,0
обучение постановке звуков,65,0
комплексы постановки звуков,64,0
быстрая постановка звука,64,0
постановка звуков примеры,64,0
постановка комплекса звуков,63,0
постановка некоторых звуков,63,0
игровая постановка звуков,62,0
постановка звуков система,62,0
планирование постановки звуков,61,0
планирование постановки звука,61,0
купить постановка звуков,61,0
постановка звуков планирование,61,0
постановка звука др,57,0
постановка звука очередность,57,0
описание постановки звуков,56,0
описание постановки звука,56,0
постановка звука виды,56,0
постановка звуков виды,56,0
постановка фонетических звуков,56,0
постановки звуков дошкольный,56,0
постановка звука заднеязычных,55,0
постановка звуков заднеязычные,55,0
постановки заднеязычных звуков,55,0
постановку заднеязычных звуков,55,0
постановка звука шпателем,54,0
английский постановка звуков,53,0
постановка английских звуков,52,0
постановка звука английский,52,0
постановка звуков английский,52,0
постановка звуков английского,52,0
первичная постановка звуков,52,0
постановка звука дислалия,48,0
постановка звука школьнику,48,0
постановка звука школьника,48,0
постановка звуков дислалия,48,0
постановка звуков школьникам,48,0
дислалия постановка звуков,48,0
дислалия постановка звука,48,0
постановка звуков дерево,47,0
видеоуроки постановка звуков,45,0
видеоуроки постановки звуков,45,0
видеоурок постановка звуков,45,0
видеоурок постановки звуков,45,0
постановка звука видеоурок,44,0
постановка звука тр,44,0
волкова звуки постановка,43,0
волкова постановка звуков,43,0
соски постановка звуков,42,0
постановка простых звуков,41,0
процесс постановки звуков,41,0
процесс постановки звука,41,0
очередность постановки звука,40,0
постановки звука ть,40,0
постановка звука волкова,40,0
постановка звуков волкова,40,0
постановка звука мы,39,0
постановка звуков приложение,39,0
поляков постановка звуков,38,0
звук кь постановка,38,0
виды постановка звуков,37,0
постановка кь звук,37,0
постановка звук кь,37,0
постановка звуков кь,37,0
постановка открытых звуков,37,0
постановка звуков скороговорки,36,0
покровская постановка звуков,35,0
болтушка постановка звука,35,0
онр постановка звука,34,0
онр постановка звуков,34,0
постановка звуков занимается,34,0
постановка звуков онр,34,0
постановка звука рау,33,0
постановка звуков рау,33,0
рау постановка звуков,33,0
постановка звука глухим,32,0
постановка звука моторчик,32,0
содержание постановки звуков,32,0
губные звуки постановка,31,0
постановка звука учебник,31,0
постановка губных звуков,31,0
постановка звуков учебники,31,0
постановка звука авторы,30,0
постановка звуков зпр,30,0
срок постановки звуков,27,0
результаты постановки звуков,27,0
постановка звука алгоритм,27,0
постановка звука слабослышащему,27,0
постановка звуков инструкция,27,0
постановка звуков слабослышащим,27,0
постановка звука техника,26,0
постановка звуков авторы,26,0
комарова постановка звука,26,0
техника постановки звуков,26,0
техника постановки звука,26,0
авторы постановка звуков,26,0
постановка отсутствующих звуков,25,0
постановка звуков зондозаменителями,25,0
периоды постановки звуков,25,0
комаров постановка звуков,25,0
трудности постановки звуков,25,0
сроки постановки звуков,25,0
постановка звуков тренажер,24,0
звук ла постановка,24,0
постановка звуков чистоговорки,23,0
постановка звуков i,22,0
постановка звуков самостоятельно,22,0
постановка звуков читать,22,0
постановка звуку i,22,0
постановка звука i,22,0
методичка постановка звуков,21,0
постановка звуков методичка,21,0
последовательная постановка звуков,21,0
смотреть постановка звуков,20,0
постановка звуков смотреть,20,0
постановка боковых звуков,20,0
постановка звук j,20,0
постановка звука ла,20,0
звук э постановка,20,0
интересная постановка звуков,20,0
ла постановка звука,20,0
постановка йотированные звуки,19,0
постановка йотированные звуков,19,0
постановка звуков пожиленко,19,0
постановка звука йотированных,19,0
пожиленко постановка звуков,19,0
пожиленко постановка звука,19,0
йотированные звуки постановка,19,0
алалия постановка звуков,19,0
вебинары постановка звуков,19,0
постановка звуков мультики,18,0
постановка звуков москва,18,0
постановка звуков практика,18,0
постановка звука литература,18,0
практика постановки звуков,18,0
характеристика постановки звуков,18,0
постановка звук э,17,0
постановка звука фото,17,0
постановка звуков сборник,17,0
постановка звуков фото,17,0
постановка звуков э,17,0
сборник постановки звуков,17,0
звук r постановка,17,0
фото постановка звуков,17,0
фото постановка звука,17,0
маршрут постановки звуков,16,0
постановка звуков дефектологом,16,0
секреты постановки звуков,15,0
постановка звуки музыки,15,0
постановка звуков секреты,15,0
звук постановки печать,15,0
результат постановки звуков,15,0
постановка звуков лекции,14,0
постановка звуков филичева,14,0
постановка звука филичева,14,0
постановки звуков филичева,14,0
вебинар постановка звуков,14,0
филичева постановка звуков,14,0
филичева постановки звуков,14,0
филичева постановка звука,14,0
звуки музыки постановка,14,0
постановка звуков ффн,13,0
постановка звука ффн,13,0
постановка звуков руками,13,0
основы постановки звука,13,0
звук мь постановка,13,0
современная постановка звуков,13,0
веселая постановка звуков,13,0
постановка звуков лежа,12,0
постановка звуков новикова,12,0
постановка звуков сайт,12,0
постановка звуков форум,12,0
постановка звука смягчение,12,0
постановки звука пь,12,0
постановке звука пь,12,0
новикова постановка звуков,12,0
тугоухость постановка звуков,12,0
постановка звуков рки,11,0
постановка звуков стишки,11,0
постановка звука нь,11,0
постановка звука стишки,11,0
постановка звука s,11,0
постановка звука дра,11,0
дидактические постановки звуков,11,0
песня звук постановки,10,0
групповая постановка звуков,10,0
постановка звуку k,10,0
постановка звука k,10,0
постановка звука цена,10,0
постановка звука дз,10,0
звуки театральных постановок,10,0
звук театральной постановки,10,0
нетрадиционная постановка звуков,9,0
нетрадиционные постановки звуков,9,0
групповая постановка звука,9,0
постановка небных звуков,9,0
постановка отдельных звуков,9,0
постановка свободного звука,9,0
постановку отдельных звуков,9,0
звук пь постановка,9,0
звук постановки пластинки,9,0
звук постановки блока,8,0
звуки постановка сказки,8,0
постановка звука богомолова,8,0
постановка звука тд,8,0
постановка звуков аутистами,8,0
постановка звуков богомоловой,8,0
постановка звуков кратко,8,0
постановка правильности звуков,8,0
правильность постановки звуков,8,0
богомолова постановка звука,8,0
нь постановка звука,8,0
сказка постановки звука,8,0
аденоиды постановка звуков,8,0
постановка звука дистанционно,7,0
постановка звука дж,7,0
постановка звука ки,7,0
постановка звука кг,7,0
постановка звука соноры,7,0
постановка звуков дистанционно,7,0
постановка звуков жукова,7,0
постановка звуков кг,7,0
постановка звуков ринолаликами,7,0
постановка соноров звуков,7,0
доклад постановка звуков,7,0
признаки постановки звуков,7,0
ускорить постановку звуков,7,0
ускоренные постановки звуков,7,0
лайфхаки постановки звуков,7,0
жукова постановка звуков,7,0
постановка звука коты,6,0
постановка звуков ру,6,0
постановка звуков h,6,0
постановка звуков аудио,6,0
постановка звуков аутистам,6,0
постановка звука t,6,0
постановка звуков дефектология,6,0
постановка звуков дцп,6,0
зона постановки звуков,6,0
дефектология постановка звуков,6,0
аудио постановка звуков,6,0
дцп постановка звуков,6,0
поэтапность постановки звуков,5,0
пошаговая постановка звуков,5,0
постановка звука ий,5,0
постановка звука фомичева,5,0
постановка звука нищева,5,0
постановка звуков ложкой,5,0
постановка звука x,5,0
постановка звуков фомичевой,5,0
постановка звука ка,5,0
постановка звуков грузинова,5,0
постановка ротовых звуков,5,0
постановка щелевых звуков,5,0
h постановка звуков,5,0
звук дь постановка,5,0
прогения постановка звуков,5,0
жуков постановка звуков,5,0
фомичева постановка звука,5,0
фомичев постановка звуков,5,0
фильм звука постановка,5,0
постановка глассных звуков,4,0
постановка звуков объявление,4,0
постановка звуков параллельно,4,0
постановка звуков профили,4,0
постановка звуков ротацизм,4,0
постановка звука шь,4,0
постановка звука q,4,0
постановка звуков алаликов,4,0
постановка звуков g,4,0
постановка звуков алаликам,4,0
постановка звуков гк,4,0
постановка звуков диск,4,0
постановка звуков алаликами,4,0
постановка звука егорова,4,0
постановки звука q,4,0
постепенная постановка звуков,4,0
f постановка звуков,4,0
зондовая постановка звуков,4,0
логоритмика постановка звуков,4,0
сложность постановки звуков,4,0
скорость постановки звуков,4,0
профиля постановки звуков,4,0
профили постановки звуков,4,0
профиль постановки звуков,4,0
профиль постановки звука,4,0
стадии постановки звуков,4,0
стадии постановки звука,4,0
опыт постановки звуков,4,0
очередь постановки звуков,4,0
буклет постановка звуков,4,0
формула постановки звуков,4,0
ротацизм постановка звука,4,0
